article_index,experiment_number,author,year,title,journal,url,searchterms,N_participants_recruited,N_participants_after_filtering,N_participants_per_item,part_profile,part_recruitment,compensation,demographics_reported,language,N_experiments,experiment_num_orig,N_conditions,N_conditions_reported,N_items_per_condition,design_type,between_subj_condition,balanced_items,exp_blocking,randomization,N_trials_per_participant,N_pre-test,N_post-test,multiple_tasks,confidence_design,N_target_items,N_target_items_per_participant,N_fillers,N_items_reported,linguistic_phenomenon,item_construction,item_balance,item_plausibility,contextualization,confidence_stimuli,instructions,rating_terminology,response_scale,response_levels,response_comparison,presentation_modality,task_review,task_timing,delivery_format,task_duration,task_supervision,pilot_testing,confidence,breaks,comprehension,confidence_task,stat_scale,preprocessing,software,statistical_test,bayesian,random_effects,effect_sizes,sig_threshold,mult_comp_correction,power_analysis,autocorr,propensity,other_instr,other_instr_type,confidence_analysis,item_avail,item_repository,data_avail,data_repository,preregistration,prereg_repository,corresp_author,coder_comments,coder_id
"Frisch, Zawaydeh_2001_the_psychological_reality",1,Stefan A. Frisch; Bushra Adnan Zawaydeh,2001.0,The Psychological Reality of OCP-Place in Arabic,Language,https://doi.org/10.1353/lan.2001.0014,acceptability rating; grammaticality rating,30,,,Not Reported,Not Reported,Not Reported,Age; Region; Education; Language background,Jordanian Arabic,1,1,6 + 2 + 3 = 11?,No,Mixed,Within-subjects,,Yes,Intermixed,Fixed,254,0,0,Not Reported,Slightly confident,254,254,Not Reported,Yes,Phonology,Fully Constructed,Frequency,Not Reported,Not Reported,Fairly confident,"The first page of the questionnaire provided instructions to judge each ‘made up verb’ using a
1–7 scale based on how much the verb sounded like a possible verb of Arabic.",naturalness,Ordinal (Likert),7,Isolation,Written,Not Reported,Not Reported,Not Reported,Yes,Not Reported,Not Reported,Not Reported,Not Reported,Not Reported,Fairly confident,Continuous,Not Reported,Not Reported,ANOVA,No,Not Reported,Not Reported,Not Reported,Not Reported,Not Reported,Not Reported,Not Reported,Not Reported,,Fairly confident,Not Reported,,Not Reported,,Not Reported,,sfrisch@umich.edu,"The design is odd, in that it is testing three different questions, each with it's own set of conditions) in one survey. The number of items per condition thus varied. Also the reported number of items in Stimulus set I (160) does not match the description of 20 verbs for each of six conditions (120). ",JG
Shimojo_1997_the_role_of,1,Mitsuaki Shimojo,1997.0,The role of the general category in the maintenance of numeral-classifier systems: the case of tsu and ko in Japanese,Linguistics,https://doi.org/10.1515/ling.1997.35.4.705,acceptability judgment; acceptability rating; grammaticality judgment; grammaticality rating; naturalness judgment; naturalness rating; sentence judgment; syntactic judgment,102,Not Reported,Not Reported,Not Reported,Not Reported,Not Reported,Language background,Japanese,2,1,10?,No,Not Reported,Within-subjects,,Not Reported,Not Reported,Not Reported,Not Reported,0,0,Not Reported,Fairly confident,Not Reported,Not Reported,Not Reported,No,Not Reported,Not Reported,Not Reported,Not Reported,Not Reported,Fairly confident,Not Reported,acceptability,Ordinal (Likert),5,Isolation,Not Reported,Not Reported,Not Reported,Not Reported,Not Reported,Not Reported,Not Reported,Not Reported,Not Reported,Not Reported,Fairly confident,Continuous,Not Reported,Not Reported,Descriptive only,No,Not Reported,Not Reported,Not Reported,Not Reported,Not Reported,Not Reported,Not Reported,Not Reported,,Fairly confident,Not Reported,,Not Reported,,Not Reported,,,,JG
Albright_2002_islands_of_reliability,1,Adam Albright,2002.0,Islands of Reliability for Regular Morphology: Evidence from Italian,Language,https://doi.org/10.1353/lan.2003.0002,acceptability rating; linguistic intuition rating,27,27,27,Not Reported,Not Reported,Paid directly,Region; Education,Not Reported,1,1,4,Yes,44,Within-subjects,,Yes,Intermixed,Fixed,54*5 = 270,0,0,Not Reported,Slightly confident,44*5 = 220,220,10*5 = 50,Yes,Phonology,Fully Constructed,Frequency,Not Reported,Not Reported,Slightly confident,Not Reported,acceptability,Ordinal (Likert),7,Other baseline,Mixed,Not Reported,Not Reported,Not Reported,Not Reported,Not Reported,Not Reported,Not Reported,Not Reported,Not Reported,,Continuous,Not Reported,Not Reported,Other,No,Not Reported,Not Reported,Not Reported,Not Reported,Not Reported,Not Reported,Not Reported,Not Reported,,Fairly confident,Published in article,,Not Reported,,Not Reported,,albright@ling.ucsc.edu,Calculating the number of trials is hard; The task uses a baseline but is not a magnitude estimation task per se,JG
Dąbrowska_1997_the_lad_goes,1,Ewa Dąbrowska,1997.0,The LAD goes to school: a cautionary tale for nativists,Linguistics,https://doi.org/10.1515/ling.1997.35.4.735,acceptability judgement; acceptability judgment; acceptability rating; grammaticality judgement; grammaticality judgment; grammaticality rating; linguistic intuition judgement; linguistic intuition judgment; linguistic intuition rating; magnitude estimation; sentence judgement; sentence judgment; syntactic judgement; syntactic judgment,50,50,50,Mixed,University affiliation,Not Reported,Education; Region,English,1,1,4,Yes,4,Within-subjects,,Not Reported,Not Reported,Not Reported,20,0,0,Not Reported,Fairly confident,20,20,4,Yes,Syntax,Not Reported,Not Reported,Not Reported,Not Reported,Fairly confident,Not Reported,Not Reported,Not Reported,,Isolation,Mixed,Yes,Self-paced,Not Reported,Not Reported,Yes,Yes,Not Reported,Not Reported,Not Reported,,,Not Reported,Not Reported,Not Reported,No,Not Reported,Not Reported,Not Reported,Not Reported,Not Reported,Not Reported,Not Reported,Not Reported,,,Not Reported,,Not Reported,,Not Reported,,,Exclude; Not an AJ task,JG
"Bader, Frazier_2005_interpretation_of_leftwardmoved",1,Markus Bader; Lyn Frazier,2005.0,Interpretation of Leftward-Moved Constituents: Processing Topicalizations in German,Linguistics,https://doi.org/10.1515/ling.2005.43.1.49,acceptability judgment; acceptability rating; grammaticality judgment; grammaticality rating; intuitive judgment; linguistic intuition judgment; linguistic intuition rating; naturalness judgment; naturalness rating; naïve rating; sentence judgment; syntactic judgment,32,32,(32 participants * 16 trials)/64 items = 8?,Not Reported,University affiliation,Not Reported,Not Reported,German,5,1,4,Yes,16,Within-subjects,,Yes,Intermixed,Semi-random,60,0,0,Not Reported,Fairly confident,64,16,44,No,Syntax,Fully Constructed,Not Reported,Not Reported,Not Reported,Fairly confident,"Participants’ task was to read each sentence and rate its difficulty by circling one of the
possible numbers.",difficulty,Ordinal (Likert),5,Isolation,Written,Not Reported,Not Reported,Paper,Not Reported,Yes,Not Reported,Not Reported,Not Reported,Not Reported,Fairly confident,Continuous,Not Reported,Not Reported,ANOVA,No,Not Reported,Not Reported,Not Reported,Not Reported,Not Reported,Not Reported,Not Reported,Not Reported,,Fairly confident,Published in article,,Not Reported,,Not Reported,,bader@em.uni-frankfurt.de,Instructions unclear; used difficulty rating,JG
"Bader, Frazier_2005_interpretation_of_leftwardmoved",2,Markus Bader; Lyn Frazier,2005.0,Interpretation of Leftward-Moved Constituents: Processing Topicalizations in German,Linguistics,https://doi.org/10.1515/ling.2005.43.1.49,acceptability judgment; acceptability rating; grammaticality judgment; grammaticality rating; intuitive judgment; linguistic intuition judgment; linguistic intuition rating; naturalness judgment; naturalness rating; naïve rating; sentence judgment; syntactic judgment,32,32,(24 participants * 24 trials)/144 items = 4?,Not Reported,University affiliation,Not Reported,Not Reported,German,5,2,6,Yes,24,Within-subjects,,Yes,Intermixed,Semi-random,72,0,0,Not Reported,Fairly confident,144,24,48,No,Syntax,Fully Constructed,Not Reported,Not Reported,Not Reported,Fairly confident,"Participants’ task was to read each sentence and rate its difficulty by circling one of the
possible numbers.",difficulty,Ordinal (Likert),5,Isolation,Written,Not Reported,Not Reported,Paper,Not Reported,Yes,Not Reported,Not Reported,Not Reported,Not Reported,Fairly confident,Continuous,Not Reported,Not Reported,ANOVA,No,Not Reported,Not Reported,Not Reported,Not Reported,Not Reported,Not Reported,Not Reported,Not Reported,,Fairly confident,Published in article,,Not Reported,,Not Reported,,bader@em.uni-frankfurt.de,Instructions unclear; used difficulty rating,JG
"Bader, Frazier_2005_interpretation_of_leftwardmoved",3,Markus Bader; Lyn Frazier,2005.0,Interpretation of Leftward-Moved Constituents: Processing Topicalizations in German,Linguistics,https://doi.org/10.1515/ling.2005.43.1.49,acceptability judgment; acceptability rating; grammaticality judgment; grammaticality rating; intuitive judgment; linguistic intuition judgment; linguistic intuition rating; naturalness judgment; naturalness rating; naïve rating; sentence judgment; syntactic judgment,32,32,Not Reported,Not Reported,University affiliation,Not Reported,Not Reported,German,5,3,3,Yes,12,Within-subjects,,Yes,Intermixed,Semi-random,60,0,0,Not Reported,Slightly confident,36,12,48,No,Syntax,Fully Constructed,Not Reported,Not Reported,Not Reported,Fairly confident,"Participants’ task was to read each sentence and rate its difficulty by circling one of the
possible numbers.",difficulty,Ordinal (Likert),5,Isolation,Written,Not Reported,Not Reported,Paper,Not Reported,Yes,Not Reported,Not Reported,Not Reported,Not Reported,Fairly confident,Continuous,Not Reported,Not Reported,ANOVA,No,Not Reported,Not Reported,Not Reported,Not Reported,Not Reported,Not Reported,Not Reported,Not Reported,,Fairly confident,Published in article,,Not Reported,,Not Reported,,bader@em.uni-frankfurt.de,Instructions unclear; Items were included as fillers for Exp 1; Participants per item calculation does not give an even number: (32 participants * 12 trials)/36 items = 10.66,JG
"Mattiello, Dressler_2022_dualism_and_superposition",1,Elisa Mattiello; Wolfgang U. Dressler,2022.0,Dualism and superposition in the analysis of English synthetic compounds ending in -er,Linguistics,https://doi.org/10.1515/ling-2021-0235,acceptability rating,52,52,26,Not Reported,Not Reported,Not Reported,Region,English,1,1,2,Yes,24,Between-subjects,compound vs. derivation,Not Reported,Not Reported,Not Reported,Not Reported,0,0,Not Reported,Fairly confident,48,24,Not Reported,No,Morphology,Not Reported,Not Reported,Yes,Not Reported,Fairly confident,Each group was submitted a series of SCs along with a definition which presupposed either a derivational or a compositional analysis.,Not Reported,Ordinal (Likert),4,Isolation,Written,Not Reported,Not Reported,Not Reported,Not Reported,Not Reported,Not Reported,Not Reported,Not Reported,Not Reported,Fairly confident,Continuous,Not Reported,Not Reported,Descriptive only,No,Not Reported,Not Reported,Not Reported,Not Reported,Not Reported,Not Reported,Not Reported,Not Reported,,Very confident,Not Reported,,Public Repository,https://zenodo.org/records/4606729,Not Reported,,elisa.mattiello@unipi.it,Not strictly an acceptability study; No. of fillers not given,jg
"Bîlbîie, Fuente, Abeillé_2023_factivity_and_complementizer",1,Gabriela Bîlbîie; Israel De La Fuente; Anne Abeillé,2023.0,Factivity and complementizer omission in English embedded gapping,JoLinguistics,https://doi.org/10.1017/S0022226722000445,Likert scale; acceptability judgement; acceptability judgment; grammaticality judgement; grammaticality judgment; grammaticality rating; intuitive judgement; intuitive judgment; linguistic intuition judgement; linguistic intuition judgment; linguistic intuition rating; naïve rating; sentence judgement; sentence judgment; syntactic judgement; syntactic judgment,51,50,51,Not Reported,Not Reported,Not Reported,Gender / Sex; Age,English,3,1,4,Yes,20,Within-subjects,,Yes,Blocks,Not Reported,100,Unspecified,0,Not Reported,Fairly confident,80,80,20,No,Syntax,Fully Constructed,Frequency,Not Reported,Not Reported,Fairly confident," They were instructed to read the sentences carefully and to judge their acceptability by using a Likert scale, from 1 (completely unacceptable) to 7 (completely acceptable).",acceptability,Ordinal (Likert),7,Isolation,Written,No,Not Reported,Computer-based,Not Reported,Not Reported,Not Reported,Not Reported,Not Reported,Yes,Fairly confident,Continuous,Not Reported,R,Mixed-Effects Regression,No,Items; Participant,Not Reported,Not Reported,Not Reported,Not Reported,Not Reported,Not Reported,Not Reported,,Fairly confident,Not Reported,,Not Reported,,Not Reported,,gabriela.bilbiie@lls.unibuc.ro,,JG
"Bîlbîie, Fuente, Abeillé_2023_factivity_and_complementizer",2,Gabriela Bîlbîie; Israel De La Fuente; Anne Abeillé,2023.0,Factivity and complementizer omission in English embedded gapping,JoLinguistics,https://doi.org/10.1017/S0022226722000445,Likert scale; acceptability judgement; acceptability judgment; grammaticality judgement; grammaticality judgment; grammaticality rating; intuitive judgement; intuitive judgment; linguistic intuition judgement; linguistic intuition judgment; linguistic intuition rating; naïve rating; sentence judgement; sentence judgment; syntactic judgement; syntactic judgment,47,47,47,Not Reported,Not Reported,Not Reported,Gender / Sex; Age,Not Reported,3,2,4,Yes,20,Within-subjects,,Yes,Blocks,Not Reported,108,Unspecified,0,Not Reported,Fairly confident,80,80,28,No,Syntax,Fully Constructed,Frequency,Not Reported,Not Reported,Fairly confident," They were instructed to read the sentences carefully and to judge their acceptability by using a Likert scale, from 1 (completely unacceptable) to 7 (completely acceptable).",acceptability,Ordinal (Likert),7,Isolation,Written,No,Not Reported,Computer-based,Not Reported,Not Reported,Not Reported,Not Reported,Not Reported,Yes,Fairly confident,Continuous,Not Reported,R,Mixed-Effects Regression,No,Items; Participant,Not Reported,Not Reported,Not Reported,Not Reported,Not Reported,Not Reported,Not Reported,,Fairly confident,Not Reported,,Not Reported,,Not Reported,,gabriela.bilbiie@lls.unibuc.ro,,JG
"Bîlbîie, Fuente, Abeillé_2023_factivity_and_complementizer",3,Gabriela Bîlbîie; Israel De La Fuente; Anne Abeillé,2023.0,Factivity and complementizer omission in English embedded gapping,JoLinguistics,https://doi.org/10.1017/S0022226722000445,Likert scale; acceptability judgement; acceptability judgment; grammaticality judgement; grammaticality judgment; grammaticality rating; intuitive judgement; intuitive judgment; linguistic intuition judgement; linguistic intuition judgment; linguistic intuition rating; naïve rating; sentence judgement; sentence judgment; syntactic judgement; syntactic judgment,50,50,50,Not Reported,Not Reported,Not Reported,Gender / Sex; Age,Not Reported,3,3,4,Yes,20,Within-subjects,,Yes,Blocks,Not Reported,108,Unspecified,0,Not Reported,Fairly confident,80,80,28,No,Syntax,Fully Constructed,Frequency,Not Reported,Not Reported,Fairly confident," They were instructed to read the sentences carefully and to judge their acceptability by using a Likert scale, from 1 (completely unacceptable) to 7 (completely acceptable).",acceptability,Ordinal (Likert),7,Isolation,Written,No,Not Reported,Computer-based,Not Reported,Not Reported,Not Reported,Not Reported,Not Reported,Yes,Fairly confident,Continuous,Not Reported,R,Mixed-Effects Regression,No,Items; Participant,Not Reported,Not Reported,Not Reported,Not Reported,Not Reported,Not Reported,Not Reported,,Fairly confident,Not Reported,,Not Reported,,Not Reported,,gabriela.bilbiie@lls.unibuc.ro,,JG
Sobin_2002_the_comptrace_effect,1,Nicholas Sobin,2002.0,"The Comp-Trace Effect, the Adverb Effect and Minimal CP",JoLinguistics,http://www.jstor.org/stable/4176763,acceptability judgment; intuitive judgment; naturalness judgment; sentence judgment; syntactic judgment,11,11,11,Students (unspecified),University affiliation,Not Reported,Region,English,2,1,4,No,mixed,Within-subjects,,Not Reported,Not Reported,Random,36,Unspecified,0,Yes,Fairly confident,36,36,0,No,Syntax,Fully Constructed,Not Reported,Not Reported,Not Reported,Fairly confident,"They all were told (in preliminary written instructions which were read with them out loud) that they would judge sentences which might be classed as 'good' -a sentence that the subject might say in the right situation; 'maybe' -a sentence that the subject might not say but might expect to hear someone else say who was not making a mistake; or 'impossible' - a sentence which a native speaker of English would not say this way, even though it might be understandable.",other; plausibility,Ordinal (Likert),3,Isolation,Written,Not Reported,Not Reported,Not Reported,Not Reported,Yes,Not Reported,Not Reported,Not Reported,Not Reported,Fairly confident,Ordinal,Not Reported,Not Reported,Descriptive only,No,Not Reported,Not Reported,Not Reported,Not Reported,Not Reported,Not Reported,Not Reported,Not Reported,,Very confident,Published in article,,Not Reported,,Not Reported,,njsobin@utep.edu,,JG
Sobin_2002_the_comptrace_effect,2,Nicholas Sobin,2002.0,"The Comp-Trace Effect, the Adverb Effect and Minimal CP",JoLinguistics,http://www.jstor.org/stable/4176763,acceptability judgment; intuitive judgment; naturalness judgment; sentence judgment; syntactic judgment,12,12,12,Students (unspecified),University affiliation,Not Reported,Region,English,2,1,4,No,mixed,Within-subjects,,Not Reported,Not Reported,Random,36,Unspecified,0,Yes,Fairly confident,36,36,0,No,Syntax,Fully Constructed,Not Reported,Not Reported,Not Reported,Fairly confident,"A second subgroup, of 12 subjects, gave naturalness judgments on a more discriminating o-5 scale, with o as 'impossible' and 5 as 'good'/perfectly natural",naturalness,Ordinal (Likert),6,Isolation,Written,Not Reported,Not Reported,Not Reported,Not Reported,Yes,Not Reported,Not Reported,Not Reported,Not Reported,Fairly confident,Ordinal,Not Reported,Not Reported,Descriptive only,No,Not Reported,Not Reported,Not Reported,Not Reported,Not Reported,Not Reported,Not Reported,Not Reported,,Very confident,Published in article,,Not Reported,,Not Reported,,njsobin@utep.edu,,JG
Jarrah_2023_passive_vs_unaccusative,1,Marwan Jarrah,2023.0,Passive vs. unaccusative predicates: A phase-based account,NL & LT,https://doi.org/10.1007/s11049-023-09568-3,acceptability judgement; grammaticality judgement; sentence judgement; syntactic judgement,50,50,50,Not Reported,Not Reported,Not Reported,Gender / Sex,Not Reported,1,1,0,No,0,Within-subjects,,Not Reported,Not Reported,Not Reported,"""all sentences used in this article""",0,0,Not Reported,Very confident,"44 sentences  are listed in the study but unclear whether those in ""background"" etc were shown too and some have multiple options",unclear - unclear number of initial items and unclear how many were presented again (second time with larger context),Not Reported,No,Syntax,Not Reported,Not Reported,Not Reported,Yes,Fairly confident,They were asked to provide acceptabiliry judgments,Not Reported,Not Reported,Not reported,Not Reported,Not Reported,Not Reported,Not Reported,Not Reported,Not Reported,Not Reported,Not Reported,Not Reported,Not Reported,Not Reported,Very confident,Other,Not Reported,Not Reported,Not Reported,No,Not Reported,Not Reported,Not Reported,Not Reported,Not Reported,Not Reported,Not Reported,Not Reported,,Very confident,Published in article,,Not Reported,,Not Reported,,m.jarrah@ju.edu.jo,The data were not analysed at all!,DD
"Mucha, Renans, Romoli_2022_sequence_of_tense",1,Anne Mucha; Agata Renans; Jacopo Romoli,2022.0,Sequence of tense and cessation implicatures: evidence from Polish,NL & LT,https://doi.org/10.1007/s11049-022-09545-2,acceptability judgment; ordinal ratings; sentence judgment; syntactic judgment,66,63,,Not Reported,Online platform,Paid directly,Gender / Sex; Age; Education; Language background,English,3,1 and 2,4,Yes,24,Within-subjects,,Not Reported,Not Reported,Not Reported,60,0,0,Not Reported,Fairly confident,96,24,36,Yes,Syntax,Fully Constructed,Not Reported,Not Reported,Yes,Fairly confident,The participants’ task was to judge the accuracy of Ben’s report on a scale from 1 to 7: 7 means that his report is fully accurate and 1 means that his report is totally inaccurate. ,other,Ordinal (Likert),7,Isolation,Written,Not Reported,Not Reported,Computer-based,Yes,Not Reported,Not Reported,Not Reported,Not Reported,Not Reported,Fairly confident,Ordinal,Not Reported,R,Mixed-Effects Regression,No,Participant; Items,Not Reported,Not Reported,Not Reported,Not Reported,Not Reported,Not Reported,Not Reported,,Fairly confident,Published in supplement,,Not Reported,,Not Reported,,annemucha@googlemail.com,In principle I should report the English and Polish experiment (1 & 2) separately but the excluded participants are reported for the two studies together  and the data is analysed together so I have let the studies here as one),DD
"Mucha, Renans, Romoli_2022_sequence_of_tense",3,Anne Mucha; Agata Renans; Jacopo Romoli,2022.0,Sequence of tense and cessation implicatures: evidence from Polish,NL & LT,https://doi.org/10.1007/s11049-022-09545-2,acceptability judgment; ordinal ratings; sentence judgment; syntactic judgment,52,37,,Not Reported,Online platform,Paid directly,Gender / Sex; Age; Education; Language background,Polish,3,3,4,Yes,24,Within-subjects,,Not Reported,Not Reported,Not Reported,60,3,0,Not Reported,Fairly confident,96,24,36,Yes,Syntax,Fully Constructed,Not Reported,Not Reported,Yes,Fairly confident,Their task was to judge to which extent one can deduce the latter from the former on a scale from 1 (“one cannot deduce at all”) – 7 (“with whole certainty one can deduce”). ,other,Ordinal (Likert),7,Other baseline,Written,Not Reported,Not Reported,Computer-based,Yes,Not Reported,Not Reported,Not Reported,Not Reported,Not Reported,Fairly confident,Ordinal,Not Reported,R,Mixed-Effects Regression,No,Participant; Items,Not Reported,Not Reported,Not Reported,Not Reported,Not Reported,Not Reported,Not Reported,,Fairly confident,Published in supplement,,Not Reported,,Not Reported,,annemucha@googlemail.com,,DD
"Hartmann, Heycock_2022_person_effects_in",1,Jutta M. Hartmann; Caroline Heycock,2022.0,Person effects in agreement with Icelandic low nominatives: An experimental investigation,NL & LT,https://doi.org/10.1007/s11049-022-09564-z,acceptability judgment; acceptability rating; grammaticality judgment; grammaticality rating; magnitude estimation; naturalness judgment; naturalness rating; sentence judgment; syntactic judgment; thermometer rating(s),60,59,,Not Reported,Personal network,Other incentive,Language background,Icelandic,2,1,6,Yes,18,Between-subjects,,Not Reported,Blocks,Random,64,0,0,Yes,Fairly confident,54 (18*3),18,46,Yes,Syntax; Morphology,Fully Constructed,Not Reported,Not Reported,Not Reported,Fairly confident,Participants were asked to rate the naturalness of individual examples by providing numerical scores for individual sentences.,naturalness,Continuous,,Magnitude Estimation,Written,Not Reported,Not Reported,Not Reported,Not Reported,Not Reported,Not Reported,Not Reported,Not Reported,Not Reported,Fairly confident,Continuous,Z-score,R,Mixed-Effects Regression,No,Participant; Items,Not Reported,Not Reported,Not Reported,Not Reported,Not Reported,Not Reported,Not Reported,,Fairly confident,Not Reported,,Not Reported,,Not Reported,,caroline.heycock@ed.ac.uk,The reference sentences are included but not the targets/fillers? All I can find is a list with target verbs.,DD
"Hartmann, Heycock_2022_person_effects_in",2,Jutta M. Hartmann; Caroline Heycock,2022.0,Person effects in agreement with Icelandic low nominatives: An experimental investigation,NL & LT,https://doi.org/10.1007/s11049-022-09564-z,acceptability judgment; acceptability rating; grammaticality judgment; grammaticality rating; magnitude estimation; naturalness judgment; naturalness rating; sentence judgment; syntactic judgment; thermometer rating(s),60,59,,Not Reported,Personal network,Other incentive,Language background,Icelandic,2,1,6,Yes,18,Between-subjects,,Not Reported,Blocks,Random,64,0,0,Yes,Fairly confident,54 (18*3),18,46,Yes,Syntax; Morphology,Fully Constructed,Not Reported,Not Reported,Not Reported,Fairly confident,Participants were asked to rate the naturalness of individual examples by providing numerical scores for individual sentences.,naturalness,Continuous,,Magnitude Estimation,Written,Not Reported,Not Reported,Not Reported,Not Reported,Not Reported,Not Reported,Not Reported,Not Reported,Not Reported,Fairly confident,Continuous,Z-score,R,Mixed-Effects Regression,No,Participant; Items,Not Reported,Not Reported,Not Reported,Not Reported,Not Reported,Not Reported,Not Reported,,Fairly confident,Not Reported,,Not Reported,,Not Reported,,caroline.heycock@ed.ac.uk,"The reference sentences are included but not the targets/fillers? All I can find is a list with target verbs.

Note that the filler sentences here are the test sentences for experiment 1, and vice versa. Participants in both experiments are the same, as are details of the task.",DD
Sobin_1997_agreement_default_rules,1,Nicholas Sobin,1997.0,"Agreement, Default Rules, and Grammatical Viruses",Linguistic Inquiry,http://www.jstor.org/stable/4178979,acceptability rating; grammaticality rating; naturalness rating,12,12,12,Linguists (students or otherwise),University affiliation,Not Reported,Language background,English,1,1,36,No,3,Within-subjects,,Not Reported,Intermixed,Random,108,"Some, but not reported how many",0,Not Reported,Not confident at all,108,108,Not Reported,No,Syntax,Not Reported,Not Reported,Not Reported,Not Reported,Not confident at all,"""The informants were first asked to judge the naturalness (not the ""correctness"") of sample pretest items, to acquaint them with the experimental task and to allow them to ask questions about it. They were then asked to make the same naturalness judgments about the items making up the main body of the questionnaire.""",naturalness,Ordinal (Likert),6,Isolation,Written,Not Reported,Not Reported,Not Reported,Not Reported,Yes,Not Reported,Not Reported,Not Reported,Not Reported,Slightly confident,Ordinal,Not Reported,Not Reported,Non-parametric test,No,Not Reported,Not Reported,Not Reported,Not Reported,Not Reported,Not Reported,Not Reported,Not Reported,,Not confident at all,Not Reported,,Not Reported,,Not Reported,,njsobin@ualr.edu,A sample of the items in available in an Appendix in the article.,LR
Matsuo_1999_reciprocity_and_binding,1,Ayumi Matsuo,1999.0,Reciprocity and Binding in Early Child Grammar,Linguistic Inquiry,http://www.jstor.org/stable/4179064,sentence judgment; syntactic judgment,27,27,Not reported,Other non-students,Mixed,Not Reported,Age,English,3,1,2,No,Not reported,Not Reported,,Not Reported,Not Reported,Not Reported,Not reported,0,0,Not Reported,Slightly confident,Not reported,Not reported,Not Reported,No,Syntax,Not Reported,Not Reported,Not Reported,Not Reported,Slightly confident,"""In my experiments children reward the puppet, a dog, with his favorite food (a hot dog) if he says the right thing, but they punish him by giving him an onion if he says the wrong thing.""",other,Dichotomous (Binary),2,Isolation,Audio,Not Reported,Not Reported,Spoken/Signed,Not Reported,Yes,Not Reported,Not Reported,Not Reported,Not Reported,Slightly confident,Dichotomous,Not Reported,Not Reported,ANOVA,No,Not Reported,Not Reported,Not Reported,Not Reported,Not Reported,Not Reported,Not Reported,Not Reported,,Slightly confident,Not Reported,,Not Reported,,Not Reported,,,,LR
Matsuo_1999_reciprocity_and_binding,2,Ayumi Matsuo,1999.0,Reciprocity and Binding in Early Child Grammar,Linguistic Inquiry,http://www.jstor.org/stable/4179064,sentence judgment; syntactic judgment,27,27,Not reported,Other non-students,Mixed,Not Reported,Age,English,3,2,2,No,Not reported,Not Reported,,Not Reported,Not Reported,Not Reported,Not reported,0,0,Not Reported,Slightly confident,Not reported,Not reported,Not Reported,No,Syntax,Not Reported,Not Reported,Not Reported,Not Reported,Slightly confident,"""In my experiments children reward the puppet, a dog, with his favorite food (a hot dog) if he says the right thing, but they punish him by giving him an onion if he says the wrong thing.""",other,Dichotomous (Binary),2,Isolation,Audio,Not Reported,Not Reported,Spoken/Signed,Not Reported,Yes,Not Reported,Not Reported,Not Reported,Not Reported,Slightly confident,Dichotomous,Not Reported,Not Reported,ANOVA,No,Not Reported,Not Reported,Not Reported,Not Reported,Not Reported,Not Reported,Not Reported,Not Reported,,Slightly confident,Not Reported,,Not Reported,,Not Reported,,,,LR
Matsuo_1999_reciprocity_and_binding,3,Ayumi Matsuo,1999.0,Reciprocity and Binding in Early Child Grammar,Linguistic Inquiry,http://www.jstor.org/stable/4179064,sentence judgment; syntactic judgment,27,27,Not reported,Other non-students,Mixed,Not Reported,Age,English,3,3,?,No,Not reported,Not Reported,,Not Reported,Not Reported,Not Reported,Not reported,0,0,Not Reported,Slightly confident,Not reported,Not reported,Not Reported,No,Syntax,Not Reported,Not Reported,Not Reported,Not Reported,Slightly confident,"""In my experiments children reward the puppet, a dog, with his favorite food (a hot dog) if he says the right thing, but they punish him by giving him an onion if he says the wrong thing.""",other,Dichotomous (Binary),2,Isolation,Audio,Not Reported,Not Reported,Spoken/Signed,Not Reported,Yes,Not Reported,Not Reported,Not Reported,Not Reported,Slightly confident,Dichotomous,Not Reported,Not Reported,ANOVA,No,Not Reported,Not Reported,Not Reported,Not Reported,Not Reported,Not Reported,Not Reported,Not Reported,,Slightly confident,Not Reported,,Not Reported,,Not Reported,,,,LR
"Radford, Iwasaki_2015_on_swiping_in",1,Andrew Radford; Eiichi Iwasaki,2015.0,On Swiping in English,NL & LT,http://www.jstor.org/stable/43697782,acceptability judgment; acceptability rating; grammaticality judgment; grammaticality rating; naturalness judgment; naturalness rating; sentence judgment; syntactic judgment,20,20,20,Linguists (students or otherwise),Not Reported,Not Reported,Not Reported,English,1,1,1,No,5,Within-subjects,,Not Reported,Not Reported,Not Reported,5,0,0,Not Reported,Very confident,5,5,Not Reported,No,Syntax,Fully Constructed,Not Reported,Not Reported,Not Reported,Very confident,"Experienced linguists were asked to rate sentences on a 5-point scale consisting of OK, ?, ??, ?* or *",Not Reported,Ordinal (Likert),5,Isolation,Not Reported,Not Reported,Not Reported,Not Reported,Not Reported,Not Reported,Not Reported,Not Reported,Not Reported,Not Reported,Very confident,Other,Not Reported,Not Reported,Other,No,Not Reported,Not Reported,Not Reported,Not Reported,Not Reported,Not Reported,Not Reported,Not Reported,,Very confident,Published in article,,Not Reported,,Not Reported,,,"They calculated percentages of (20) respondents who rated a sentence as ok or ?, which they consider ""relatively acceptable"".

A colleague of theirs included the same sentences in a 7-point Mechanical Turk task and the results appear to be different but are not looked into further in the paper.",DD
Cat_2007_french_dislocation_without,1,Cécile De Cat,2007.0,French Dislocation without Movement,NL & LT,http://www.jstor.org/stable/20532990,acceptability judgement; acceptability rating; naturalness judgement; naturalness rating; sentence judgement; syntactic judgement,32,32,32,Not Reported,Not Reported,Not Reported,Region,"French as spoken in France, Canada, Belgium and Switzerland",1,1,Not reported,No,Not reported,Within-subjects,,Not Reported,Not Reported,Not Reported,Not reported,0,0,Not Reported,Very confident,Not reported,Not reported,Not Reported,No,Syntax,Not Reported,Not Reported,Not Reported,Not Reported,Very confident,"Participants were invited to choose a judgment from a pull-down menu  with 4 options. They were told there was no correct answer and the study aimed to survey the way people really speak.

I could say that sentence
I could say that sentence but in another context
I could never say a sentence like that, but I know that other French speakers could
That sentence is too weird. No French speaker talks like this. 

The first two options were considered to indicate acceptability. ",acceptability,Ordinal (Likert),4,Other baseline,Audio,Not Reported,Not Reported,Not Reported,Not Reported,Not Reported,Not Reported,Not Reported,Not Reported,Not Reported,Fairly confident,Continuous,Not Reported,Not Reported,Other,No,Not Reported,Not Reported,Not Reported,Not Reported,Not Reported,Not Reported,Not Reported,Not Reported,,Very confident,Not Reported,,Not Reported,,Not Reported,,C.DeCat@leeds.ac.uk,The analysis consisted of calculating percentages.,DD
"Tsiakmakis, Borràs-Comes, Espinal_2022_greek_nonnegative_min",1,Evripidis Tsiakmakis; Joan Borràs-Comes; M. Teresa Espinal,2022.0,"Greek non-negative min, epistemic modality, and positive bias",NL & LT,https://doi.org/10.1007/s11049-022-09565-y,acceptability judgement; acceptability rating; linguistic intuition judgement; linguistic intuition rating; naturalness judgement; naturalness rating; sentence judgement; syntactic judgement,63,63,63,Not Reported,Advertisement / Word of mouth,Not Reported,Gender / Sex; Age; Other,Greek,3,1,4,Yes,4,Within-subjects,control items,Not Reported,Not Reported,Not Reported,48,0,0,Not Reported,Fairly confident,16,16,16,Yes,Not Reported,Not Reported,Not Reported,Not Reported,Not Reported,Fairly confident,"In what follows you will be presented with a set of sentences. Every sentence is followed by a scale from 0 to 100. We ask you to use this scale to show how natural, in your opinion, each of these sentences is (0 = totally unnatural, 100 = absolutely natural)",naturalness,Continuous,100,Isolation,Written,Not Reported,Not Reported,Computer-based,Yes,No,Not Reported,Not Reported,Not Reported,Not Reported,Fairly confident,Continuous,Not Reported,Not Reported,Mixed-Effects Regression,No,Items; Other,Not Reported,Not Reported,Not Reported,Not Reported,Not Reported,Not Reported,Not Reported,,Fairly confident,Published in supplement,,Not Reported,,Not Reported,,evripidis.tsiakmakis@uab.cat,"They used mixed effects beta regression

The third experiment is a forced choice task so I have not coded that data.",DD
"Tsiakmakis, Borràs-Comes, Espinal_2022_greek_nonnegative_min",2,Evripidis Tsiakmakis; Joan Borràs-Comes; M. Teresa Espinal,2022.0,"Greek non-negative min, epistemic modality, and positive bias",NL & LT,https://doi.org/10.1007/s11049-022-09565-y,acceptability judgement; acceptability rating; linguistic intuition judgement; linguistic intuition rating; naturalness judgement; naturalness rating; sentence judgement; syntactic judgement,65,65,65,Not Reported,Advertisement / Word of mouth,Not Reported,Gender / Sex; Age; Other,Greek,3,2,4,Yes,5,Within-subjects,control items,Not Reported,Not Reported,Random,40,0,0,Not Reported,Fairly confident,20,20,20,Yes,Semantics,Not Reported,Not Reported,Not Reported,Not Reported,Fairly confident,"In what follows a set of sentences will be presented to you. Every sentence is followed by a scale from 0 to 100. We ask you to use that scale to show how certain the speaker seems to be with respect to the content of each sentence (0 = not certain at all, 100 = absolutely certain).",other,Continuous,100,Isolation,Written,Not Reported,Not Reported,Computer-based,Yes,No,Not Reported,Not Reported,Not Reported,Not Reported,Fairly confident,Continuous,Not Reported,Not Reported,Mixed-Effects Regression,No,Items; Other,Not Reported,Not Reported,Not Reported,Not Reported,Not Reported,Not Reported,Not Reported,,Fairly confident,Published in supplement,,Not Reported,,Not Reported,,evripidis.tsiakmakis@uab.cat,"They used mixed effects beta regression.
I think they may have compared the critical items to the control items, but its a little hazy; same for experiment 1 of the 3.",DD
"Bernstein, Cowart, Mcdaniel_1999_bare_singular_effects",1,Judy B. Bernstein; Wayne Cowart; Dana Mcdaniel,1999.0,Bare Singular Effects in Genitive Constructions,Linguistic Inquiry,http://www.jstor.org/stable/4179075,acceptability rating; grammaticality rating; linguistic intuition rating,94,94,?,Not Reported,Not Reported,Not Reported,Not Reported,Not Reported,6 (but all reported in one section with no information on what the distinction between the experiments was),1,?,No,?,Not Reported,?,Not Reported,Not Reported,Not Reported,?,0,0,Not Reported,Not confident at all,?,?,Not Reported,No,Syntax,Not Reported,Not Reported,Not Reported,Not Reported,Not confident at all,"Not reported, but the introduction talks about ""unacceptability"".",Not Reported,Not Reported,Not reported,Not Reported,Not Reported,Not Reported,Not Reported,Not Reported,Not Reported,Not Reported,Not Reported,Not Reported,Not Reported,Not Reported,Not confident at all,Not Reported,Z-score,Not Reported,Not Reported,No,Not Reported,Not Reported,Not Reported,Not Reported,Not Reported,Not Reported,Not Reported,Not Reported,,Not confident at all,Not Reported,,Not Reported,,Not Reported,,Not reported,"The squib notes that six experiments were conducted, but given that there is hardly any information about what exactly was done and that it is unclear whether this was actually a set of six experiments or rather six between-subjects conditions, I'm only recording one experiment that summarized the little information I can get out of the squib.",LR
Snyder_2000_an_experimental_investigation,1,William Snyder,2000.0,An Experimental Investigation of Syntactic Satiation Effects,Linguistic Inquiry,http://www.jstor.org/stable/4179121,acceptability judgment; acceptability rating; grammaticality judgment; grammaticality rating; sentence judgment; syntactic judgment,22,22,22,Students (non-linguists),Not Reported,Paid directly,Not Reported,English,1,1,7,No,1,Within-subjects,,Yes,Blocks,Semi-random,50,4,4,Not Reported,Slightly confident,50,50,Not Reported,Yes,Syntax,Not Reported,Other,Not Reported,Yes,Slightly confident,judgement whether item is grammatical: yes or no?,grammaticality,Dichotomous (Binary),2,Isolation,Written,No,Not Reported,Paper,Not Reported,Not Reported,Yes,Not Reported,Not Reported,Not Reported,Fairly confident,Dichotomous,Other,Not Reported,ANOVA,No,Not Reported,Not Reported,Not Reported,Not Reported,Not Reported,Not Reported,Not Reported,Not Reported,,Fairly confident,Not Reported,,Not Reported,,Not Reported,,Not reported,ANOVA was used in addition to a non-parametric test (sign test) and t-tests.,LR
Gries_1999_particle_movement_a,1,Stefan T. Gries,1999.0,Particle movement: A cognitive and functional approach,Cognitive Linguistics,https://doi.org/10.1515/cogl.1999.005,acceptability judgement; grammaticality judgement; intuitive judgement; naturalness judgement; sentence judgement; syntactic judgement,16,16,16,Not Reported,Not Reported,Not Reported,Region,English,1,1,Not Reported,No,Not Reported,Within-subjects,,Not Reported,Not Reported,Not Reported,784/16 = 49?,0,0,Not Reported,Slightly confident,Not Reported,Unclear,Not Reported,No,Syntax,Fully Constructed,Length,Not Reported,Not Reported,Slightly confident,a survey was devised in which 16 native speakers of British English were asked to judge several sentences according to their acceptability.,acceptability,Ordinal (Likert),3,Isolation,Not Reported,Not Reported,Not Reported,Not Reported,Not Reported,Not Reported,Not Reported,Not Reported,Not Reported,Not Reported,Fairly confident,Continuous,Not Reported,Not Reported,Not Reported,No,Not Reported,Not Reported,Not Reported,Not Reported,Not Reported,Not Reported,Not Reported,Not Reported,,Fairly confident,Not Reported,,Not Reported,,Not Reported,,stgries@linguistics.ucsb.edu,,JG
Barðdal_2006_constructionspecific_properties_of,1,Jóhanna Barðdal,2006.0,Construction-specific properties of syntactic subjects in Icelandic and German,Cognitive Linguistics,https://doi.org/10.1515/COG.2006.002,acceptability judgment; acceptability rating; grammaticality judgment; grammaticality rating ; intuitive judgment; ordinal ratings; sentence judgment; syntactic judgment,130,Unclear,130,Students (unspecified),University affiliation,Not Reported,Region,German,1,1,12?,No,12?,Within-subjects,,Not Reported,Not Reported,Not Reported,12,0,0,Yes,Fairly confident,12,12,Not Reported,Yes,Syntax,Fully Constructed,Not Reported,Not Reported,Not Reported,Fairly confident,"The participants were asked to read the text and state: (i) whether the text represents idiomatic German, (ii) how they felt about the particular infinitive in question, and (iii) whether the non-finite verb is a dative-assigning verb in their language or not",other,Not Reported,3,Not Reported,Written,Not Reported,Not Reported,Not Reported,Not Reported,Not Reported,Not Reported,Not Reported,Not Reported,Not Reported,Fairly confident,Ordinal,Not Reported,Not Reported,Not Reported,No,Not Reported,Not Reported,Not Reported,Not Reported,Not Reported,Not Reported,Not Reported,Not Reported,,Fairly confident,Published in article,,Not Reported,,Not Reported,,johanna.barddal@ugent.be,"inferential tests were conducted, but it's not clear what kind of test was used. ",JG
"Barking, Backus, Mos_2022_individual_corpus_data",1,Marie Barking; Ad Backus; Maria Mos,2022.0,Individual corpus data predict variation in judgments: testing the usage-based nature of mental representations in a language transfer setting,Cognitive Linguistics,https://doi.org/10.1515/cog-2021-0105,acceptability judgement; acceptability judgment; acceptability rating; grammaticality judgement; grammaticality judgment; grammaticality rating ; sentence judgement; sentence judgment; syntactic judgement ; syntactic judgment,21,21,14?,Other non-students,Personal network,Not Reported,Gender / Sex; Age; Language background; Region; Education,German,1,1,4,Yes,20,Within-subjects,,Yes,Not Reported,Not Reported,80,up to 20,0,Not Reported,Fairly confident,80,80,Not Reported,Yes,Syntax,Fully Authentic,Other,Not Reported,Not Reported,Fairly confident,"They first read instructions, informing them that they were going to be presented with written German sentences and that their task was to judge whether these sentences were correct German sentences by pressing one of two buttons.",correctness,Dichotomous (Binary),2,Not Reported,Written,Not Reported,Not Reported,Computer-based,Yes,No,Not Reported,Not Reported,Not Reported,Not Reported,Fairly confident,Dichotomous,Not Reported,Not Reported,Mixed-Effects Regression,No,Participant,Yes,Not Reported,Not Reported,Not Reported,Not Reported,Not Reported,Yes,Corpus data from participants themselves,Fairly confident,Public Repository,https://doi.org/10.34894/CQZAAT,Public Repository,https://doi.org/10.34894/CQZAAT,Not Reported,,M.Barking@tilburguniversity.edu,Items were individualized to 8 test participants based on their own corpus examples; 13 control participants also rated items ,JG
"Francis, Matthews_2006_categoriality_and_object",1,Elaine J. Francis; Stephen Matthews,2006.0,Categoriality and Object Extraction in Cantonese Serial Verb Constructions,NL & LT,http://www.jstor.org/stable/27642839,acceptability judgment; acceptability rating; grammaticality judgment; grammaticality rating; intuitive judgment; linguistic intuition judgment; linguistic intuition rating; naturalness judgment; naturalness rating; ordianl ratings; sentence judgment; syntactic judgment,40,40,20,Students (non-linguists),University affiliation,Paid directly,Gender / Sex; Age; Education; Region; Language background,Cantonese ,1,1,48,No,1,Mixed,Aspect,Not Reported,Intermixed,Random,56,8,0,Not Reported,Fairly confident,48,24,32,Yes,Syntax; Semantics,Fully Constructed,Not Reported,Not Reported,Not Reported,Fairly confident," This is a survey about your intuitions regarding the acceptability of certain sentences in Cantonese. There are no right or wrong answers; we are only interested in your own opinions. In a moment, you will hear a series of 8 Cantonese sentences, fol lowed by another series of 56 sentences. You will be asked to rate each sentence on a scale of 1-4, where 1 means 'good' (completely acceptable, an ordinary way of speaking), and 4 means 'bad' (com pletely unacceptable, people would never say it that way). Ratings of 2 or 3 indicate intermediate degrees of goodness. After hearing each sentence, indicate your rating by clicking on the appropriate number on the screen. When you are finished with the study, please notify the laboratory assistant",acceptability,Ordinal (Likert),4,Isolation,Audio,Not Reported,Self-paced,Computer-based,Yes,Yes,Not Reported,Not Reported,Not Reported,Not Reported,Fairly confident,Continuous,Not Reported,Not Reported,Non-parametric test,No,Not Reported,Not Reported,Not Reported,Not Reported,Not Reported,Not Reported,Not Reported,Not Reported,,Fairly confident,Published in article,,Not Reported,,Not Reported,,ejfranci@purdue.edu,,MJ
"Härtl, Bürger_2021_‘well_that’s_just",1,Holden Härtl; Tatjana Bürger,2021.0,"‘well, That’s Just Great!’: An Empirically Based Analysis Of Non-literal And Attitudinal Content Of Ironic Utterances",Folia Linguistica,https://doi.org/10.1515/flin-2021-2020,acceptability rating; likert scale; meta-linguistic rating,89,62,62,Not Reported,Not Reported,Not compensated,Age; Gender / Sex; Language background,German,1,1,4,Yes,10,Within-subjects,,Not Reported,Intermixed,Random,40,1,0,Not Reported,Fairly confident,40,40,0,Yes,Semantics; Other,Fully Constructed,Other,Yes,Yes,Fairly confident,"Participants were asked to decide which rejection they perceived as more appropriate. To do
this, they rated the rejections on a 5-point Likert scale, with value 1 representing
the at-issue rejection on the left side of the scale and indicating a clear preference
for the direct rejection, and value 5 representing the not-at-issue rejection on the
right side, indicating a preference for the indirect rejection. Participants were able
to rate both rejections as equally (in)appropriate by choosing the mid value.
Moreover, they could rate one rejection as more appropriate than the other by
using the values in between, without being forced to indicate a clear preference
towards one option.

""Prior to the two training items, we explained (in German) that the purpose of our study was to “find
out how certain statements can be rejected”.""

""in this training example, the right/left answer can probably be considered more suitable.
Please click the corresponding circle now.”",other,Ordinal (Likert),5,Isolation,Written,Not Reported,Self-paced,Computer-based,Yes,No,Not Reported,Not Reported,Participant-controlled,Not Reported,Fairly confident,Continuous,Not Reported,Other,ANOVA,No,Not Reported,Not Reported,Not Reported,Not Reported,Not Reported,Not Reported,Not Reported,Not Reported,,Fairly confident,Not Reported,,Not Reported,,Not Reported,,holden.haertl@uni-kassel.de / https://orcid.org/0000-0002-0670-9227,,MJ
"Clifton, Jr., Fanselow et al._2006_amnestying_superiority_violations",1,Charles Clifton; Jr.; Gisbert Fanselow; Lyn Frazier,2006.0,Amnestying Superiority Violations: Processing Multiple Questions,Linguistic Inquiry,http://www.jstor.org/stable/4179350,acceptability judgment; acceptability rating; grammaticality judgment; grammaticality rating; intuitive judgment; linguistic intuition judgment; linguistic intuition rating; sentence judgment; syntactic judgment,48,48,12,Students (unspecified),Not Reported,University credit,Not Reported,English,2,1,4,Yes,16,Mixed,,Yes,Intermixed,Random,16,0,0,Yes,Fairly confident,64,16,120,No,Syntax,Fully Constructed,Not Reported,Yes,Not Reported,Slightly confident,"""Participants were told that they should classify a sentence or discourse as ""acceptable"" if it was an ""ordinary, well-formed, acceptable sentence or pair of sentences in English."" They were further told that anything that violated the normal rules of everyday English should be rejected, but that a sentence did not have to be insightful, true, or elegant to be accepted""",acceptability,Dichotomous (Binary),2,Isolation,Written,Not Reported,Self-paced,Computer-based,Not Reported,Yes,Not Reported,Not Reported,Not Reported,Not Reported,Fairly confident,Other,Not Reported,Not Reported,ANOVA,No,Not Reported,Not Reported,Not Reported,Yes,Not Reported,Not Reported,Not Reported,Yes,Reaction time to make the judgement,Fairly confident,Published in supplement,,Not Reported,,Not Reported,,cec@psych.umass.edu,"In addition to binary acceptability judgements, the authors also collected reaction times for that judgement.
T tests were used in addition to the ANOVA.",LR
"Clifton, Jr., Fanselow et al._2006_amnestying_superiority_violations",2,Charles Clifton; Jr.; Gisbert Fanselow; Lyn Frazier,2006.0,Amnestying Superiority Violations: Processing Multiple Questions,Linguistic Inquiry,http://www.jstor.org/stable/4179350,acceptability judgment; acceptability rating; grammaticality judgment; grammaticality rating; intuitive judgment; linguistic intuition judgment; linguistic intuition rating; sentence judgment; syntactic judgment,48?,48?,?,Students (unspecified),Not Reported,Not Reported,Not Reported,English,2,2,6,No,16,Mixed,,Not Reported,Intermixed,Random,16,0,0,Not Reported,Slightly confident,96,16,40,No,Syntax,Fully Constructed,Not Reported,Not Reported,Not Reported,Slightly confident,"""The second questionnaire contained a total of 56 sentences, each to be rated on a 5-point scale from 1 (= unacceptable) to 5 (= acceptable).""",acceptability,Ordinal (Likert),5,Isolation,Written,Not Reported,Not Reported,Not Reported,Not Reported,Not Reported,Not Reported,Not Reported,Not Reported,Not Reported,Fairly confident,Continuous,Not Reported,Not Reported,Not Reported,No,Not Reported,Not Reported,Not Reported,Not Reported,Not Reported,Not Reported,Not Reported,Not Reported,,Fairly confident,Published in supplement,,Not Reported,,Not Reported,,cec@psych.umass.edu,"I can't make sense of the participant number for the second experiment. The paper reports N = 48 participants, but then also says that six participants completed each form of the questionnaire and there were six different forms of the questionnaire. That would mean 6x6 = 36 participants.
In addition to the analysis with an unreported statistical method reported in the annotation, a t-test was also performed.",LR
"Han, Lidz, Musolino_2007_vraising_and_grammar",1,Chung-Hye Han; Jeffrey Lidz; Julien Musolino,2007.0,V-Raising and Grammar Competition in Korean: Evidence from Negation and Quantifier Scope,Linguistic Inquiry,http://www.jstor.org/stable/4179396,grammaticality judgment; sentence judgment; syntactic judgment,160,160,20,Students (unspecified),Not Reported,Not Reported,Not Reported,Korean,2,1,8,Yes,4,Between-subjects,negation type x scope x QP position,Not Reported,Intermixed,Semi-random,4,2,0,Not Reported,Fairly confident,32 (16 sentences paired with one of two storylines acted out with toys),4,4,No,Syntax,Fully Constructed,Not Reported,Not Reported,Yes,Fairly confident,"truth-value judgment task (TVJT): They were given a score sheet and were instructed to indicate, for each story, whether Mickey Mouse spoke truthfully. They were asked to provide a brief justification for their answers.",other,Dichotomous (Binary),2,Isolation,Mixed,Not Reported,Not Reported,Paper,Not Reported,Yes,Not Reported,Not Reported,Not Reported,Yes,Fairly confident,Other,Not Reported,Not Reported,ANOVA,No,Not Reported,Not Reported,Not Reported,Not Reported,Not Reported,Not Reported,Not Reported,Not Reported,,Fairly confident,Published in supplement,,Not Reported,,Not Reported,,chunghye@sfu.ca,The comprehension questions take the form of filler items.,LR
"Rocafiguera, Bel_2021_on_the_impact",1,Núria De Rocafiguera; Aurora Bel,2021.0,On The Impact Of Clause Order On Pronoun Resolution: Evidence From Spanish,Folia Linguistica,https://doi.org/10.1515/flin-2021-2002,acceptability judgment; acceptability rating; grammaticality judgment; grammaticality rating; intuitive judgment; likert scale; naturalness judgment; naturalness rating; sentence judgment; syntactic judgment; naïve rating; ordinal rating,49,49,25,Students (unspecified),Not Reported,Not compensated,Age; Language background; Region,Spanish,1,1,8,No,8,Between-subjects,"half of the participants completed the version with potential subject antecedents and the other half, the version with object antecedents.",Not Reported,Intermixed,Random,32,0,0,Not Reported,Fairly confident,64,32,80,Yes,Syntax,Fully Constructed,Not Reported,Not Reported,Not Reported,Very confident,"Participants had to read the sentences and judge the acceptability of the pronoun’s interpretation in the continuation sentence using a four-value Likert scale (1 = totally unacceptable, 4 = perfectly acceptable).""",acceptability,Ordinal (Likert),4,Isolation,Written,Not Reported,Self-paced,Not Reported,Not Reported,Not Reported,Not Reported,Not Reported,Not Reported,Not Reported,Very confident,Continuous,Not Reported,R,Mixed-Effects Regression,No,Items; Participant,Not Reported,Not Reported,Not Reported,Not Reported,Not Reported,Not Reported,Not Reported,,Very confident,Not Reported,,Not Reported,,Not Reported,,nuria.rocafiguera@upf.edu,"The only thing mentioned about the region is that it is a central monolingual region in Spain
Also, it says half the participants saw one version and the other half saw another, but there are 49 participants and there is no mention about excluding anyone. I put 25 above, but I'm not sure if this was actually the case. ",MJ
"Klavan, Divjak_2016_the_cognitive_plausibility",1,Jane Klavan; Dagmar Divjak,2016.0,The Cognitive Plausibility Of Statistical Classification Models: Comparing Textual And Behavioral Evidence,Folia Linguistica,https://doi.org/10.1515/flin-2016-0014,acceptability judgment; acceptability rating; meta-linguistic judgment; meta-linguistic rating; naturalness judgment; naturalness rating; sentence judgment; syntactic judgment,,,,Not Reported,Not Reported,Not Reported,Not Reported,Not Reported,1,1,,,,Within-subjects,,Not Reported,Not Reported,Not Reported,,0,0,Not Reported,,,,Not Reported,,Not Reported,Not Reported,Not Reported,Not Reported,Not Reported,,Not Reported,Not Reported,Not Reported,,Isolation,Written,Not Reported,Not Reported,Not Reported,Not Reported,Not Reported,Not Reported,Not Reported,Not Reported,Not Reported,,,Not Reported,Not Reported,Not Reported,No,Not Reported,Not Reported,Not Reported,Not Reported,Not Reported,Not Reported,Not Reported,Not Reported,,,Not Reported,,Not Reported,,Not Reported,,,No judgments collected: This study compares 4 corpora and does not have acceptability judgment tasks ,MJ
Dubenion-Smith_2013_a_questionnaire_study,1,Shannon A. Dubenion-Smith,2013.0,A Questionnaire Study Of Two-verb Clusters In West Central German,Folia Linguistica,https://doi.org/10.1515/flin.2013.002,acceptability judgment; grammaticality judgment; meta-linguistic judgment; sentence judgment; syntactic judgment,,,,Not Reported,Not Reported,Not Reported,Not Reported,Not Reported,1,1,,,,Within-subjects,,Not Reported,Not Reported,Not Reported,,0,0,Not Reported,,,,Not Reported,,Not Reported,Not Reported,Not Reported,Not Reported,Not Reported,,,Not Reported,Not Reported,,Isolation,Written,Not Reported,Not Reported,Not Reported,Not Reported,Not Reported,Not Reported,Not Reported,Not Reported,Not Reported,,,Not Reported,Not Reported,Not Reported,No,Not Reported,Not Reported,Not Reported,Not Reported,Not Reported,Not Reported,Not Reported,Not Reported,,,Not Reported,,Not Reported,,Not Reported,,,No judgments collected: the study consisted of a sentence completion task and a shuffling word-order task,MJ
"Zanuttini, Wood, Zentz et al._2018_the_yale_grammatical",1,Raffaella Zanuttini; Jim Wood; Jason Zentz; Laurence Horn,2018.0,The Yale Grammatical Diversity Project: Morphosyntactic variation in North American English,Linguistics Vanguard,https://doi.org/10.1515/lingvan-2016-0070,Likert scale; acceptability judgment; acceptability rating; grammaticality judgment; grammaticality rating; sentence judgment; syntactic judgment,Unclear,Unclear - see comments ,Unclear,Not Reported,Online platform,Paid directly,Age; Education; Region; Gender / Sex; Language background; Other,North American English,1,1,Unclear,No,Unclear,Not Reported,,Yes,Blocks,Semi-random,45,0,0,Not Reported,Fairly confident,15,45,30,Yes,Syntax,Not Reported,Other,Not Reported,Yes,Slightly confident,"Purpose: We are conducting a research study to examine dialect variation in American English.
Procedure: Participation in this study will involve judging the acceptability of a series of sentences in your own informal speech. We anticipate that your involvement will require less than an hour.

Informal, casual language can be different in different places. The goal of this survey is to find out about your language, and the language spoken where you live and where you grew up.
We are not interested in what is correct or proper English.
We are instead interested in what you consider to be an acceptable sentence in informal contexts. You will be presented with a sentence, or with a context plus a sentence. You will then judge the acceptability of that sentence on a scale of 1-5, with 1 being unacceptable and 5 being acceptable.",acceptability,Ordinal (Likert),5,Isolation,Written,Not Reported,Self-paced,Computer-based,Not Reported,No,Not Reported,Not Reported,Not Reported,Not Reported,Very confident,Continuous,Other,Not Reported,ANOVA,No,Not Reported,Not Reported,Not Reported,Not Reported,Not Reported,Not Reported,Not Reported,Not Reported,,Fairly confident,Published in supplement,https://doi.org/10.1515/lingvan-2016- 0070,Published in supplement,https://doi.org/10.1515/lingvan-2016- 0070,Not Reported,,raffaella.zanuttini@yale.edu,"[3] They said they only kept 50% of the responses, but unclear how many

[31] The authors balance the acceptable and unacceptable sentences within each block
",MJ
"Jung, Goodall_2023_filler–gap_dependencies_and",1,Duk-Ho Jung; Grant Goodall,2023.0,Filler–gap dependencies and the remnant–correlate dependency in backward sprouting: Sensitivity to distance and islands,JoLinguistics,https://doi.org/10.1017/S0022226722000366,Likert scale,89,80,unclear,Students (non-linguists),University affiliation,University credit,Age,Not Reported,1,1,8,Yes,32?,Within-subjects,,Not Reported,Intermixed,Semi-random,102,0,0,Not Reported,Fairly confident,32x8 = 256?,32,70,No,Syntax,Fully Constructed,Other,Not Reported,Not Reported,Fairly confident,"Participants were instructed to rate each sentence on a scale from 1 ‘very bad’ to 7 ‘very good’, based on how it sounded to them as a native speaker of English.",other,Ordinal (Likert),7,Isolation,Written,Not Reported,Not Reported,Computer-based,Not Reported,Yes,Not Reported,Not Reported,Not Reported,Not Reported,Fairly confident,Continuous,Z-score,R,Mixed-Effects Regression,No,Participant; Items,Yes,Not Reported,Not Reported,Not Reported,Not Reported,Not Reported,Not Reported,,Very confident,Public Repository,https://osf.io/jw3ds,Published in article,https://osf.io/jw3ds,Not Reported,,dujung@ucsd.edu,Unclear exactly how many total target items were created,JG
Hofmeister_2010_a_linearization_account,1,Philip Hofmeister,2010.0,A linearization account of either ... or constructions,NL & LT,http://www.jstor.org/stable/40856166,acceptability judgment; grammaticality judgment; linguistic intuition judgment; naturalness judgment; sentence judgment; syntactic judgment,24,24,,Students (unspecified),University affiliation,Paid directly,Education,English,1,1,4,Yes,20,Between-subjects,,Not Reported,Not Reported,Not Reported,20,0,0,Not Reported,Slightly confident,80,20,96,No,Syntax,Fully Authentic,Not Reported,Not Reported,Not Reported,Slightly confident,They were instructed to rate examples for naturalness on a scale of 1-7 with 7 being the most natural.,naturalness,Ordinal (Likert),7,Isolation,Written,Not Reported,Not Reported,Not Reported,Not Reported,Not Reported,Not Reported,Not Reported,Not Reported,Not Reported,Fairly confident,Not Reported,Not Reported,Not Reported,Not Reported,No,Not Reported,Not Reported,Not Reported,Not Reported,Not Reported,Not Reported,Not Reported,Not Reported,,Fairly confident,Not Reported,,Not Reported,,Not Reported,,p.hofmeister@ucsd.edu,"I am unsure whether 20 stimuli were constructed for each type, or for the 4 types together.  I assume the former ...",DD
Zuraw_2010_a_model_of,1,Kie Zuraw,2010.0,A model of lexical variation and the grammar with application to Tagalog nasal substitution,NL & LT,http://www.jstor.org/stable/40856170,acceptability judgment; acceptability rating; naturalness judgment; naturalness rating; sentence judgment,9,9,,Not Reported,Not Reported,Not Reported,Age; Language background,Not Reported,1,1,2,No,25,Within-subjects,,Not Reported,Not Reported,Not Reported,50,4,0,Yes,Slightly confident,50,50,Not Reported,No,Phonology,Fully Constructed,Not Reported,Not Reported,Not Reported,Slightly confident,Participants stated their eating on a scale from 1 (bad) to 10 (good).,Not Reported,Ordinal (Likert),10,Isolation,Not Reported,Not Reported,Not Reported,Not Reported,Not Reported,Not Reported,Not Reported,Not Reported,Not Reported,Not Reported,Fairly confident,Not Reported,Not Reported,R,Mixed-Effects Regression,No,Participant,Not Reported,Not Reported,Not Reported,Not Reported,Not Reported,Not Reported,Not Reported,,Fairly confident,Not Reported,,Not Reported,,Not Reported,,kie@ucla.edu,"Acceptability data is from Zuraw 2000 - I did NOT look this study up separately to get more details

There's another data collection referenced in the paper but I'm not entirely sure it's an acceptability ratings task as she asks to rate two options on a scale but that data seems to have been used to ""assess"" binary choices (they chose option A but rated option A low then this would mean that their response was inconsistent))",DD
"Blanchette, Nadeu_2018_prosody_and_the",1,Frances Blanchette; Marianna Nadeu,2018.0,Prosody and the meanings of English negative indefinites,JoPragmatics,https://doi.org/10.1016/j.pragma.2018.03.020,JoPragmatics-likert scale1-ScienceDirect.bib; acceptability judgment; grammaticality judgment; naturalness rating,47,45,45,Linguists (students or otherwise),University affiliation,University credit,Gender / Sex; Age; Education; Region; Language background,American English,1,1,3,Yes,16,Within-subjects,,Not Reported,Not Reported,Not Reported,48,0,0,Not Reported,Fairly confident,20,20,28,Yes,Syntax,Not Reported,Not Reported,Not Reported,Yes,Fairly confident,Participants were asked to rate the naturalness of the target word on a scale of 1–5,naturalness,Ordinal (Likert),5,Isolation,Written,Not Reported,Self-paced,Computer-based,Yes,No,Not Reported,Not Reported,Not Reported,Not Reported,Fairly confident,Continuous,Z-score,R,Mixed-Effects Regression,Yes,Items; Participant,Not Reported,Not Reported,Not Reported,Not Reported,Not Reported,Not Reported,Yes,sentence completion,Fairly confident,On Request,,On Request,,Not Reported,,fkb1@psu.edu,The naturalness rating task was not the main task in this study,MJ
Destruel_2017_the_pragmatics_of,1,Emilie Destruel,2017.0,The pragmatics of French (non-)prototypical clefts: Influence of the type of question on naturalness and interpretation,JoPragmatics,https://doi.org/10.1016/j.pragma.2017.08.014,JoPragmatics-likert scale1-ScienceDirect.bib; grammaticality judgment; naturalness rating,24,24,24,Students (unspecified),University affiliation,Not Reported,Language background; Age; Education,French,2,1,4,Yes,4,Within-subjects,,Not Reported,Not Reported,Semi-random,32,0,0,Yes,Fairly confident,16,16,16,Yes,Syntax,Edited Authentic,Semantics,Not Reported,Yes,Fairly confident,Participants were instructed to choose the continuation they judged the most natural given the Q–A pair,naturalness,Ordinal (Likert),3,Isolation,Written,Not Reported,Not Reported,Not Reported,Not Reported,Not Reported,Not Reported,Not Reported,Not Reported,Not Reported,Fairly confident,Continuous,Not Reported,R,Mixed-Effects Regression,No,Participant; Items,Not Reported,Not Reported,Not Reported,Not Reported,Not Reported,Not Reported,Not Reported,,Fairly confident,Not Reported,,Not Reported,,Not Reported,,e-destruel-johnson@uiowa.edu ,,MJ
Destruel_2017_the_pragmatics_of,2,Emilie Destruel,2017.0,The pragmatics of French (non-)prototypical clefts: Influence of the type of question on naturalness and interpretation,JoPragmatics,https://doi.org/10.1016/j.pragma.2017.08.014,JoPragmatics-likert scale1-ScienceDirect.bib; grammaticality judgment; naturalness rating,32,32,32,Students (unspecified),University affiliation,Not Reported,Language background; Age; Education,French,2,2,4,Yes,7,Within-subjects,,Not Reported,,,32,0,0,Yes,Fairly confident,16,16,16,Yes,Syntax,Edited Authentic,Semantics,Not Reported,Yes,Fairly confident,Participants were instructed to choose the continuation they judged the most natural given the Q–A pair,naturalness,Ordinal (Likert),3,Isolation,Written,Not Reported,Not Reported,Not Reported,Not Reported,Not Reported,Not Reported,Not Reported,Not Reported,Not Reported,Fairly confident,Continuous,Not Reported,R,Mixed-Effects Regression,No,Participant; Items,Not Reported,Not Reported,Not Reported,Not Reported,Not Reported,Not Reported,Not Reported,,Fairly confident,Not Reported,,Not Reported,,Not Reported,,e-destruel-johnson@uiowa.edu ,,MJ
"Kamoen, Holleman, Nouwen et al._2011_absolutely_relative_or",1,Naomi Kamoen; Bregje Holleman; Rick Nouwen; Ted Sanders; Huub {Van Den Bergh},2011.0,Absolutely relative or relatively absolute? The linguistic behavior of gradable adjectives and degree modifiers,JoPragmatics,https://doi.org/10.1016/j.pragma.2011.05.017,acceptability judgment; acceptability rating; grammaticality judgment,173,173,173,Mixed,University affiliation,Mixed,Gender / Sex; Education; Language background,Dutch,1,1,4,No,40,Mixed,"Degree modifiers (fully, almsot), and antonyms (positive, negative) comparing language experts and non-experts. ",Not Reported,Not Reported,Not Reported,40,No reported,0,Not Reported,Slightly confident,40,40,Not Reported,Yes,Semantics,Edited Authentic,Not Reported,Not Reported,Yes,Fairly confident,"‘‘Please indicate whether the following sentences are acceptable Dutch in your opinion. A sentence is acceptable
if it sounds natural and you would not be surprised to encounter it in daily language. A sentence is unacceptable if it
sounds strange or is incorrect in a grammatical sense. You can express your opinion on a five-point scale. Please
choose ‘‘1’’ if you think the sentence is completely unacceptable. Pick ‘‘2’’ if you think the sentence is unacceptable.
Choose ‘‘3’’ if you think the sentence is neither acceptable nor unacceptable. Pick ‘‘4’’ if you think the sentence is
acceptable. Pick ‘‘5’’ if you think the sentence is completely acceptable. Please remember, you should only base your
rating on whether you think the sentence is acceptable in a linguistic sense, not on whether you agree with the content
of the sentence.’’",acceptability,Ordinal (Likert),5,Isolation,Not Reported,Not Reported,Not Reported,Not Reported,Yes,Not Reported,Not Reported,Not Reported,Not Reported,Not Reported,Fairly confident,Continuous,Not Reported,Not Reported,Not Reported,No,Not Reported,Yes,Not Reported,Not Reported,Not Reported,Not Reported,Not Reported,Not Reported,,Not confident at all,Public Repository,http://www.mijnwoordenboek.nl/antoniwm.php.,Published in article,,Not Reported,,N.Kamoen@uu.nl,"[12] I'm not confident about the number of conditions
[21] only language experts performed the pretest task
[33] Only one part of the task provided contexts
[66] another part of the data was included in the appendix 

Note: they report that they used a multi-level model for the analysis and they provide the equation they use din the appendix, but it was not clear to me if this relates to any of the methods listed in the annotation app.",MJ
"Holliday, Tano_2021_“it’s_a_whole",1,Nicole Holliday; Marie Tano,2021.0,“It’s a Whole Vibe”: testing evaluations of grammatical and ungrammatical AAE on Twitter,Linguistics Vanguard,https://doi.org/10.1515/lingvan-2020-0095,Likert scale; acceptability judgement; acceptability judgment; acceptability rating; grammaticality judgement; grammaticality judgment; grammaticality rating; naïve rating,115,115,115,Students (unspecified),Personal network,Not compensated,Age; Education; Region; Language background; Other,English,1,1,6,Yes,18,Mixed,Comparing two racial groups: White and Black,Not Reported,Not Reported,Not Reported,115,0,0,Not Reported,Slightly confident,18,18,Not Reported,Yes,Morphology; Syntax,Fully Constructed,Not Reported,Not Reported,Yes,Fairly confident,"After being presented with a set of three tweets from each of the six avatars, participants were asked to rate the grammaticality of each avatar’s tweets in a binary fashion (grammatical vs. ungrammatical). Subsequently, they were asked to rate the avatars on personal traits, using a 10-point Likert scale (1 being “not at all”, 10 being “definitely”)",grammaticality,Dichotomous (Binary),2,Isolation,Written,Not Reported,Self-paced,Computer-based,Yes,No,Not Reported,Not Reported,Not Reported,Not Reported,Fairly confident,Continuous,Not Reported,R,ANOVA,No,Items; Participant,Not Reported,Not Reported,Not Reported,Not Reported,Not Reported,Not Reported,Yes,Personality trait ratings,Fairly confident,Published in article,,Not Reported,,Not Reported,,nholl@sas.upenn.edu,[54]  linear regression models for each characteristic followed by ANOVAs for pairwise comparisons,MJ
"Han, Lidz, Musolino_2007_vraising_and_grammar",2,Chung-Hye Han; Jeffrey Lidz; Julien Musolino,2007.0,V-Raising and Grammar Competition in Korean: Evidence from Negation and Quantifier Scope,Linguistic Inquiry,http://www.jstor.org/stable/4179396,grammaticality judgment; sentence judgment; syntactic judgment,60,60,15,Other non-students,Not Reported,Not Reported,Age,Korean,2,2,4,Yes,4,Between-subjects,negation type x scope,Not Reported,Intermixed,Semi-random,8,2,8 (after each trial participants were asked to say why they responded the way they did),Not Reported,Fairly confident,16,4,"4 (seen per participant), 12 created in total",No,Syntax,Fully Constructed,Not Reported,Not Reported,Yes,Fairly confident,"truth-value judgment task (TVJT): They were given a score sheet and were instructed to indicate, for each story, whether Mickey Mouse spoke truthfully. They were asked to provide a brief justification for their answers.",other,Dichotomous (Binary),2,Isolation,Mixed,Not Reported,Not Reported,Spoken/Signed,Not Reported,Yes,Not Reported,Not Reported,Not Reported,Yes,Fairly confident,Other,Not Reported,Not Reported,Not Reported,No,Not Reported,Not Reported,Not Reported,Not Reported,Not Reported,Not Reported,Not Reported,Not Reported,,Fairly confident,Published in supplement,,Not Reported,,Not Reported,,chunghye@sfu.ca,The comprehension questions take the form of filler items.,LR
Sprouse_2009_revisiting_satiation_evidence,1,Jon Sprouse,2009.0,Revisiting Satiation: Evidence for an Equalization Response Strategy,Linguistic Inquiry,http://www.jstor.org/stable/40284316,acceptability judgment; acceptability rating; grammaticality judgment; grammaticality rating; magnitude estimation; naturalness judgment; naturalness rating; naïve rating; sentence judgment; syntactic judgment,20,20,20,Students (non-linguists),Not Reported,Not Reported,Not Reported,English,9,1,1,No,14,Within-subjects,,Yes,Blocks,Not Reported,42,0,0,Not Reported,Slightly confident,14,14,28,No,Syntax,Not Reported,Not Reported,Not Reported,No,Fairly confident,"For example, as in figure 1,the acceptability of a reference sentence might be assigned an integer rating of 100. Participants would then be
asked to rate the acceptability of the target item using the reference as a unit of measure. A participant who felt the target sentence was only half as acceptable as the reference sentence would assign it a rating of 50. A participant who felt it was twice as acceptable would rate it
200. ",acceptability,Continuous,infinite,Magnitude Estimation,Not Reported,Not Reported,Not Reported,Not Reported,Not Reported,Not Reported,Not Reported,Not Reported,Not Reported,Not Reported,Fairly confident,Continuous,Log Transform,Not Reported,Other,No,Participant,Not Reported,0.05,Not Reported,Not Reported,Not Reported,Not Reported,Not Reported,,Fairly confident,Not Reported,,Not Reported,,Not Reported,,jsprouse@uci.edu,statistical technique = repeated measures regression,LR
Sprouse_2009_revisiting_satiation_evidence,2,Jon Sprouse,2009.0,Revisiting Satiation: Evidence for an Equalization Response Strategy,Linguistic Inquiry,http://www.jstor.org/stable/40284316,acceptability judgment; acceptability rating; grammaticality judgment; grammaticality rating; magnitude estimation; naturalness judgment; naturalness rating; naïve rating; sentence judgment; syntactic judgment,24,24,24,Students (non-linguists),Not Reported,Not Reported,Not Reported,English,9,2,1,No,14,Within-subjects,,Yes,Blocks,Not Reported,42,0,0,Not Reported,Slightly confident,7,7,14,No,Syntax,Not Reported,Not Reported,Not Reported,No,Fairly confident,"For example, as in figure 1,the acceptability of a reference sentence might be assigned an integer rating of 100. Participants would then be
asked to rate the acceptability of the target item using the reference as a unit of measure. A participant who felt the target sentence was only half as acceptable as the reference sentence would assign it a rating of 50. A participant who felt it was twice as acceptable would rate it
200. ",acceptability,Continuous,infinite,Magnitude Estimation,Not Reported,Not Reported,Not Reported,Not Reported,Not Reported,Not Reported,Not Reported,Not Reported,Not Reported,Not Reported,Fairly confident,Continuous,Log Transform,Not Reported,Other,No,Participant,Not Reported,0.05,Not Reported,Not Reported,Not Reported,Not Reported,Not Reported,,Fairly confident,Not Reported,,Not Reported,,Not Reported,,jsprouse@uci.edu,statistical technique = repeated measures regression,LR
Sprouse_2009_revisiting_satiation_evidence,3,Jon Sprouse,2009.0,Revisiting Satiation: Evidence for an Equalization Response Strategy,Linguistic Inquiry,http://www.jstor.org/stable/40284316,acceptability judgment; acceptability rating; grammaticality judgment; grammaticality rating; magnitude estimation; naturalness judgment; naturalness rating; naïve rating; sentence judgment; syntactic judgment,20,20,20,Students (non-linguists),Not Reported,Not Reported,Not Reported,English,9,3,1,No,10,Within-subjects,,Yes,Blocks,Not Reported,30,0,0,Not Reported,Slightly confident,10,10,20,No,Syntax,Not Reported,Not Reported,Not Reported,No,Fairly confident,"For example, as in figure 1,the acceptability of a reference sentence might be assigned an integer rating of 100. Participants would then be
asked to rate the acceptability of the target item using the reference as a unit of measure. A participant who felt the target sentence was only half as acceptable as the reference sentence would assign it a rating of 50. A participant who felt it was twice as acceptable would rate it
200. ",acceptability,Continuous,infinite,Magnitude Estimation,Not Reported,Not Reported,Not Reported,Not Reported,Not Reported,Not Reported,Not Reported,Not Reported,Not Reported,Not Reported,Fairly confident,Continuous,Log Transform,Not Reported,Other,No,Participant,Not Reported,0.05,Not Reported,Not Reported,Not Reported,Not Reported,Not Reported,,Fairly confident,Not Reported,,Not Reported,,Not Reported,,jsprouse@uci.edu,statistical technique = repeated measures regression,LR
Sprouse_2009_revisiting_satiation_evidence,4,Jon Sprouse,2009.0,Revisiting Satiation: Evidence for an Equalization Response Strategy,Linguistic Inquiry,http://www.jstor.org/stable/40284316,acceptability judgment; acceptability rating; grammaticality judgment; grammaticality rating; magnitude estimation; naturalness judgment; naturalness rating; naïve rating; sentence judgment; syntactic judgment,17,17,17,Students (non-linguists),Not Reported,Not Reported,Not Reported,English,9,4,1,No,10,Within-subjects,,Yes,Blocks,Not Reported,30,0,0,Not Reported,Slightly confident,10,10,20,No,Syntax,Not Reported,Not Reported,Not Reported,No,Fairly confident,"For example, as in figure 1,the acceptability of a reference sentence might be assigned an integer rating of 100. Participants would then be
asked to rate the acceptability of the target item using the reference as a unit of measure. A participant who felt the target sentence was only half as acceptable as the reference sentence would assign it a rating of 50. A participant who felt it was twice as acceptable would rate it
200. ",acceptability,Continuous,infinite,Magnitude Estimation,Not Reported,Not Reported,Not Reported,Not Reported,Not Reported,Not Reported,Not Reported,Not Reported,Not Reported,Not Reported,Fairly confident,Continuous,Log Transform,Not Reported,Other,No,Participant,Not Reported,0.05,Not Reported,Not Reported,Not Reported,Not Reported,Not Reported,,Fairly confident,Not Reported,,Not Reported,,Not Reported,,jsprouse@uci.edu,statistical technique = repeated measures regression,LR
Sprouse_2009_revisiting_satiation_evidence,5,Jon Sprouse,2009.0,Revisiting Satiation: Evidence for an Equalization Response Strategy,Linguistic Inquiry,http://www.jstor.org/stable/40284316,acceptability judgment; acceptability rating; grammaticality judgment; grammaticality rating; magnitude estimation; naturalness judgment; naturalness rating; naïve rating; sentence judgment; syntactic judgment,20,20,20,Students (non-linguists),Not Reported,Not Reported,Not Reported,English,9,5,1,No,10,Within-subjects,,Yes,Blocks,Not Reported,30,0,0,Not Reported,Slightly confident,10,10,20,No,Syntax,Not Reported,Not Reported,Not Reported,Yes,Fairly confident,"For example, as in figure 1,the acceptability of a reference sentence might be assigned an integer rating of 100. Participants would then be
asked to rate the acceptability of the target item using the reference as a unit of measure. A participant who felt the target sentence was only half as acceptable as the reference sentence would assign it a rating of 50. A participant who felt it was twice as acceptable would rate it
200. ",acceptability,Continuous,infinite,Magnitude Estimation,Not Reported,Not Reported,Not Reported,Not Reported,Not Reported,Not Reported,Not Reported,Not Reported,Not Reported,Not Reported,Fairly confident,Continuous,Log Transform,Not Reported,Other,No,Participant,Not Reported,0.05,Not Reported,Not Reported,Not Reported,Not Reported,Not Reported,,Fairly confident,Not Reported,,Not Reported,,Not Reported,,jsprouse@uci.edu,statistical technique = repeated measures regression,LR
Sprouse_2009_revisiting_satiation_evidence,6,Jon Sprouse,2009.0,Revisiting Satiation: Evidence for an Equalization Response Strategy,Linguistic Inquiry,http://www.jstor.org/stable/40284316,acceptability judgment; acceptability rating; grammaticality judgment; grammaticality rating; magnitude estimation; naturalness judgment; naturalness rating; naïve rating; sentence judgment; syntactic judgment,not reported,not reported,not reported,Not Reported,Not Reported,Not Reported,Not Reported,English,9,6,1,No,40,Within-subjects,,Yes,Blocks,Not Reported,50,0,0,Not Reported,Slightly confident,40,40,10,No,Syntax,Not Reported,Length,Not Reported,Not Reported,Fairly confident,The task was a yes/no task.,Not Reported,Dichotomous (Binary),2,Isolation,Not Reported,Not Reported,Not Reported,Not Reported,Not Reported,Not Reported,Not Reported,Not Reported,Not Reported,Not Reported,Fairly confident,Dichotomous,Not Reported,Not Reported,Non-parametric test,No,Not Reported,Not Reported,Not Reported,Not Reported,Not Reported,Not Reported,Not Reported,Not Reported,,Fairly confident,Not Reported,,Not Reported,,Not Reported,,jsprouse@uci.edu,statistical technique = sign test + Fisher's exact test (to compare results from experiment 6 and 7),LR
Sprouse_2009_revisiting_satiation_evidence,7,Jon Sprouse,2009.0,Revisiting Satiation: Evidence for an Equalization Response Strategy,Linguistic Inquiry,http://www.jstor.org/stable/40284316,acceptability judgment; acceptability rating; grammaticality judgment; grammaticality rating; magnitude estimation; naturalness judgment; naturalness rating; naïve rating; sentence judgment; syntactic judgment,not reported,not reported,not reported,Students (non-linguists),Not Reported,Not Reported,Not Reported,English,9,7,1,No,20,Within-subjects,,Yes,Blocks,Not Reported,50,0,0,Not Reported,Slightly confident,20,20,30,No,Syntax,Not Reported,Length,Not Reported,No,Fairly confident,The task was a yes/no task.,Not Reported,Dichotomous (Binary),2,Not Reported,Not Reported,Not Reported,Not Reported,Not Reported,Not Reported,Not Reported,Not Reported,Not Reported,Not Reported,Not Reported,Fairly confident,Dichotomous,Not Reported,Not Reported,Non-parametric test,No,Not Reported,Not Reported,Not Reported,Not Reported,Not Reported,Not Reported,Not Reported,Not Reported,,Fairly confident,Not Reported,,Not Reported,,Not Reported,,jsprouse@uci.edu,statistical technique = sign test,LR
Khalaf_2021_furthest_conjunct_agreement,1,Eman Al Khalaf,2021.0,Furthest conjunct agreement in Jordanian Arabic,NL & LT,https://doi.org/10.1007/s11049-021-09515-0,Likert scale; acceptability judgment; acceptability rating; sentence judgment; syntactic judgment,165,155,155,Mixed,Not Reported,University credit,Age; Language background; Gender / Sex,Jordanian Arabic,4,4,6,Yes,4,Within-subjects,,Yes,Intermixed,Random,24,0,0,Not Reported,Fairly confident,24,24,24,Yes,Syntax,Not Reported,Not Reported,Not Reported,Not Reported,Very confident,Not Reported,grammaticality,Ordinal (Likert),7,Isolation,Not Reported,Not Reported,Not Reported,Computer-based,Not Reported,No,Not Reported,Not Reported,Not Reported,Not Reported,Very confident,Continuous,Other,R,Other,No,Not Reported,Not Reported,Not Reported,Not Reported,Not Reported,Not Reported,Not Reported,Not Reported,,Fairly confident,Published in article,,Not Reported,,Not Reported,,e.alkhalaf@ju.edu.jo,She used a generalised linear model ,MJ
Khalaf_2021_furthest_conjunct_agreement,2,Eman Al Khalaf,2021.0,Furthest conjunct agreement in Jordanian Arabic,NL & LT,https://doi.org/10.1007/s11049-021-09515-0,Likert scale; acceptability judgment; acceptability rating; sentence judgment; syntactic judgment,120,112,112,Mixed,Not Reported,University credit,Age; Language background; Gender / Sex,Jordanian Arabic,4,2,18,Yes,4,Within-subjects,,Not Reported,Intermixed,Random,72,0,0,Not Reported,Fairly confident,72,72,50,Yes,Syntax,Not Reported,Not Reported,Not Reported,Not Reported,Very confident,Not Reported,grammaticality,Ordinal (Likert),7,Isolation,Not Reported,Not Reported,Not Reported,Computer-based,Not Reported,No,Not Reported,Not Reported,Not Reported,Not Reported,Very confident,Continuous,Other,R,Other,No,Not Reported,Not Reported,Not Reported,Not Reported,Not Reported,Not Reported,Not Reported,Not Reported,,Fairly confident,Published in article,,Not Reported,,Not Reported,,e.alkhalaf@ju.edu.jo,She used a generalised linear model ,MJ
Khalaf_2021_furthest_conjunct_agreement,3,Eman Al Khalaf,2021.0,Furthest conjunct agreement in Jordanian Arabic,NL & LT,https://doi.org/10.1007/s11049-021-09515-0,Likert scale; acceptability judgment; acceptability rating; sentence judgment; syntactic judgment,157,140,140,Mixed,Not Reported,University credit,Age; Language background; Gender / Sex,Jordanian Arabic,4,3,6,Yes,4,Within-subjects,,Not Reported,Intermixed,Random,24,0,0,Not Reported,Fairly confident,24,24,24,Yes,Syntax,Not Reported,Not Reported,Not Reported,Not Reported,Very confident,Not Reported,grammaticality,Ordinal (Likert),7,Isolation,Not Reported,Not Reported,Not Reported,Computer-based,Not Reported,No,Not Reported,Not Reported,Not Reported,Not Reported,Very confident,Continuous,Other,R,Other,No,Not Reported,Not Reported,Not Reported,Not Reported,Not Reported,Not Reported,Not Reported,Not Reported,,Fairly confident,Published in article,,Not Reported,,Not Reported,,e.alkhalaf@ju.edu.jo,"She used a generalised linear model 

In the article, she states that Experiment 3 had 157 participants, but she excluded 18, leaving her with 139. It might be a typo...",MJ
"Kretzschmar, Brilmayer_2020_zooming_in_on",1,Franziska Kretzschmar; Ingmar Brilmayer,2020.0,Zooming in on agentivity: Experimental studies of DO-clefts in German,Linguistics Vanguard,https://doi.org/10.1515/lingvan-2019-0069,Likert scale; acceptability judgement; acceptability rating; linguistic intuition judgement; linguistic intuition rating; naturalness judgement; naturalness rating; ordinal ratings; sentence judgement; syntactic judgement,59,58,58,Not Reported,Not Reported,Not compensated,Language background; Age; Gender / Sex,German,2,1,4,Yes,18,Within-subjects,,Not Reported,Intermixed,Semi-random,24,0,0,Not Reported,Fairly confident,24,24,6,Yes,Semantics,Not Reported,Not Reported,Not Reported,Yes,Fairly confident,"""[we] asked them to rate each paragraph as a whole for acceptability, using a 6-point Likert scale ranging from very acceptable to very unacceptable.""",acceptability,Ordinal (Likert),6,Isolation,Written,Not Reported,Not Reported,Not Reported,Not Reported,Not Reported,Yes,Not Reported,Not Reported,Not Reported,Fairly confident,,Not Reported,Not Reported,Not Reported,No,Not Reported,Not Reported,Not Reported,Not Reported,Not Reported,Not Reported,Not Reported,Not Reported,,,Not Reported,,Not Reported,,Not Reported,,,,MJ
"Clifton, Jr., Frazier_2010_when_are_downwardentailing",1,Charles Clifton; Jr.; Lyn Frazier,2010.0,When Are Downward-Entailing Contexts Identified? The Case of the Domain Widener Ever,Linguistic Inquiry,http://www.jstor.org/stable/40926400,acceptability judgment; acceptability rating; sentence judgment; syntactic judgment,96,96,48?,Students (unspecified),Not Reported,Not Reported,Not Reported,English,2,1,8,No,4,Mixed,number of head noun,Not Reported,Intermixed,Random,96,6,0,Not Reported,Fairly confident,24,12,84,Yes,Syntax,Not Reported,Not Reported,Not Reported,Not Reported,Fairly confident,"""They were given instructions, including the instruction that they were to rate some sentences for acceptability, which was explained to them as how much ‘‘the sentence sounds like a sentence that a native speaker of English could say or understand without noticing anything peculiar or ungrammatical or odd or confusing about it.’’""",acceptability,Ordinal (Likert),5,Isolation,Written,Not Reported,Not Reported,Computer-based,Yes,Not Reported,Not Reported,Not Reported,Not Reported,Not Reported,Fairly confident,Continuous,Not Reported,R,Mixed-Effects Regression,No,Items; Participant,Yes,Not Reported,Not Reported,Not Reported,Not Reported,Not Reported,Not Reported,,Fairly confident,On Request,,Not Reported,,Not Reported,,cec@psych.umass.edu,,LR
"Clifton, Jr., Frazier_2010_when_are_downwardentailing",2,Charles Clifton; Jr.; Lyn Frazier,2010.0,When Are Downward-Entailing Contexts Identified? The Case of the Domain Widener Ever,Linguistic Inquiry,http://www.jstor.org/stable/40926400,acceptability judgment; acceptability rating; sentence judgment; syntactic judgment,48,48,48,Students (unspecified),Not Reported,Not Reported,Not Reported,English,2,2,4,No,4,Within-subjects,,Not Reported,Intermixed,Random,104,not reported,0,Not Reported,Fairly confident,24?,24,80,Yes,Syntax,Not Reported,Not Reported,Not Reported,Not Reported,Not confident at all,"""They were given instructions, including the instruction that they were to rate some sentences for acceptability, which was explained to them as how much ‘‘the sentence sounds like a sentence that a native speaker of English could say or understand without noticing anything peculiar or ungrammatical or odd or confusing about it.’’""",acceptability,Ordinal (Likert),5,Isolation,Written,Not Reported,Not Reported,Computer-based,Not Reported,Not Reported,Not Reported,Not Reported,Not Reported,Not Reported,Fairly confident,Continuous,Not Reported,R,Mixed-Effects Regression,No,Items; Participant,Not Reported,Not Reported,Not Reported,Not Reported,Not Reported,Not Reported,Not Reported,,Fairly confident,On Request,,Not Reported,,Not Reported,,cec@psych.umass.edu,,LR
"Morgan, Wagers_2018_english_resumptive_pronouns",1,Adam Milton Morgan; Matthew W. Wagers,2018.0,English Resumptive Pronouns Are More Common Where Gaps Are Less Acceptable,Linguistic Inquiry,https://www.jstor.org/stable/26858269,Likert scale; acceptability judgment; acceptability rating; grammaticality judgment; grammaticality rating; linguistic intuition judgment; linguistic intuition rating; sentence judgment; syntactic judgment,63,63,63,Not Reported,Not Reported,Not Reported,Not Reported,English,1,1,36,Yes,Not Reported,Within-subjects,,Not Reported,Not Reported,Not Reported,114,0,0,Not Reported,Fairly confident,36,36,72,Yes,Syntax,Fully Constructed,Not Reported,Not Reported,Not Reported,Slightly confident,"""we asked 63 participants to judge the target sentences from Experiment 1 (see exam-
ple (4) and online supplementary material""",acceptability,Ordinal (Likert),7,Isolation,Not Reported,Not Reported,Not Reported,Not Reported,Not Reported,Not Reported,Not Reported,Not Reported,Not Reported,Not Reported,Very confident,Continuous,Z-score,R,Simple Regression,No,Not Reported,Not Reported,0.05,Not Reported,Not Reported,Not Reported,Not Reported,Yes,,Not confident at all,Published in supplement,http://www.mitpressjour nals.org/doi/suppl/10.1162/ling_a_00293,Not Reported,,Not Reported,,Could not find in the article,"[14] The text says ""Thirty-six item sets were constructed from 36 items from the production study"", but it does not say how many items per condition. We can presume that it's one per condition, but this was not explicitly stated in the article. ",MJ
"Abeillé, Shiraishi, _2023_voice_mismatch_and",1,Anne Abeillé; Aoi Shiraishi; Barbara Hemforth ,2023.0,Voice mismatch and contrast in French Right-Node Raising,JoLinguistics,https://doi.org/10.1017/S002222672200055X,acceptability judgement; acceptability judgment; grammaticality judgement; grammaticality judgment; grammaticality rating; intuitive judgement; intuitive judgment; ordinal ratings; sentence judgement; sentence judgment; syntactic judgement; syntactic judgment,48,46,48,Not Reported,Online platform,Paid directly,Gender / Sex; Age; Language background,French,2,1,4,Yes,5,Within-subjects,,Not Reported,Intermixed,Random,60,3,0,Not Reported,Slightly confident,20,20,40,Yes,Syntax; Morphology,Fully Constructed,Semantics,Not Reported,Not Reported,,Not reported,acceptability,Ordinal (Likert),10,Isolation,Written,Not Reported,Fixed,Computer-based,Yes,No,Not Reported,Not Reported,Not Reported,Not Reported,Fairly confident,Continuous,Not Reported,R,Other,No,Participant; Items,Not Reported,Not Reported,Not Reported,Not Reported,Not Reported,Not Reported,Not Reported,,Fairly confident,Public Repository,https://osf.io/2pdnj/,Not Reported,,Not Reported,,anne.abeille@u-paris.fr,,MJ
"Abeillé, Shiraishi, _2023_voice_mismatch_and",2,Anne Abeillé; Aoi Shiraishi; Barbara Hemforth ,2023.0,Voice mismatch and contrast in French Right-Node Raising,JoLinguistics,https://doi.org/10.1017/S002222672200055X,acceptability judgement; acceptability judgment; grammaticality judgement; grammaticality judgment; grammaticality rating; intuitive judgement; intuitive judgment; ordinal ratings; sentence judgement; sentence judgment; syntactic judgement; syntactic judgment,54,53,53,Not Reported,Online platform,Not compensated,Gender / Sex; Age; Language background,French,2,2,4,Yes,5,Within-subjects,,Not Reported,Intermixed,Random,36,3,0,Not Reported,Slightly confident,20,20,16,Yes,Syntax; Morphology,Fully Constructed,Semantics,Not Reported,Not Reported,Fairly confident,Not reported,acceptability,Ordinal (Likert),5,Isolation,Written,Not Reported,Fixed,Computer-based,Yes,No,Not Reported,Not Reported,Not Reported,Not Reported,Fairly confident,Continuous,Not Reported,R,Other,No,Participant; Items,Not Reported,Not Reported,Not Reported,Not Reported,Not Reported,Not Reported,Not Reported,,Fairly confident,Public Repository,https://osf.io/2pdnj/,Not Reported,,Not Reported,,anne.abeille@u-paris.fr,[23] I'm not entirely sure. Two experiments were using the same material but with different sets of participants ,MJ
"Shimron, Berent_2003_cooccurrence_restrictions_on",1,Joseph Shimron; Iris Berent,2003.0,Co-Occurrence Restrictions on Identical Consonants in the Hebrew Lexicon: Are They Due to Similarity?,JoLinguistics,http://www.jstor.org/stable/4176788,acceptability judgment; acceptability rating,24,24?,24,Students (unspecified),Not Reported,Not compensated,Language background,Hebrew,2,1,9,No,13,Within-subjects,,Not Reported,Intermixed,Semi-random,117,0,0,Yes,Fairly confident,117,117,Not Reported,Yes,Phonology,Fully Constructed,Frequency,Not Reported,Not Reported,Fairly confident,"Participants were instructed to read each word carefully, while attending to its pronunciation, and rate its acceptability as a possible Hebrew word. ",acceptability,Ordinal (Likert),3,Variant Comparison,Written,Not Reported,Not Reported,Paper,Not Reported,Yes,Not Reported,Not Reported,Not Reported,Not Reported,Fairly confident,Continuous,Other,Not Reported,ANOVA,No,Not Reported,Not Reported,Not Reported,Not Reported,Not Reported,Not Reported,Not Reported,Not Reported,,Very confident,Not Reported,,Not Reported,,Not Reported,,"Iberent@,fau.edu",Grouped items in trios; Used a relative ranking rating for each item in the trio,JG
"Shimron, Berent_2003_cooccurrence_restrictions_on",2,Joseph Shimron; Iris Berent,2003.0,Co-Occurrence Restrictions on Identical Consonants in the Hebrew Lexicon: Are They Due to Similarity?,JoLinguistics,http://www.jstor.org/stable/4176788,acceptability judgment; acceptability rating,22,22?,22,Students (unspecified),Not Reported,Not compensated,Language background,Hebrew,2,2,9,No,13,Within-subjects,,Not Reported,Intermixed,Semi-random,117,0,0,Yes,Fairly confident,117,117,Not Reported,Yes,Phonology,Fully Constructed,Frequency,Not Reported,Not Reported,Fairly confident,"Participants were instructed to read each word carefully, while attending to its pronunciation, and rate its acceptability as a possible Hebrew word. ",acceptability,Ordinal (Likert),5,Isolation,Written,Not Reported,Not Reported,Paper,Not Reported,Yes,Not Reported,Not Reported,Not Reported,Not Reported,Fairly confident,Continuous,Other,Not Reported,ANOVA,No,Not Reported,Not Reported,Not Reported,Not Reported,Not Reported,Not Reported,Not Reported,Not Reported,,Very confident,Not Reported,,Not Reported,,Not Reported,,Iberent@fau.edu,,JG
Sportiche_2011_french_relative_qui,1,Dominique Sportiche,2011.0,French Relative Qui,Linguistic Inquiry,http://www.jstor.org/stable/23011909,sentence judgment; syntactic judgment,14,14,?,Linguists (students or otherwise),Not Reported,Not Reported,Not Reported,Not Reported,1,1,?,No,?,Not Reported,,Not Reported,Not Reported,Not Reported,?,?,?,Not Reported,Fairly confident,?,?,Not Reported,No,Not Reported,Not Reported,Not Reported,Not Reported,Not Reported,Fairly confident,Judgement task experiment,Not Reported,Not Reported,?,Not Reported,Not Reported,Not Reported,Not Reported,Computer-based,Not Reported,No,Not Reported,Not Reported,Not Reported,Not Reported,Fairly confident,Not Reported,Not Reported,Not Reported,Not Reported,No,Not Reported,Not Reported,Not Reported,Not Reported,Not Reported,Not Reported,Not Reported,Not Reported,,Fairly confident,Not Reported,,Not Reported,,Not Reported,,dominique.sportiche@gmail.com,The paper only refers to an experiment in a few footnotes. The experiment is not described in the main text of the paper. The author just reports in a footnote having conducted an experiment to base the judgements in the paper on.,LR
Keller_2003_gradient_auxiliary_selection,1,Antonella Sorace Frank Keller,2003.0,Gradient Auxiliary Selection and Impersonal Passivization in German: An Experimental Investigation,JoLinguistics,http://www.jstor.org/stable/4176789,acceptability judgment; grammaticality judgment; intuitive judgment; linguistic intuition judgment; magnitude estimation; sentence judgment; syntactic judgment,61,54,Not Reported,Other non-students,Advertisement / Word of mouth,Not compensated,Gender / Sex; Age; Other,German,2,1,16 (subdesign 1); 8 (subdesign 2),No,8,Within-subjects,,Yes,Intermixed,Random,40,6,0,Not Reported,Fairly confident,128 + 64 = 192,24,16,No,Syntax,Fully Constructed,Frequency,Not Reported,Not Reported,Fairly confident,"Subjects were instructed to make estimates of line length relative to the first line they would see, the  reference line. They were told to give the reference line an arbitrary number, and then assign a number to each following line so that it represented how long the line was in proportion to the reference line. [...] Then subjects were told that linguistic acceptability could be judged in the same way as line length. The concept of linguistic acceptability was not defined; instead, examples of acceptable and unacceptable sentences were provided, together with examples of numerical estimates. Subjects were told that they could use any range of positive numbers for their judgments, including decimals. It was stressed that there was no upper or lower limit to the numbers that could be used (exceptions being zero or negative numbers). Subjects were urged to use  a wide range of numbers and to distinguish as many degrees of acceptability as possible. It was also emphasized that there were no 'correct' answers and
 that subjects should base their judgments on first impressions, not spending too much time thinking about any one sentence.",acceptability,Continuous,ME,Magnitude Estimation,Written,No,Self-paced,Computer-based,Yes,No,Not Reported,Not Reported,Not Reported,Not Reported,Fairly confident,Continuous,Other,Not Reported,ANOVA,No,Not Reported,Not Reported,Not Reported,Not Reported,Not Reported,Not Reported,Not Reported,Not Reported,,Fairly confident,Not Reported,,Not Reported,,Not Reported,,keller@cogsci.ed.ac.uk,"Report ""subdesigns"" involving different sets of conditions... ",JG
Keller_2003_gradient_auxiliary_selection,2,Antonella Sorace Frank Keller,2003.0,Gradient Auxiliary Selection and Impersonal Passivization in German: An Experimental Investigation,JoLinguistics,http://www.jstor.org/stable/4176789,acceptability judgment; grammaticality judgment; intuitive judgment; linguistic intuition judgment; magnitude estimation; sentence judgment; syntactic judgment,72,66,Not Reported,Other non-students,Advertisement / Word of mouth,Not compensated,Gender / Sex; Age; Other,German,2,1,16 (subdesign 1); 8 (subdesign 2),No,8,Within-subjects,,Yes,Intermixed,Random,40,6,0,Not Reported,Fairly confident,128 + 64 = 192,24,16,No,Syntax; Semantics,Fully Constructed,Frequency,Not Reported,Not Reported,Fairly confident,"Subjects were instructed to make estimates of line length relative to the first line they would see, the  reference line. They were told to give the reference line an arbitrary number, and then assign a number to each following line so that it represented how long the line was in proportion to the reference line. [...] Then subjects were told that linguistic acceptability could be judged in the same way as line length. The concept of linguistic acceptability was not defined; instead, examples of acceptable and unacceptable sentences were provided, together with examples of numerical estimates. Subjects were told that they could use any range of positive numbers for their judgments, including decimals. It was stressed that there was no upper or lower limit to the numbers that could be used (exceptions being zero or negative numbers). Subjects were urged to use  a wide range of numbers and to distinguish as many degrees of acceptability as possible. It was also emphasized that there were no 'correct' answers and
 that subjects should base their judgments on first impressions, not spending too much time thinking about any one sentence.",acceptability,Continuous,ME,Magnitude Estimation,Written,No,Self-paced,Computer-based,Yes,No,Not Reported,Not Reported,Not Reported,Not Reported,Fairly confident,Continuous,Other,Not Reported,ANOVA,No,Not Reported,Not Reported,Not Reported,Not Reported,Not Reported,Not Reported,Not Reported,Not Reported,,Fairly confident,Not Reported,,Not Reported,,Not Reported,,keller@cogsci.ed.ac.uk,"Report ""subdesigns"" involving different sets of conditions... Same design as Exp 1 but with different focus semantic features",JG
Dąbrowska_2013_functional_constraints_usage,1,Ewa Dąbrowska,2013.0,"Functional constraints, usage, and mental grammars: A study of speakers' intuitions about questions with long-distance dependencies",Cognitive Linguistics,https://doi.org/10.1515/cog-2013-0022,acceptability judgment; acceptability rating; grammaticality judgment; grammaticality rating ; linguistic intuition judgment; linguistic intuition rating; naïve rating; sentence judgment; syntactic judgment,64,60,60?,Linguists (students or otherwise),University affiliation,Not Reported,Not Reported,English,1,1,4,No,8?,Within-subjects,,Not Reported,Intermixed,Semi-random,48,0,0,Yes,Slightly confident,32?,32,16,Yes,Syntax,Fully Constructed,Not Reported,Not Reported,Not Reported,Fairly confident,"Please rate each of the sentences below for how acceptable you find it, on a scale from 7 (completely acceptable) to 1 (completely unacceptable). Write your answer in the blank next to the sentence. 
Please judge the sentences only on how acceptable you find them (and not, forexample, whether the event they describe is plausible or implausible, good or bad etc.). Acceptability is a sliding scale and not a yes/no judgment: people tend to differ in their judgments of how acceptable sentences are. ",acceptability,Ordinal (Likert),7,Isolation,Written,Not Reported,Self-paced,Paper,Yes,Yes,Not Reported,Not Reported,Not Reported,Not Reported,Fairly confident,Continuous,Not Reported,Not Reported,t-test,No,Participant,Not Reported,Not Reported,Not Reported,Not Reported,Not Reported,Not Reported,Yes,negation test rating (1-7),Fairly confident,Published in article,,Not Reported,,Not Reported,,Ewa.Dabrowska@unn.ac.uk,modelled on Ambridge and Goldberg 2008; used correlation tests and t-tests,JG
Fukuda_2020_the_syntax_of,1,Shin Fukuda,2020.0,The syntax of variable behavior verbs: Experimental evidence from the accusative–oblique alternations in Japanese,JoLinguistics,https://doi.org/10.1017/S0022226719000136,acceptability judgement; acceptability judgment; naturalness judgement; naturalness judgment; sentence judgement; sentence judgment; syntactic judgement; syntactic judgment,45,43,Not Reported,Students (unspecified),University affiliation,Not Reported,Not Reported,Japanese,2,1,4,Yes,32,Within-subjects,,Yes,Blocks,Semi-random,70,6,0,Not Reported,Very confident,128,32,38,Yes,Syntax,Fully Constructed,Semantics,Not Reported,Not Reported,Very confident,"The participants were instructed to use a seven-point scale to judge the sentences, with 1 representing ‘unnatural’ and 7, ‘natural’.",naturalness,Ordinal (Likert),7,Isolation,Written,Not Reported,Not Reported,Not Reported,Not Reported,Yes,Yes,Not Reported,Not Reported,Not Reported,Fairly confident,Continuous,Z-score,R,Mixed-Effects Regression,No,Items; Participant,Yes,Not Reported,Not Reported,Not Reported,Not Reported,Not Reported,Not Reported,,Fairly confident,Published in supplement,,Not Reported,,Not Reported,,fukudash@hawaii.edu,"There was a pilot, but no description. Practice items were given, but this is only in the supplementary. Study actually added a third binary factor (alternation type) but this is not listed as a ""condition""",JG
Fukuda_2020_the_syntax_of,2,Shin Fukuda,2020.0,The syntax of variable behavior verbs: Experimental evidence from the accusative–oblique alternations in Japanese,JoLinguistics,https://doi.org/10.1017/S0022226719000136,acceptability judgement; acceptability judgment; naturalness judgement; naturalness judgment; sentence judgement; sentence judgment; syntactic judgement; syntactic judgment,46,43,Not Reported,Students (unspecified),University affiliation,Not Reported,Not Reported,Japanese,2,1,4,Yes,32,Within-subjects,,Yes,Blocks,Semi-random,70,6,0,Not Reported,Very confident,128,32,38,Yes,Syntax,Fully Constructed,Semantics,Not Reported,Not Reported,Very confident,"The participants were instructed to use a seven-point scale to judge the sentences, with 1 representing ‘unnatural’ and 7, ‘natural’.",naturalness,Ordinal (Likert),7,Isolation,Written,Not Reported,Not Reported,Not Reported,Not Reported,Yes,Yes,Not Reported,Not Reported,Not Reported,Fairly confident,Continuous,Z-score,R,Mixed-Effects Regression,No,Items; Participant,Yes,Not Reported,Not Reported,Not Reported,Not Reported,Not Reported,Not Reported,,Fairly confident,Published in supplement,,Not Reported,,Not Reported,,fukudash@hawaii.edu,"There was a pilot, but no description. Practice items were given, but this is only in the supplementary. Study actually added a third binary factor (alternation type) but this is not listed as a ""condition""",JG
"Bidese, Padovan, Turolla_2019_adjective_orders_in",1,Ermenegildo Bidese; Andrea Padovan; Claudia Turolla,2019.0,Adjective orders in Cimbrian DPs,Linguistics,https://doi.org/10.1515/ling-2019-0004,grammaticality judgment; sentence judgment; syntactic judgment,15,15,15,Other non-students,Not Reported,Not Reported,Age,Cimbrian,1,1,2,No,Not Reported,Within-subjects,,Not Reported,Not Reported,Not Reported,Not Reported,0,0,Not Reported,Slightly confident,Not Reported,Not Reported,Not Reported,No,Syntax,Not Reported,Not Reported,Not Reported,Not Reported,Slightly confident,The informants were asked to rank the sentences in Cimbrian containing DPs modified by one or two adjectives according to the following judgment scale: ungrammatical sentence; odd but still grammatical; grammatical sentence.,grammaticality,Ordinal (Likert),3,Not Reported,Not Reported,Not Reported,Not Reported,Not Reported,Not Reported,Not Reported,Not Reported,Not Reported,Not Reported,Not Reported,Fairly confident,Not Reported,Not Reported,Not Reported,Not Reported,No,Not Reported,Not Reported,Not Reported,Not Reported,Not Reported,Not Reported,Not Reported,Not Reported,,Fairly confident,Not Reported,,Not Reported,,Not Reported,,e.bidese@lett.unitn.it,"Report that judgements were collected in ""fieldwork"", but not details or results provided",JG
Dąbrowska_2008_questions_with_longdistance,1,Ewa Dąbrowska,2008.0,Questions with long-distance dependencies: A usage-based perspective,Cognitive Linguistics,https://doi.org/10.1515/COGL.2008.015,acceptability judgment; acceptability rating; grammaticality judgment; grammaticality rating ; linguistic intuition judgment; linguistic intuition rating; sentence judgment; syntactic judgment,38,38?,19?,Students (unspecified),University affiliation,Not Reported,Not Reported,English,1,1,7,Yes,4,Within-subjects,,Not Reported,Blocks,Random,Not Reported,0,0,Not Reported,Fairly confident,56,28?,44,No,Syntax,Fully Constructed,Not Reported,Not Reported,Not Reported,Fairly confident,"The questionnaire is part of a study of speakers’ intuitions about English sentences. It is not an intelligence test or a grammar test. Please indicate how acceptable/unacceptable you find each of the following sentences by choosing a number on a scale from 1 (very bad) to 5 (fine). Read the sentences carefully, but do not spend too much time thinking about them: we are interested in your initial reaction. Do not go back and change your responses to earlier sentences.",acceptability,Ordinal (Likert),5,Isolation,Written,Not Reported,Not Reported,Paper,Not Reported,Yes,Not Reported,Not Reported,Not Reported,Not Reported,Fairly confident,Continuous,Not Reported,Not Reported,ANOVA,No,Not Reported,Yes,Not Reported,Not Reported,Not Reported,Not Reported,Not Reported,Not Reported,,Fairly confident,Published in article,,Not Reported,,Not Reported,,e.dabrowska@shef.ac.uk,Unclear about No. of trials; used t-tests and anova,JG
"Ambridge, Goldberg_2008_the_island_status",1,Ben Ambridge; Adele E. Goldberg,2008.0,The island status of clausal complements: Evidence in favor of an information structure explanation,Cognitive Linguistics,https://doi.org/10.1515/COGL.2008.014,acceptability judgment; acceptability rating; grammaticality judgment; grammaticality rating ; intuitive judgment; magnitude estimation; sentence judgment; syntactic judgment,71,71?,Not Reported,Students (non-linguists),University affiliation,Paid directly,Age,English,1,1,12,Yes,6,Within-subjects,,Not Reported,Not Reported,Not Reported,24,0,0,Not Reported,Fairly confident,72,12,Not Reported,No,Syntax,Fully Constructed,Not Reported,Not Reported,Not Reported,Fairly confident,"Please rate each of the sentences below for how acceptable you find them. 7 = Perfect (completely acceptable), 1 = Terrible (completely unacceptable). Please indicate your response by drawing a circle around the appropriate number as shown in the examples below. Please judge the sentences only on how acceptable you find them (and not, for example, whether the event they describe is plausible or implausible, good or bad etc.). Acceptability is a sliding scale and not a yes/no judgment—people tend to differ in their judgments of how acceptable sentences are.",acceptability,Ordinal (Likert),7,Other baseline,Written,Not Reported,Not Reported,Paper,Not Reported,Yes,Not Reported,Not Reported,Not Reported,Not Reported,Fairly confident,Continuous,Other,Not Reported,ANOVA,No,Not Reported,Yes,Not Reported,Not Reported,Not Reported,Not Reported,Not Reported,Yes,Negation test judgements,Very confident,Not Reported,,Not Reported,,Not Reported,,Ben.Ambridge@liverpool.ac.uk,Test items (WH-questions) compared to declarative versions; Ratings analysed by taking difference in rating between WH and decl,JG
"Goldwater, Markman_2009_constructional_sources_of",1,Micah B. Goldwater; Arthur B. Markman,2009.0,Constructional sources of implicit agents in sentence comprehension,Cognitive Linguistics,https://doi.org/10.1515/COGL.2009.029,acceptability judgment; grammaticality judgment; intuitive judgment; sentence judgment; syntactic judgment,48,48?,,Students (unspecified),University affiliation,University credit,Not Reported,English,1,1,2,No,12,Within-subjects,,Not Reported,Not Reported,Not Reported,70,14,0,Not Reported,Very confident,28,28,42,Yes,Syntax; Semantics,Fully Constructed,Other,Not Reported,Yes,Very confident,,Not Reported,Not Reported,,Isolation,Written,Not Reported,Not Reported,Not Reported,Not Reported,Not Reported,Not Reported,Not Reported,Not Reported,Not Reported,,,Not Reported,Not Reported,Not Reported,No,Not Reported,Not Reported,Not Reported,Not Reported,Not Reported,Not Reported,Not Reported,Not Reported,,,Not Reported,,Not Reported,,Not Reported,,,DO NOT USE; Study used a self-paced reading judgement task ,JG
Francis_2010_grammatical_weight_and,1,Elaine J. Francis,2010.0,Grammatical weight and relative clause extraposition in English,Cognitive Linguistics,https://doi.org/10.1515/cogl.2010.002,acceptability judgment; acceptability rating; grammaticality judgment; grammaticality rating ; linguistic intuition judgment; linguistic intuition rating; sentence judgment; syntactic judgment,31,30,,Students (unspecified),University affiliation,Paid directly,Gender / Sex; Age,English,1,1,9,No,5,Within-subjects,,Yes,Blocks,Random,134?,0,0,Not Reported,Fairly confident,45,45,99,No,Syntax,Fully Constructed,Semantics; Other; Length,Not Reported,Not Reported,Fairly confident,"Please read each of the sentences listed below. For each sentence, we would like you to indicate your reaction to the sentence. Mark your response sheet by circling a number from (1) to (9). Use (9) for sentences that seem fully normal, and understandable to you. Use (1) for sentences that seem very odd, awkward, or difficult for you to understand. If your feelings about the sentence are somewhere between these extremes, use one of the middle responses from (2) to (8). Please try to use the entire scale, not just the end points of the scale.",difficulty; plausibility; other,Ordinal (Likert),9,Isolation,Written,No,Self-paced,Paper,Not Reported,Yes,Not Reported,Not Reported,Built-in breaks,Not Reported,,Continuous,Not Reported,Not Reported,ANOVA,No,Not Reported,Not Reported,Not Reported,Not Reported,Not Reported,Not Reported,Not Reported,Yes,Self-paced reading times,Very confident,Not Reported,,Not Reported,,Not Reported,,ejfranci@purdue. edu,"Instructions use 'normal', not 'acceptable as stated in the article; Appendix provides more detail about procedure",JG
Vallejo_2019_tpinternal_focus_and,1,Dunia Catalina Mendez Vallejo,2019.0,TP-internal focus and dialectal variation: the case of the Focalizing Ser,Linguistics Vanguard,https://doi.org/10.1515/lingvan-2018-0001,Likert scale; acceptability judgment; acceptability rating; grammaticality judgment; grammaticality rating; sentence judgment; syntactic judgment,191,191?,191,Students (unspecified),University affiliation,Not Reported,Not Reported; Region,Columbian Spanish,2,1,11?,No,Mixed,Within-subjects,,Not Reported,Not Reported,Not Reported,93,0,0,Yes,Slightly confident,61,61,32?,Yes,Syntax,Fully Constructed,Other,Not Reported,Not Reported,Fairly confident,"Participants were asked to evaluate the stimuli based on a Likert-type scale from 1 (least acceptable) to 5 (most acceptable). They were not explicitly told what these numbers represented in an effort to avoid skewed interpretations of “acceptability.” Instead, they completed a tutorial in which they used this scale to distinguish between acceptable and unacceptable cases and to provide graded judgments. Participants were then instructed to rate each sentence following the examples from the tutorial task.",Not Reported,Ordinal (Likert),5,Isolation,Audio,Not Reported,Not Reported,Computer-based,Not Reported,Yes,Not Reported,Not Reported,Not Reported,Not Reported,Fairly confident,Continuous,Not Reported,Not Reported,Descriptive only,No,Not Reported,Not Reported,Not Reported,Not Reported,Not Reported,Not Reported,Not Reported,Not Reported,,Fairly confident,Published in article,,Not Reported,,Not Reported,,dvallejo@princeton.edu,"Light on details, citing previous work for specifics of procedure; Participant instructions are unusual but not provided or described.",JG
Vallejo_2019_tpinternal_focus_and,2,Dunia Catalina Mendez Vallejo,2019.0,TP-internal focus and dialectal variation: the case of the Focalizing Ser,Linguistics Vanguard,https://doi.org/10.1515/lingvan-2018-0001,Likert scale; acceptability judgment; acceptability rating; grammaticality judgment; grammaticality rating; sentence judgment; syntactic judgment,180,180,180,Students (unspecified),University affiliation,Not Reported,Not Reported; Region,Columbian Spanish,2,2,7?,No,Mixed,Within-subjects,,Not Reported,Not Reported,Not Reported,35,0,0,Yes,Slightly confident,25,25,10?,Yes,Syntax,Fully Constructed,Other,Not Reported,Not Reported,Fairly confident,"Participants were asked to evaluate the stimuli based on a Likert-type scale from 1 (least acceptable) to 5 (most acceptable). They were not explicitly told what these numbers represented in an effort to avoid skewed interpretations of “acceptability.” Instead, they completed a tutorial in which they used this scale to distinguish between acceptable and unacceptable cases and to provide graded judgments. Participants were then instructed to rate each sentence following the examples from the tutorial task.",Not Reported,Ordinal (Likert),5,Isolation,Written,Not Reported,Not Reported,Computer-based,Not Reported,Yes,Not Reported,Not Reported,Not Reported,Not Reported,Fairly confident,Continuous,Not Reported,Not Reported,Descriptive only,No,Not Reported,Not Reported,Not Reported,Not Reported,Not Reported,Not Reported,Not Reported,Not Reported,,Fairly confident,Published in article,,Not Reported,,Not Reported,,dvallejo@princeton.edu,"Light on details, citing previous work for specifics of procedure; Participant instructions are unusual but not provided or described; Very confusingly organised",JG
Bruening_2019_passive_do_so,1,Benjamin Bruening,2019.0,Passive do so,NL & LT,http://www.jstor.org/stable/45095134,acceptability judgment; acceptability rating; grammaticality judgment; grammaticality rating; naturalness judgment; naturalness rating; sentence judgment; syntactic judgment,40,37,37,Other non-students,Online platform,Not Reported,Education; Language background,English,1,1,2,Yes,8,Within-subjects,,Not Reported,Intermixed,Random,24,0,0,Not Reported,Fairly confident,16,8,16,Yes,Syntax; Morphology,Edited Authentic,Not Reported,Not Reported,Not Reported,Fairly confident,Not reported,naturalness,Not Reported,5,Isolation,Not Reported,Not Reported,Not Reported,Not Reported,Not Reported,No,Not Reported,Not Reported,Not Reported,Yes,Fairly confident,Continuous,Not Reported,Not Reported,Non-parametric test,No,Not Reported,Not Reported,Not Reported,Not Reported,Not Reported,Not Reported,Not Reported,Not Reported,,Slightly confident,Published in article,,Not Reported,,Not Reported,,bruening@udel.edu,,MJ
"Doliana, Sundaresan_2021_proxy_control",1,Aaron Doliana; Sandhya Sundaresan,2021.0,Proxy control,NL & LT,https://doi.org/10.1007/s11049-020-09501-y,acceptability judgment; acceptability rating; grammaticality judgment; grammaticality rating; naïve rating; sentence judgment; syntactic judgment,10,10,10,Not Reported,Not Reported,Not Reported,Region; Language background,German,2,2,9,No,1,Within-subjects,,Not Reported,Not Reported,Not Reported,9,0,0,Not Reported,Not confident at all,9,9,4,No,Syntax,Not Reported,Not Reported,Not Reported,Not Reported,Not confident at all,"""we first read the target sentence aloud and asked our consultants to evaluate its grammaticality out of the blue, i.e. without an accompanying discourse scenario. We then asked our speakers to re-evaluate these sentences along the five-point scale, against dedicated discourse-scenarios: this allowed us to tease apart the role of pragmatic conditioning in the grammaticality judgments.""",grammaticality,Ordinal (Likert),5,Isolation,Audio,Not Reported,Not Reported,Not Reported,Not Reported,Yes,Not Reported,Not Reported,Not Reported,Not Reported,Not confident at all,Continuous,Not Reported,Not Reported,Descriptive only,No,Not Reported,Not Reported,Not Reported,Not Reported,Not Reported,Not Reported,Not Reported,Not Reported,,Not confident at all,Not Reported,,Not Reported,,Not Reported,,doliana@umd.edu,Please check this paper. It is hard to decipher! ,MJ
"Etxeberria, Tubau, Espinal_2021_polarity_items_in",1,Urtzi Etxeberria; Susagna Tubau; ... M. Teresa Espinal,2021.0,Polarity Items in Basque,NL & LT,https://doi.org/10.1007/s11049-021-09513-2,Likert scale; acceptability judgement; grammaticality judgement; sentence judgement; syntactic judgement,20,20,20,Not Reported,Not Reported,Not Reported,Gender / Sex; Age; Language background,Basque,1,1,4,Yes,12,Within-subjects,,Not Reported,Blocks,Semi-random,144,0,0,Not Reported,Very confident,48,48,96,Yes,Syntax; Semantics,Fully Constructed,Not Reported,Not Reported,Not Reported,Fairly confident,Read the sentence and decide how good it is for a speaker of Basque on a scale from 1 to 5.,acceptability,Ordinal (Likert),5,Isolation,Written,No,Self-paced,Computer-based,Yes,No,Not Reported,Not Reported,Not Reported,Not Reported,Fairly confident,Continuous,Other,R,Mixed-Effects Regression,No,Items; Participant,Not Reported,Not Reported,Not Reported,Not Reported,Not Reported,Not Reported,Yes,picture selection task,Slightly confident,Published in supplement,,Not Reported,,Not Reported,,Teresa.Espinal@uab.cat,,MJ
"Nikolaev, Bermel_2022_explaining_uncertainty_and",1,Alexandre Nikolaev; Neil Bermel,2022.0,Explaining uncertainty and defectivity of inflectional paradigms,Cognitive Linguistics,https://doi.org/10.1515/cog-2021-0041,Likert scale; acceptability judgment; acceptability rating; grammaticality judgment; grammaticality rating ; intuitive judgment; linguistic intuition judgment; linguistic intuition rating; magnitude estimation; naïve rating; sentence judgment; syntactic judgment,,,,Not Reported,Not Reported,Not Reported,Not Reported,Finnish,1,1,,,,Within-subjects,,Not Reported,Not Reported,Not Reported,,0,0,Not Reported,,,,Not Reported,,Not Reported,Not Reported,Not Reported,Not Reported,Not Reported,,Not Reported,Not Reported,Not Reported,,Isolation,Written,Not Reported,Not Reported,Not Reported,Not Reported,Not Reported,Not Reported,Not Reported,Not Reported,Not Reported,,,Not Reported,Not Reported,Not Reported,No,Not Reported,Not Reported,Not Reported,Not Reported,Not Reported,Not Reported,Not Reported,Not Reported,,,Not Reported,,Not Reported,,Not Reported,,,"Exclude. Not an acceptability task; Asked participants to rate how ""outdated"" a form was.",JG
Flach_2020_schemas_and_the,1,Susanne Flach,2020.0,Schemas and the frequency/acceptability mismatch: Corpus distribution predicts sentence judgments,Cognitive Linguistics,https://doi.org/10.1515/cog-2020-2040,Likert scale; acceptability judgment; acceptability rating; grammaticality judgment; grammaticality rating ; intuitive judgment; magnitude estimation; naturalness judgment; naturalness rating; naïve rating; ordinal ratings; sentence judgment; syntactic judgment,40,,,Mixed,Online platform,Paid directly,Region; Age; Language background; Gender / Sex,English,1,1,7*2=14?,No,2?,Within-subjects,,Yes,Blocks,Semi-random,30,5?,0,Not Reported,Slightly confident,60,60,Not Reported,Yes,Syntax,Fully Constructed,Frequency,Not Reported,Not Reported,Fairly confident,"Participants were instructed to rate the naturalness of the sentences in informal conversations with family, friends, or co-workers.",naturalness; acceptability,Ordinal (Likert),7,Isolation,Written,No,Not Reported,Computer-based,Not Reported,No,Not Reported,Not Reported,Not Reported,Not Reported,Fairly confident,Continuous,Z-score,R,Mixed-Effects Regression,No,Not Reported,Yes,Not Reported,Not Reported,Not Reported,Not Reported,Not Reported,Yes,Corpus frequency,Fairly confident,Not Reported,,Not Reported,,Not Reported,,susanne.flach@es.uzh.ch,Number of conditions is confusing;,JG
"Nykiel, Kim_2021_on_the_grammaticality",1,Joanna Nykiel; Jong-Bok Kim,2021.0,On the grammaticality of morphosyntactically reduced remnants in Polish sluicing,Linguistics,https://doi.org/10.1515/ling-2021-0071,acceptability judgment; acceptability rating; grammaticality judgment; grammaticality rating; sentence judgment; syntactic judgment,66,Not Reported,Not Reported,Students (unspecified),University affiliation,Not Reported,Region; Language background,Polish,3,1,6,No,12?,Within-subjects,,Not Reported,Blocks,Not Reported,36,0,0,Not Reported,Fairly confident,(12*3*2) = 72?,12,Not Reported,No,Syntax; Morphology,Fully Constructed,Not Reported,Not Reported,Not Reported,Slightly confident,Not Reported,acceptability; naturalness,Ordinal (Likert),7,Isolation,Not Reported,Not Reported,Not Reported,Not Reported,Not Reported,Not Reported,Not Reported,Not Reported,Not Reported,Not Reported,Fairly confident,Continuous,Not Reported,R,Mixed-Effects Regression,No,Participant; Items,Yes,Not Reported,Not Reported,Not Reported,Not Reported,Not Reported,Not Reported,,,Published in article,,Not Reported,,Not Reported,,jongbok@khu.ac.kr,,JG
"Nykiel, Kim_2021_on_the_grammaticality",2,Joanna Nykiel; Jong-Bok Kim,2021.0,On the grammaticality of morphosyntactically reduced remnants in Polish sluicing,Linguistics,https://doi.org/10.1515/ling-2021-0071,acceptability judgment; acceptability rating; grammaticality judgment; grammaticality rating; sentence judgment; syntactic judgment,40,Not Reported,Not Reported,Students (unspecified),University affiliation,Not Reported,Region; Language background,Polish,3,3,4,No,12?,Within-subjects,,Not Reported,Blocks,Not Reported,36,0,0,Not Reported,Fairly confident,(12*2*2) = 78?,12,Not Reported,No,Syntax; Morphology,Fully Constructed,Not Reported,Not Reported,Not Reported,Slightly confident,Not Reported,acceptability; naturalness,Ordinal (Likert),7,Isolation,Not Reported,Not Reported,Not Reported,Not Reported,Not Reported,Not Reported,Not Reported,Not Reported,Not Reported,Not Reported,Fairly confident,Continuous,Not Reported,R,Mixed-Effects Regression,No,Participant; Items,Yes,Not Reported,Not Reported,Not Reported,Not Reported,Not Reported,Not Reported,,,Published in article,,Not Reported,,Not Reported,,jongbok@khu.ac.kr,,JG
"Hitz, Francis_2016_on_the_usefulness",1,John Hitz; Elaine J. Francis,2016.0,"On the usefulness of formal judgment tasks in syntax and in second-language research: The case of resumptive pronouns in English, Turkish, and Mandarin Chinese",Linguistics,https://doi.org/10.1515/ling-2016-0033,acceptability judgment; acceptability rating; grammaticality judgment; grammaticality rating; linguistic intuition judgment; linguistic intuition rating; sentence judgment; syntactic judgment,34,Not Reported,34,Students (non-linguists),University affiliation,Paid directly,Age; Gender / Sex,English,3,1,6,Yes,8,Between-subjects,L1,Yes,Intermixed,Random,104,4,0,Not Reported,Fairly confident,48,48,56,Yes,Syntax,Fully Constructed,Not Reported,Not Reported,Not Reported,Very confident,"Participants were asked to rate items on a 4 point scale in which 1=certainly incorrect, 2=possibly incorrect, 3=possibly correct, and 4=certainly correct.",Not Reported,Ordinal (Likert),4,Isolation,Written,Not Reported,Self-paced,Computer-based,Yes,Yes,Not Reported,Not Reported,Not Reported,Not Reported,Fairly confident,Continuous,Not Reported,Other,ANOVA,No,Participant,Not Reported,Not Reported,Not Reported,Not Reported,Not Reported,Not Reported,Not Reported,,Fairly confident,Not Reported,,Not Reported,,Not Reported,,jhitz@uco.edu,Included native speakers with L2 speakers and L1 as between-subjects factor,JG
"Keshev, Meltzer-Asscher_2019_a_processingbased_account",1,Maayan Keshev; Aya Meltzer-Asscher,2019.0,A processing-based account of subliminal wh-island effects,NL & LT,https://www.jstor.org/stable/45106754,acceptability judgment; acceptability rating; grammaticality judgment; naturalness judgment; naturalness rating; sentence judgment,33,33,33,Mixed,Mixed,Mixed,Age; Language background,Hebrew,4,1,4,Yes,24,Within-subjects,,Not Reported,Intermixed,Random,96,0,0,Yes,Slightly confident,96,96,36,No,Syntax,Edited Authentic,Not Reported,Not Reported,Not Reported,Fairly confident,"""Participants were instructed to rate the acceptability of the sentences on a 7-point scale, with 1 indicating that the sentence is not natural at all and 7 indicating a very natural""",naturalness,Ordinal (Likert),7,Isolation,Not Reported,Not Reported,Not Reported,Not Reported,Not Reported,Not Reported,Not Reported,Not Reported,Not Reported,Not Reported,Very confident,Continuous,Z-score,R,Mixed-Effects Regression,No,Participant; Items,Not Reported,Not Reported,Not Reported,Not Reported,Not Reported,Not Reported,Not Reported,,Fairly confident,On Request,,Not Reported,,Not Reported,,maayankeshev@mail.tau,,MJ
"Keshev, Meltzer-Asscher_2019_a_processingbased_account",2,Maayan Keshev; Aya Meltzer-Asscher,2019.0,A processing-based account of subliminal wh-island effects,NL & LT,https://www.jstor.org/stable/45106754,acceptability judgment; acceptability rating; grammaticality judgment; naturalness judgment; naturalness rating; sentence judgment,32,32,32,Mixed,Mixed,Mixed,Age; Language background,Hebrew,4,2,4,Yes,24,Within-subjects,,Not Reported,Intermixed,Random,96,0,0,Yes,Slightly confident,96,96,36,No,Syntax,Edited Authentic,Not Reported,Not Reported,Not Reported,Fairly confident,"""Participants were instructed to rate the acceptability of the sentences on a 7-point scale, with 1 indicating that the sentence is not natural at all and 7 indicating a very natural""",naturalness,Ordinal (Likert),7,Isolation,Not Reported,Not Reported,Not Reported,Not Reported,Not Reported,Not Reported,Not Reported,Not Reported,Not Reported,Not Reported,Very confident,Continuous,Z-score,R,Mixed-Effects Regression,No,Participant; Items,Not Reported,Not Reported,Not Reported,Not Reported,Not Reported,Not Reported,Not Reported,,Fairly confident,On Request,,Not Reported,,Not Reported,,maayankeshev@mail.tau,,MJ
"Keshev, Meltzer-Asscher_2019_a_processingbased_account",3,Maayan Keshev; Aya Meltzer-Asscher,2019.0,A processing-based account of subliminal wh-island effects,NL & LT,https://www.jstor.org/stable/45106754,acceptability judgment; acceptability rating; grammaticality judgment; naturalness judgment; naturalness rating; sentence judgment,32,32,32,Not Reported,Not Reported,Paid directly,Age; Language background,Hebrew,4,3,4,Yes,24,Within-subjects,,Not Reported,Intermixed,Random,96,0,0,Yes,Slightly confident,96,96,36,No,Syntax,Edited Authentic,Not Reported,Not Reported,Not Reported,Fairly confident,"""Participants were instructed to rate the acceptability of the sentences on a 7-point scale, with 1 indicating that the sentence is not natural at all and 7 indicating a very natural""",naturalness,Ordinal (Likert),7,Isolation,Not Reported,Not Reported,Not Reported,Computer-based,Not Reported,No,Not Reported,Not Reported,Not Reported,Not Reported,Very confident,Continuous,Z-score,R,Mixed-Effects Regression,No,Participant; Items,Not Reported,Not Reported,Not Reported,Not Reported,Not Reported,Not Reported,Not Reported,,Fairly confident,On Request,,Not Reported,,Not Reported,,maayankeshev@mail.tau,,MJ
"Keshev, Meltzer-Asscher_2019_a_processingbased_account",4,Maayan Keshev; Aya Meltzer-Asscher,2019.0,A processing-based account of subliminal wh-island effects,NL & LT,https://www.jstor.org/stable/45106754,acceptability judgment; acceptability rating; grammaticality judgment; naturalness judgment; naturalness rating; sentence judgment,56,56,56,Not Reported,Not Reported,Mixed,Age; Language background,Hebrew,4,4,8,Yes,24,Within-subjects,,Not Reported,Intermixed,Random,192,0,0,Yes,Not confident at all,192,192,36,No,Syntax,Edited Authentic,Not Reported,Not Reported,Not Reported,Not confident at all,"""Participants were instructed to rate the acceptability of the sentences on a 7-point scale, with 1 indicating that the sentence is not natural at all and 7 indicating a very natural""",naturalness,Ordinal (Likert),7,Isolation,Not Reported,Not Reported,Not Reported,Not Reported,Not Reported,Not Reported,Not Reported,Not Reported,Not Reported,Not Reported,Very confident,Continuous,Z-score,R,Mixed-Effects Regression,No,Participant; Items,Not Reported,Not Reported,Not Reported,Not Reported,Not Reported,Not Reported,Not Reported,,Fairly confident,On Request,,Not Reported,,Not Reported,,maayankeshev@mail.tau,,MJ
"Heestand, Xiang, Polinsky_2011_resumption_still_does",1,Dustin Heestand; Ming Xiang; Maria Polinsky,2011.0,RESUMPTION STILL DOES NOT RESCUE ISLANDS,Linguistic Inquiry,http://www.jstor.org/stable/23011912,acceptability judgment; acceptability rating; grammaticality judgment; grammaticality rating; linguistic intuition judgment; linguistic intuition rating; sentence judgment; syntactic judgment,18,18,3,Not Reported,Not Reported,Not Reported,Region,English,4,1,6,No,30,Mixed,"Conditions within subject, but Latin Square design to distribute specific examples between participants, so the same sentence would not occur in different conditions for the same participant",Not Reported,Intermixed,Random,30,0,0,Not Reported,Very confident,180,30,108,No,Syntax,Not Reported,Not Reported,Not Reported,Not Reported,Fairly confident,"""The participants were instructed to score the acceptability of each sentence on a 1-to-7 scale, where 7 indicated perfect acceptability and 1, unacceptability. They were instructed to judge on the basis of their native-speaker intuition rather than any prescriptive rules, and to go with their first instincts rather than spending time pondering their answers.""",acceptability,Ordinal (Likert),7,Isolation,Written,Not Reported,Not Reported,Paper,Not Reported,Not Reported,Not Reported,Not Reported,Not Reported,Not Reported,Fairly confident,Continuous,Not Reported,Not Reported,ANOVA,No,Participant; Items,Not Reported,Not Reported,Not Reported,Not Reported,Not Reported,Not Reported,Not Reported,,Slightly confident,Not Reported,,Not Reported,,Not Reported,,,"ANOVA reports resuts ""by subject"" and ""by item"" > does this correspond to random effects?",LR
"Heestand, Xiang, Polinsky_2011_resumption_still_does",2,Dustin Heestand; Ming Xiang; Maria Polinsky,2011.0,RESUMPTION STILL DOES NOT RESCUE ISLANDS,Linguistic Inquiry,http://www.jstor.org/stable/23011912,acceptability judgment; acceptability rating; grammaticality judgment; grammaticality rating; linguistic intuition judgment; linguistic intuition rating; sentence judgment; syntactic judgment,18,18,3,Not Reported,Not Reported,Not Reported,Region,English,4,2,6,No,30,Mixed,"Conditions within subject, but Latin Square design to distribute specific examples between participants, so the same sentence would not occur in different conditions for the same participant",Not Reported,Intermixed,Random,144,0,0,Not Reported,Very confident,180,30,114,No,Syntax,Not Reported,Not Reported,Not Reported,Not Reported,Fairly confident,"""The participants were instructed to score the acceptability of each sentence on a 1-to-7 scale, where 7 indicated perfect acceptability and 1, unacceptability. They were instructed to judge on the basis of their native-speaker intuition rather than any prescriptive rules, and to go with their first instincts rather than spending time pondering their answers.""",acceptability,Ordinal (Likert),7,Isolation,Written,Not Reported,Not Reported,Paper,Not Reported,Not Reported,Not Reported,Not Reported,Not Reported,Not Reported,Fairly confident,Continuous,Not Reported,Not Reported,ANOVA,No,Participant; Items,Not Reported,Not Reported,Not Reported,Not Reported,Not Reported,Not Reported,Not Reported,,Slightly confident,Not Reported,,Not Reported,,Not Reported,,,"ANOVA reports resuts ""by subject"" and ""by item"" > does this correspond to random effects?",LR
"Heestand, Xiang, Polinsky_2011_resumption_still_does",3,Dustin Heestand; Ming Xiang; Maria Polinsky,2011.0,RESUMPTION STILL DOES NOT RESCUE ISLANDS,Linguistic Inquiry,http://www.jstor.org/stable/23011912,acceptability judgment; acceptability rating; grammaticality judgment; grammaticality rating; linguistic intuition judgment; linguistic intuition rating; sentence judgment; syntactic judgment,24,24,4,Not Reported,Not Reported,Not Reported,Region,English,4,3,6,No,30,Mixed,"Conditions within subject, but Latin Square design to distribute specific examples between participants, so the same sentence would not occur in different conditions for the same participant",Not Reported,Intermixed,Random,144,0,0,Not Reported,Fairly confident,180,30,114,No,Syntax,Not Reported,Not Reported,Not Reported,Not Reported,Fairly confident,"""After the last word of each sentence, participants used the mouse to rate the sentence on a 1-to-7 scale (7: perfectly grammatical, 1: ungrammatical).""",grammaticality,Ordinal (Likert),7,Isolation,Written,Not Reported,Fixed,Computer-based,Not Reported,Not Reported,Not Reported,Not Reported,Not Reported,Not Reported,Fairly confident,Continuous,Not Reported,Not Reported,ANOVA,No,Not Reported,Not Reported,Not Reported,Not Reported,Not Reported,Not Reported,Not Reported,Yes,Reaction times,Fairly confident,Not Reported,,Not Reported,,Not Reported,,,,LR
"Heestand, Xiang, Polinsky_2011_resumption_still_does",4,Dustin Heestand; Ming Xiang; Maria Polinsky,2011.0,RESUMPTION STILL DOES NOT RESCUE ISLANDS,Linguistic Inquiry,http://www.jstor.org/stable/23011912,acceptability judgment; acceptability rating; grammaticality judgment; grammaticality rating; linguistic intuition judgment; linguistic intuition rating; sentence judgment; syntactic judgment,24,24,4,Not Reported,Not Reported,Not Reported,Region,English,4,4,6,No,30,Mixed,"Conditions within subject, but Latin Square design to distribute specific examples between participants, so the same sentence would not occur in different conditions for the same participant",Not Reported,Intermixed,Random,144,0,0,Not Reported,Fairly confident,180,30,114,No,Syntax,Not Reported,Not Reported,Not Reported,Not Reported,Fairly confident,"""After the last word of each sentence, participants used the mouse to rate the sentence on a 1-to-7 scale (7: perfectly grammatical, 1: ungrammatical).""",grammaticality,Ordinal (Likert),7,Isolation,Written,Not Reported,Fixed,Computer-based,Not Reported,Not Reported,Not Reported,Not Reported,Not Reported,Not Reported,Fairly confident,Continuous,Not Reported,Not Reported,ANOVA,No,Participant; Items,Not Reported,Not Reported,Not Reported,Not Reported,Not Reported,Not Reported,Yes,Reaction times,Slightly confident,Not Reported,,Not Reported,,Not Reported,,,"ANOVA reports resuts ""by subject"" and ""by item"" > does this correspond to random effects?",LR
"Häussler, Bader_2010_toward_a_model",1,Jana Häussler; Markus Bader,2010.0,Toward a model of grammaticality judgments,JoLinguistics,http://www.jstor.org/stable/40731815,acceptability judgment; acceptability rating; grammaticality judgment; grammaticality rating ; magnitude estimation; naïve rating; sentence judgment; syntactic judgment,24,Not Reported,Not Reported,Students (unspecified),University affiliation,Mixed,Not Reported,German,5?,3,4,Yes,24,Within-subjects,,Yes,Blocks,Random,114,10,0,Yes,Fairly confident,24*4 + 6*42 + 6*30 = 528,96,18,No,Syntax,Fully Constructed,Not Reported,Not Reported,No,Fairly confident,Not Reported,Not Reported,Continuous,ME,Magnitude Estimation,Written,Not Reported,Not Reported,Computer-based,Not Reported,Yes,Not Reported,Not Reported,Not Reported,Not Reported,Fairly confident,Continuous,Other,Not Reported,ANOVA,No,Not Reported,Not Reported,Not Reported,Not Reported,Not Reported,Not Reported,Not Reported,Not Reported,,Fairly confident,Not Reported,,Not Reported,,Not Reported,,markus. bader@uni-konstanz. de,"Complex design crossing phenomena, tasks, and task orderings; I treated each task and order as a separate ""experiment"".",JG
"Häussler, Bader_2010_toward_a_model",2,Jana Häussler; Markus Bader,2010.0,Toward a model of grammaticality judgments,JoLinguistics,http://www.jstor.org/stable/40731815,acceptability judgment; acceptability rating; grammaticality judgment; grammaticality rating ; magnitude estimation; naïve rating; sentence judgment; syntactic judgment,24,Not Reported,Not Reported,Students (unspecified),University affiliation,Mixed,Not Reported,German,5?,2,4,Yes,24,Within-subjects,,Yes,Blocks,Random,114,10,0,Yes,Fairly confident,24*4 + 6*42 + 6*30 = 528,96,18,No,Syntax,Fully Constructed,Not Reported,Not Reported,No,Fairly confident,Not Reported,Not Reported,Dichotomous (Binary),2,Isolation,Written,No,Fixed,Computer-based,Yes,Yes,Not Reported,Not Reported,Not Reported,Not Reported,Fairly confident,Dichotomous,Other,Not Reported,ANOVA,No,Not Reported,Not Reported,Not Reported,Not Reported,Not Reported,Not Reported,Not Reported,Yes,reaction times,Fairly confident,Not Reported,,Not Reported,,Not Reported,,markus. bader@uni-konstanz. de,"Complex design crossing phenomena, tasks, and task orderings; I treated each task and order as a separate ""experiment"".",JG
"Häussler, Bader_2010_toward_a_model",4,Jana Häussler; Markus Bader,2010.0,Toward a model of grammaticality judgments,JoLinguistics,http://www.jstor.org/stable/40731815,acceptability judgment; acceptability rating; grammaticality judgment; grammaticality rating ; magnitude estimation; naïve rating; sentence judgment; syntactic judgment,24,Not Reported,Not Reported,Students (unspecified),University affiliation,Mixed,Not Reported,German,5?,4,4,Yes,24,Within-subjects,,Yes,Blocks,Random,114,10,0,Yes,Fairly confident,24*4 + 6*42 + 6*30 = 528,96,18,No,Syntax,Fully Constructed,Not Reported,Not Reported,No,Fairly confident,Not Reported,Not Reported,Dichotomous (Binary),2,Isolation,Written,No,Fixed,Computer-based,Yes,Yes,Not Reported,Not Reported,Not Reported,Not Reported,Fairly confident,Continuous,Not Reported,Not Reported,ANOVA,No,Not Reported,Not Reported,Not Reported,Not Reported,Not Reported,Not Reported,Not Reported,Yes,reaction times,Fairly confident,Not Reported,,Not Reported,,Not Reported,,markus. bader@uni-konstanz. de,"Complex design crossing phenomena, tasks, and task orderings; I treated each task and order as a separate ""experiment"".",JG
"Häussler, Bader_2010_toward_a_model",5,Jana Häussler; Markus Bader,2010.0,Toward a model of grammaticality judgments,JoLinguistics,http://www.jstor.org/stable/40731815,acceptability judgment; acceptability rating; grammaticality judgment; grammaticality rating ; magnitude estimation; naïve rating; sentence judgment; syntactic judgment,36,Not Reported,Not Reported,Students (unspecified),University affiliation,Mixed,Not Reported,German,5?,5,4,Yes,24,Within-subjects,,Yes,Blocks,Random,114,1,0,Yes,Fairly confident,24*4 + 6*42 + 6*30 = 528,96,18,No,Syntax,Fully Constructed,Not Reported,Not Reported,No,Fairly confident,They were asked to judge the grammaticality of each sentence on the questionnaire by marking one of the two options 'grammatical' or 'ungrammatical' printed beneath each sentence.,grammaticality,Dichotomous (Binary),2,Isolation,Written,Not Reported,Self-paced,Computer-based,Yes,Yes,Not Reported,Not Reported,Not Reported,Not Reported,Fairly confident,Continuous,Other,Not Reported,ANOVA,No,Not Reported,Not Reported,Not Reported,Not Reported,Not Reported,Not Reported,Not Reported,Not Reported,,Fairly confident,Not Reported,,Not Reported,,Not Reported,,markus. bader@uni-konstanz. de,"Complex design crossing phenomena, tasks, and task orderings; I treated each task and order as a separate ""experiment""; Binary responses analysed as percentages",JG
"Pañeda, Kush_2021_spanish_embedded_question",1,Claudia Pañeda; Dave Kush,2021.0,Spanish embedded question island effects revisited: an experimental study,Linguistics,https://doi.org/10.1515/ling-2020-0110,Likert scale; acceptability judgment; acceptability rating; grammaticality judgment; grammaticality rating; sentence judgment; syntactic judgment,52,47,,Mixed,Mixed,Other incentive,Age; Gender / Sex; Language background; Region,Spanish,2,1,6,No,18,Within-subjects,,Yes,Intermixed,Semi-random,Not Reported,5,0,Not Reported,,172,Not Reported,18,No,Syntax,Fully Constructed,Not Reported,Not Reported,Yes,Slightly confident,"Participants were instructed to judge the acceptability of example sentences according to their colloquial understanding, and were discouraged from basing their judgments on school grammar, orthography or plausibility.",acceptability,Ordinal (Likert),7,Isolation,Written,Not Reported,Not Reported,Computer-based,Not Reported,No,Not Reported,Not Reported,Not Reported,Not Reported,Fairly confident,Continuous,Z-score,R,Mixed-Effects Regression,No,Items; Participant,Yes,Not Reported,Not Reported,Not Reported,Not Reported,Not Reported,Not Reported,,Fairly confident,Public Repository,https://osf.io/enq4r/overview?view_only=ae50dc9a113f4e93a0e52dab44d25c1f,Not Reported,,Not Reported,,panedaclaudia@uniovi.es,Unclear how many trials participants were given,JG
"Pañeda, Kush_2021_spanish_embedded_question",2,Claudia Pañeda; Dave Kush,2021.0,Spanish embedded question island effects revisited: an experimental study,Linguistics,https://doi.org/10.1515/ling-2020-0110,Likert scale; acceptability judgment; acceptability rating; grammaticality judgment; grammaticality rating; sentence judgment; syntactic judgment,51,49,Not Reported,Mixed,Mixed,Other incentive,Age; Gender / Sex; Language background; Region,Spanish,2,2,6,No,18,Within-subjects,,Yes,Intermixed,Semi-random,Not Reported,5,0,Not Reported,,172,Not Reported,18,No,Syntax,Fully Constructed,Not Reported,Not Reported,Yes,Slightly confident,"Participants were instructed to judge the acceptability of example sentences according to their colloquial understanding, and were discouraged from basing their judgments on school grammar, orthography or plausibility.",acceptability,Ordinal (Likert),7,Isolation,Written,Not Reported,Not Reported,Computer-based,Not Reported,No,Not Reported,Not Reported,Not Reported,Not Reported,Fairly confident,Continuous,Z-score,R,Mixed-Effects Regression,No,Items; Participant,Yes,Not Reported,Not Reported,Not Reported,Not Reported,Not Reported,Not Reported,,Fairly confident,Public Repository,https://osf.io/enq4r/overview?view_only=ae50dc9a113f4e93a0e52dab44d25c1f,Not Reported,,Not Reported,,panedaclaudia@uniovi.es,Unclear how many trials participants were given,JG
"Sprouse, Caponigro, Greco et al._2016_experimental_syntax_and",1,Jon Sprouse; Ivano Caponigro; Ciro Greco; Carlo Cecchetto,2016.0,Experimental syntax and the variation of island effects in English and Italian,NL & LT,http://www.jstor.org/stable/43698474,Likert scale; acceptability judgment; acceptability rating; grammaticality judgment; grammaticality rating; magnitude estimation; naturalness judgment; naturalness rating; sentence judgment; syntactic judgment,56,55,55,Not Reported,Online platform,Paid directly,Language background; Region,American English,8,1,8,Yes,2,Within-subjects,,Not Reported,Intermixed,Random,48,6,0,Yes,Slightly confident,192,16,32,Yes,Syntax,Fully Constructed,Not Reported,Yes,Not Reported,Slightly confident,Not reported,acceptability,Ordinal (Likert),7,Isolation,Not Reported,Not Reported,Not Reported,Not Reported,Not Reported,Not Reported,Yes,Not Reported,Not Reported,Not Reported,Slightly confident,Continuous,Z-score,Not Reported,Mixed-Effects Regression,No,Participant; Items,Not Reported,Not Reported,Not Reported,Not Reported,Not Reported,Not Reported,Not Reported,,Fairly confident,Public Repository,https://www.jonsprouse.com/research.html,Not Reported,,Not Reported,,jon.sprouse@uconn.edu,,MJ
"Sprouse, Caponigro, Greco et al._2016_experimental_syntax_and",2,Jon Sprouse; Ivano Caponigro; Ciro Greco; Carlo Cecchetto,2016.0,Experimental syntax and the variation of island effects in English and Italian,NL & LT,http://www.jstor.org/stable/43698474,Likert scale; acceptability judgment; acceptability rating; grammaticality judgment; grammaticality rating; magnitude estimation; naturalness judgment; naturalness rating; sentence judgment; syntactic judgment,56,55,55,Not Reported,Not Reported,Paid directly,Language background; Region,American English,8,2,8,Yes,2,Within-subjects,,Not Reported,Intermixed,Random,48,6,0,Yes,Slightly confident,192,16,32,Yes,Syntax,Fully Constructed,Semantics,Yes,Not Reported,Slightly confident,Not reported,acceptability,Ordinal (Likert),7,Isolation,Not Reported,Not Reported,Not Reported,Not Reported,Not Reported,Not Reported,Yes,Not Reported,Not Reported,Not Reported,Slightly confident,Continuous,Z-score,Not Reported,Mixed-Effects Regression,No,Participant; Items,Not Reported,Not Reported,Not Reported,Not Reported,Not Reported,Not Reported,Not Reported,,Fairly confident,Public Repository,https://www.jonsprouse.com/research.html,Not Reported,,Not Reported,,jon.sprouse@uconn.edu,,MJ
"Sprouse, Caponigro, Greco et al._2016_experimental_syntax_and",3,Jon Sprouse; Ivano Caponigro; Ciro Greco; Carlo Cecchetto,2016.0,Experimental syntax and the variation of island effects in English and Italian,NL & LT,http://www.jstor.org/stable/43698474,Likert scale; acceptability judgment; acceptability rating; grammaticality judgment; grammaticality rating; magnitude estimation; naturalness judgment; naturalness rating; sentence judgment; syntactic judgment,56,55,55,Not Reported,Not Reported,Paid directly,Language background; Region,American English,8,3,8,Yes,2,Within-subjects,,Not Reported,Intermixed,Random,48,6,0,Yes,Slightly confident,192,16,32,Yes,Syntax,Fully Constructed,Semantics,Yes,Not Reported,Slightly confident,Not reported,acceptability,Ordinal (Likert),7,Isolation,Not Reported,Not Reported,Not Reported,Not Reported,Not Reported,Not Reported,Yes,Not Reported,Not Reported,Not Reported,Slightly confident,Continuous,Z-score,Not Reported,Mixed-Effects Regression,No,Participant; Items,Not Reported,Not Reported,Not Reported,Not Reported,Not Reported,Not Reported,Not Reported,,Fairly confident,Public Repository,https://www.jonsprouse.com/research.html,Not Reported,,Not Reported,,jon.sprouse@uconn.edu,,MJ
"Sprouse, Caponigro, Greco et al._2016_experimental_syntax_and",4,Jon Sprouse; Ivano Caponigro; Ciro Greco; Carlo Cecchetto,2016.0,Experimental syntax and the variation of island effects in English and Italian,NL & LT,http://www.jstor.org/stable/43698474,Likert scale; acceptability judgment; acceptability rating; grammaticality judgment; grammaticality rating; magnitude estimation; naturalness judgment; naturalness rating; sentence judgment; syntactic judgment,56,55,55,Not Reported,Not Reported,Paid directly,Language background; Region,American English,8,4,8,Yes,2,Within-subjects,,Not Reported,Intermixed,Random,48,6,0,Yes,Slightly confident,192,16,32,Yes,Syntax,Fully Constructed,Semantics,Yes,Not Reported,Slightly confident,Not reported,acceptability,Ordinal (Likert),7,Isolation,Not Reported,Not Reported,Not Reported,Not Reported,Not Reported,Not Reported,Yes,Not Reported,Not Reported,Not Reported,Slightly confident,Continuous,Z-score,Not Reported,Mixed-Effects Regression,No,Participant; Items,Not Reported,Not Reported,Not Reported,Not Reported,Not Reported,Not Reported,Not Reported,,Fairly confident,Public Repository,https://www.jonsprouse.com/research.html,Not Reported,,Not Reported,,jon.sprouse@uconn.edu,,MJ
"Sprouse, Caponigro, Greco et al._2016_experimental_syntax_and",5,Jon Sprouse; Ivano Caponigro; Ciro Greco; Carlo Cecchetto,2016.0,Experimental syntax and the variation of island effects in English and Italian,NL & LT,http://www.jstor.org/stable/43698474,Likert scale; acceptability judgment; acceptability rating; grammaticality judgment; grammaticality rating; magnitude estimation; naturalness judgment; naturalness rating; sentence judgment; syntactic judgment,Unclear: 195 for 4 experiments ,50,50,Students (unspecified),University affiliation,Not compensated,Language background; Education,Italian,8,5,8,Yes,2,Within-subjects,,Not Reported,Intermixed,Random,48,6,0,Yes,Slightly confident,192,16,32,Yes,Syntax,Fully Constructed,Not Reported,Yes,Not Reported,Slightly confident,Not reported,acceptability,Ordinal (Likert),7,Isolation,Not Reported,Not Reported,Not Reported,Not Reported,Not Reported,Yes,Not Reported,Not Reported,Not Reported,Not Reported,Slightly confident,Continuous,Z-score,Not Reported,Mixed-Effects Regression,No,Participant; Items,Not Reported,Not Reported,Not Reported,Not Reported,Not Reported,Not Reported,Not Reported,,Fairly confident,Public Repository,https://www.jonsprouse.com/research.html,Not Reported,,Not Reported,,jon.sprouse@uconn.edu,"The number of items constructed for this study and number of conditions are not clear, but this is what they say about the number of construtced items: logic. Each factorial island design consists of 4 lexically matched conditions, which helps to minimize differences across conditions due to lexical content. We constructed 8 distinct quadruplets for each of the four islands, for each of the two dependency types, and for each of the two languages, for total of 128 distinct quadruplets, or 512 total sentences.",MJ
"Sprouse, Caponigro, Greco et al._2016_experimental_syntax_and",6,Jon Sprouse; Ivano Caponigro; Ciro Greco; Carlo Cecchetto,2016.0,Experimental syntax and the variation of island effects in English and Italian,NL & LT,http://www.jstor.org/stable/43698474,Likert scale; acceptability judgment; acceptability rating; grammaticality judgment; grammaticality rating; magnitude estimation; naturalness judgment; naturalness rating; sentence judgment; syntactic judgment,Unclear: 195 recruited across 4 experiments,49,49,Students (unspecified),University affiliation,Not compensated,Language background; Education,Italian,8,6,8,Yes,2,Within-subjects,,Not Reported,Intermixed,Random,48,6,0,Yes,Slightly confident,192,16,32,Yes,Syntax,Fully Constructed,Not Reported,Yes,Not Reported,Slightly confident,Not reported,acceptability,Ordinal (Likert),7,Isolation,Not Reported,Not Reported,Not Reported,Not Reported,Not Reported,Not Reported,Yes,Not Reported,Not Reported,Not Reported,Slightly confident,Continuous,Z-score,Not Reported,Mixed-Effects Regression,No,Participant; Items,Not Reported,Not Reported,Not Reported,Not Reported,Not Reported,Not Reported,Not Reported,,Fairly confident,Public Repository,https://www.jonsprouse.com/research.html,Not Reported,,Not Reported,,jon.sprouse@uconn.edu,,MJ
"Sprouse, Caponigro, Greco et al._2016_experimental_syntax_and",7,Jon Sprouse; Ivano Caponigro; Ciro Greco; Carlo Cecchetto,2016.0,Experimental syntax and the variation of island effects in English and Italian,NL & LT,http://www.jstor.org/stable/43698474,Likert scale; acceptability judgment; acceptability rating; grammaticality judgment; grammaticality rating; magnitude estimation; naturalness judgment; naturalness rating; sentence judgment; syntactic judgment,Unclear: 195 recruited across 4 experiments,47,47,Students (unspecified),University affiliation,Not compensated,Language background; Education,Italian,8,7,8,Yes,2,Within-subjects,,Not Reported,Intermixed,Random,48,6,0,Yes,Slightly confident,192,16,32,Yes,Syntax,Fully Constructed,Not Reported,Yes,Not Reported,Slightly confident,Not reported,acceptability,Ordinal (Likert),7,Isolation,Not Reported,Not Reported,Not Reported,Not Reported,Not Reported,Yes,Yes,Not Reported,Not Reported,Not Reported,Slightly confident,Continuous,Z-score,Not Reported,Mixed-Effects Regression,No,Participant; Items,Not Reported,Not Reported,Not Reported,Not Reported,Not Reported,Not Reported,Not Reported,,Fairly confident,Public Repository,https://www.jonsprouse.com/research.html,Not Reported,,Not Reported,,jon.sprouse@uconn.edu,,MJ
"Sprouse, Caponigro, Greco et al._2016_experimental_syntax_and",8,Jon Sprouse; Ivano Caponigro; Ciro Greco; Carlo Cecchetto,2016.0,Experimental syntax and the variation of island effects in English and Italian,NL & LT,http://www.jstor.org/stable/43698474,Likert scale; acceptability judgment; acceptability rating; grammaticality judgment; grammaticality rating; magnitude estimation; naturalness judgment; naturalness rating; sentence judgment; syntactic judgment,Unclear: 195 recruited across 4 experiments,47,47,Students (unspecified),University affiliation,Not compensated,Language background; Education,Italian,8,8,8,Yes,2,Within-subjects,,Not Reported,Intermixed,Random,48,6,0,Yes,Slightly confident,192,16,32,Yes,Syntax,Fully Constructed,Not Reported,Yes,Not Reported,Slightly confident,Not reported,acceptability,Ordinal (Likert),7,Isolation,Not Reported,Not Reported,Not Reported,Not Reported,Not Reported,Yes,Yes,Not Reported,Not Reported,Not Reported,Slightly confident,Continuous,Z-score,Not Reported,Mixed-Effects Regression,No,Participant; Items,Not Reported,Not Reported,Not Reported,Not Reported,Not Reported,Not Reported,Not Reported,,Fairly confident,Public Repository,https://www.jonsprouse.com/research.html,Not Reported,,Not Reported,,jon.sprouse@uconn.edu,,MJ
"Engel, Grafmiller, Rosseel et al._2022_assessing_the_complexity",1,Alexandra Engel; Jason Grafmiller; Laura Rosseel; Benedikt Szmrecsanyi,2022.0,Assessing the complexity of lectal competence: the register-specificity of the dative alternation after give,Cognitive Linguistics,https://doi.org/10.1515/cog-2021-0107,grammaticality judgment; grammaticality rating ; linguistic intuition judgment; linguistic intuition rating; naturalness judgment; naturalness rating; naïve rating; sentence judgment; syntactic judgment,100,89,89,Mixed,Online platform,Paid directly,Gender / Sex; Age; Education; Region; Language background,British English,1,1,4,No,3,Within-subjects,,Not Reported,Blocks,Semi-random,12,0,0,Not Reported,Fairly confident,12,12,20,Yes,Syntax,Fully Authentic,Other,Yes,Yes,Fairly confident,Drag the slider to indicate which option is the most natural continuation,naturalness,Continuous,,Isolation,Audio,Not Reported,Self-paced,Computer-based,Yes,No,Not Reported,Not Reported,Not Reported,Yes,Very confident,Continuous,Z-score,R,Mixed-Effects Regression,No,Participant,Not Reported,0.05,Not Reported,Not Reported,Not Reported,Not Reported,Yes,Corpus data,Fairly confident,Published in supplement,https://osf.io/2ahgf/,Not Reported,,Not Reported,,alexandra.engel@kuleuven.be,"[32] only the fillers, apparently",MJ
Ungerer_2021_using_structural_priming,1,Tobias Ungerer,2021.0,Using structural priming to test links between constructions: English caused-motion and resultative sentences inhibit each other,Cognitive Linguistics,https://doi.org/10.1515/cog-2020-0016,Likert scale; acceptability judgment; acceptability rating; grammaticality judgment; grammaticality rating ; magnitude estimation; meta-linguistic judgment; meta-linguistic rating; sentence judgment; syntactic judgment,160,160,160,Not Reported,Online platform,Not Reported,Gender / Sex; Age; Other; Language background,English,1,1,10,Yes,Unclear,Within-subjects,,Yes,Blocks,Random,64,5,0,Not Reported,Not confident at all,64,64,96,Yes,Syntax; Semantics,Fully Constructed,Not Reported,Not Reported,Not Reported,Slightly confident,Not Reported,Not Reported,Ordinal (Likert),7,Other baseline,Written,Not Reported,Not Reported,Computer-based,Not Reported,No,Not Reported,Not Reported,Built-in breaks,Not Reported,Slightly confident,Continuous,Log Transform,R,Mixed-Effects Regression,No,Participant,Not Reported,Not Reported,Not Reported,Not Reported,Not Reported,Not Reported,Not Reported,,Not confident at all,Published in article,,Published in supplement,https://doi.org/10.18710/2YJITD,Not Reported,,t.ungerer@ed.ac.uk,"[39] I'm unsure about this
[59] I think they presented several levels of statistical significance ",MJ
"Liu, Ambridge_2021_balancing_informationstructure_and",1,Li Liu; Ben Ambridge,2021.0,Balancing information-structure and semantic constraints on construction choice: building a computational model of passive and passive-like constructions in Mandarin Chinese,Cognitive Linguistics,https://doi.org/10.1515/cog-2019-0100,acceptability judgment; acceptability rating; grammaticality judgment; grammaticality rating ; sentence judgment; syntactic judgment,60,60,,Students (unspecified),University affiliation,Not Reported,Language background; Education; Age,Mandarin Chinese ,1,1,4,Yes,57,Within-subjects,,Not Reported,Intermixed,Random,228,0,0,Not Reported,Very confident,228,228,No mention of fillers or distractors,Yes,Syntax; Semantics,Not Reported,Not Reported,Not Reported,Yes,Very confident,,grammaticality,Ordinal (Likert),5,Isolation,Written,Not Reported,Self-paced,Computer-based,Yes,No,Not Reported,Not Reported,Not Reported,Not Reported,Fairly confident,Continuous,Not Reported,R,Mixed-Effects Regression,Yes,Participant; Items,Not Reported,Not Reported,Not Reported,Not Reported,Not Reported,Not Reported,Not Reported,,Slightly confident,Published in supplement,https://osf.io/cbz8m,Published in supplement,https://osf.io/cbz8m,Yes,DOI: 10. 17605/OSF.IO/CBZ8M,Ben.Ambridge@Liverpool.ac.uk,"I like how transparent they are in terms of providing the script, data, material, pre-registering the study, etc. ",MJ
"Al-Aqarbeh, Sprouse_2023_island_effects_and",1,Rania Al-Aqarbeh; Jon Sprouse,2023.0,Island effects and amelioration by resumption in Jordanian Arabic: An auditory acceptability-judgment study,Syntax,https://doi.org/10.1111/synt.12262,acceptability judgment; acceptability rating; grammaticality judgment; grammaticality rating; magnitude estimation; naturalness judgment; naturalness rating; sentence judgment; syntactic judgment,40,40,42,Students (unspecified),University affiliation,University credit,Education; Region; Language background,Jordanian Arabic,4,1,6,Yes,2,Within-subjects,,Yes,Intermixed,Semi-random,12,6,0,Not Reported,Very confident,48,12,24,Yes,Syntax,Fully Constructed,Semantics,Not Reported,Not Reported,Very confident,"""we instructed participants to imagine conversing with a friend in JA, and to judge whether a native speaker of JA could produce these sentences.""",acceptability,Not Reported,7,Isolation,Audio,Yes,Not Reported,Computer-based,Yes,Yes,Not Reported,Not Reported,Not Reported,Not Reported,Very confident,Continuous,Z-score,R,Mixed-Effects Regression,Yes,Items; Participant,Yes,0.05,Not Reported,Yes,Not Reported,Not Reported,Not Reported,,Fairly confident,Public Repository,https://www.jonsprouse.com/research.html,Public Repository,https://www.jonsprouse.com/research.html,Not Reported,,jon.sprouse@nyu.edu,[54] they used both linear mixed-effects models and Bayes factors to analyze the results.,MJ
"Al-Aqarbeh, Sprouse_2023_island_effects_and",2,Rania Al-Aqarbeh; Jon Sprouse,2023.0,Island effects and amelioration by resumption in Jordanian Arabic: An auditory acceptability-judgment study,Syntax,https://doi.org/10.1111/synt.12262,acceptability judgment; acceptability rating; grammaticality judgment; grammaticality rating; magnitude estimation; naturalness judgment; naturalness rating; sentence judgment; syntactic judgment,42,42,42,Students (unspecified),University affiliation,University credit,Education; Region; Language background,Jordanian Arabic,4,2,6,Yes,2,Within-subjects,,Yes,Intermixed,Semi-random,12,6,0,Not Reported,Very confident,48,12,24,Yes,Syntax,Fully Constructed,Semantics,Not Reported,Not Reported,Very confident,"""we instructed participants to imagine conversing with a friend in JA, and to judge whether a native speaker of JA could produce these sentences.""",acceptability,Not Reported,7,Isolation,Audio,Yes,Not Reported,Computer-based,Yes,Yes,Not Reported,Not Reported,Not Reported,Not Reported,Very confident,Continuous,Z-score,R,Mixed-Effects Regression,Yes,Items; Participant,Yes,0.05,Not Reported,Yes,Not Reported,Not Reported,Not Reported,,Fairly confident,Public Repository,https://www.jonsprouse.com/research.html,Public Repository,https://www.jonsprouse.com/research.html,Not Reported,,jon.sprouse@nyu.edu,[54] they used both linear mixed-effects models and Bayes factors to analyze the results.,MJ
"Al-Aqarbeh, Sprouse_2023_island_effects_and",3,Rania Al-Aqarbeh; Jon Sprouse,2023.0,Island effects and amelioration by resumption in Jordanian Arabic: An auditory acceptability-judgment study,Syntax,https://doi.org/10.1111/synt.12262,acceptability judgment; acceptability rating; grammaticality judgment; grammaticality rating; magnitude estimation; naturalness judgment; naturalness rating; sentence judgment; syntactic judgment,43,43,42,Students (unspecified),University affiliation,University credit,Education; Region; Language background,Jordanian Arabic,4,3,6,Yes,2,Within-subjects,,Yes,Intermixed,Semi-random,12,6,0,Not Reported,Very confident,48,12,24,Yes,Syntax,Fully Constructed,Semantics,Not Reported,Not Reported,Very confident,"""we instructed participants to imagine conversing with a friend in JA, and to judge whether a native speaker of JA could produce these sentences.""",acceptability,Not Reported,7,Isolation,Audio,Yes,Not Reported,Computer-based,Yes,Yes,Not Reported,Not Reported,Not Reported,Not Reported,Very confident,Continuous,Z-score,R,Mixed-Effects Regression,Yes,Items; Participant,Yes,0.05,Not Reported,Yes,Not Reported,Not Reported,Not Reported,,Fairly confident,Public Repository,https://www.jonsprouse.com/research.html,Public Repository,https://www.jonsprouse.com/research.html,Not Reported,,jon.sprouse@nyu.edu,[54] they used both linear mixed-effects models and Bayes factors to analyze the results.,MJ
"Al-Aqarbeh, Sprouse_2023_island_effects_and",4,Rania Al-Aqarbeh; Jon Sprouse,2023.0,Island effects and amelioration by resumption in Jordanian Arabic: An auditory acceptability-judgment study,Syntax,https://doi.org/10.1111/synt.12262,acceptability judgment; acceptability rating; grammaticality judgment; grammaticality rating; magnitude estimation; naturalness judgment; naturalness rating; sentence judgment; syntactic judgment,40,40,42,Students (unspecified),University affiliation,University credit,Education; Region; Language background,Jordanian Arabic,4,4,6,Yes,2,Within-subjects,,Yes,Intermixed,Semi-random,12,6,0,Not Reported,Very confident,48,12,24,Yes,Syntax,Fully Constructed,Semantics,Not Reported,Not Reported,Very confident,"""we instructed participants to imagine conversing with a friend in JA, and to judge whether a native speaker of JA could produce these sentences.""",acceptability,Not Reported,7,Isolation,Audio,Yes,Not Reported,Computer-based,Yes,Yes,Not Reported,Not Reported,Not Reported,Not Reported,Very confident,Continuous,Z-score,R,Mixed-Effects Regression,Yes,Items; Participant,Yes,0.05,Not Reported,Yes,Not Reported,Not Reported,Not Reported,,Fairly confident,Public Repository,https://www.jonsprouse.com/research.html,Public Repository,https://www.jonsprouse.com/research.html,Not Reported,,jon.sprouse@nyu.edu,[54] they used both linear mixed-effects models and Bayes factors to analyze the results.,MJ
"Aoshima, Yoshida, Phillips_2009_incremental_processing_of",1,Sachiko Aoshima; Masaya Yoshida; Colin Phillips,2009.0,Incremental Processing of Coreference and Binding in Japanese,Syntax,https://doi.org/10.1111/j.1467-9612.2009.00123.x,acceptability judgment; acceptability rating; grammaticality judgment; grammaticality rating; intuitive judgment; linguistic intuition judgment; linguistic intuition rating; naturalness judgment; naturalness rating; sentence judgment; syntactic judgment,44,44,44,Students (unspecified),University affiliation,Paid directly,Education; Language background,Japanese ,3,1,4,Yes,2,Within-subjects,,Not Reported,Intermixed,Semi-random,8,0,0,Not Reported,Not confident at all,32,8,32,No,Syntax,Fully Constructed,Not Reported,Not Reported,Not Reported,Not confident at all,"""Participants were asked to judge whether the underlined pronoun and the
underlined noun phrase in each sentence could be understood as coreferential,
indicating their rating on a scale from 1 to 5, where 1 means that coreference is
impossible, and 5 means that it is fully acceptable.""",acceptability; other,Ordinal (Likert),5,Not Reported,Not Reported,Not Reported,Self-paced,Not Reported,Yes,Not Reported,Not Reported,Not Reported,Not Reported,Not Reported,Fairly confident,Continuous,Not Reported,Not Reported,ANOVA,No,Not Reported,Not Reported,Not Reported,Not Reported,Not Reported,Not Reported,Not Reported,Not Reported,,Fairly confident,Public Repository,http://www.ling.umd.edu/colin/,Not Reported,,Not Reported,,sachiko.aoshima@gmail.com,"""indicating their rating on a scale from 1 to 5, where 1 means that coreference is
impossible, and 5 means that it is fully acceptable.""  - impossible and acceptable are not the same thing. This is confusing, but it might also be a result of instruction translation from Japanese to English. 

The acceptability judgement tasks were offline, but it's not reported what they mean by that and what the procedure was like. 

The link to access experimental items is no longer accessible. ",MJ
"Aoshima, Yoshida, Phillips_2009_incremental_processing_of",2,Sachiko Aoshima; Masaya Yoshida; Colin Phillips,2009.0,Incremental Processing of Coreference and Binding in Japanese,Syntax,https://doi.org/10.1111/j.1467-9612.2009.00123.x,acceptability judgment; acceptability rating; grammaticality judgment; grammaticality rating; intuitive judgment; linguistic intuition judgment; linguistic intuition rating; naturalness judgment; naturalness rating; sentence judgment; syntactic judgment,28,28,28,Students (unspecified),University affiliation,Paid directly,Education,Japanese ,3,2,4,Yes,3,Within-subjects,,Not Reported,Intermixed,Random,12,0,0,Not Reported,Not confident at all,48,12,24,Yes,Syntax,Fully Constructed,Not Reported,Not Reported,Not Reported,Slightly confident,"""indicating their rating on a scale from 1 (coreference impossible)
to 5 (coreference fully acceptable).""",acceptability; other,Ordinal (Likert),5,Not Reported,Not Reported,Not Reported,Self-paced,Not Reported,Yes,Not Reported,Not Reported,Not Reported,Not Reported,Not Reported,Fairly confident,Continuous,Not Reported,Not Reported,ANOVA,No,Not Reported,Not Reported,Not Reported,Not Reported,Not Reported,Not Reported,Not Reported,Not Reported,,Fairly confident,Public Repository,http://www.ling.umd.edu/colin/,Not Reported,,Not Reported,,sachiko.aoshima@gmail.com,"""indicating their rating on a scale from 1 to 5, where 1 means that coreference is
impossible, and 5 means that it is fully acceptable.""  - impossible and acceptable are not the same thing. This is confusing, but it might also be a result of instruction translation from Japanese to English. 

The acceptability judgement tasks were offline, but it's not reported what they mean by that and what the procedure was like. 

The link to access experimental items is no longer accessible. ",MJ
"Aoshima, Yoshida, Phillips_2009_incremental_processing_of",3,Sachiko Aoshima; Masaya Yoshida; Colin Phillips,2009.0,Incremental Processing of Coreference and Binding in Japanese,Syntax,https://doi.org/10.1111/j.1467-9612.2009.00123.x,acceptability judgment; acceptability rating; grammaticality judgment; grammaticality rating; intuitive judgment; linguistic intuition judgment; linguistic intuition rating; naturalness judgment; naturalness rating; sentence judgment; syntactic judgment,44,44,44,Students (unspecified),University affiliation,Paid directly,Education; Language background,Japanese ,3,3,4,Yes,6,Within-subjects,,Not Reported,Intermixed,Semi-random,24,0,0,Not Reported,Not confident at all,48,24,48,Yes,Syntax,Fully Constructed,Not Reported,Not Reported,Not Reported,Slightly confident,"""Participants were asked to judge whether the underlined pronoun and the
underlined noun phrase in each sentence could be understood as coreferential,
indicating their rating on a scale from 1 to 5, where 1 means that coreference is
impossible, and 5 means that it is fully acceptable.""",acceptability; other,Ordinal (Likert),5,Not Reported,Not Reported,Not Reported,Self-paced,Not Reported,Yes,Not Reported,Not Reported,Not Reported,Not Reported,Not Reported,Fairly confident,Continuous,Not Reported,Not Reported,ANOVA,No,Not Reported,Not Reported,Not Reported,Not Reported,Not Reported,Not Reported,Not Reported,Not Reported,,Fairly confident,Public Repository,http://www.ling.umd.edu/colin/,Not Reported,,Not Reported,,sachiko.aoshima@gmail.com,"""indicating their rating on a scale from 1 to 5, where 1 means that coreference is
impossible, and 5 means that it is fully acceptable.""  - impossible and acceptable are not the same thing. This is confusing, but it might also be a result of instruction translation from Japanese to English. 

The acceptability judgement tasks were offline, but it's not reported what they mean by that and what the procedure was like. 

The link to access experimental items is no longer accessible. ",MJ
"Almeida, Sprouse_2012_assessing_the_reliability",1,Diogo Almeida; Jon Sprouse,2012.0,"Assessing the reliability of textbook data in syntax: Adger's ""Core Syntax""",JoLinguistics,http://www.jstor.org/stable/23351953,acceptability judgment; acceptability rating; grammaticality judgment; grammaticality rating ; intuitive judgment; magnitude estimation; naïve rating; sentence judgment; syntactic judgment; thermometer rating; thermometer ratings,240,235,Not Reported,Other non-students,Online platform,Paid directly,Region; Language background,English,2,1,219,Yes,Not Reported,Within-subjects,,Yes,Intermixed,Semi-random,90?,6,0,Not Reported,Slightly confident,219*8=1752,Not Reported,Not Reported,No,Syntax,Fully Constructed,Not Reported,Not Reported,Not Reported,Fairly confident,"In the magnitude estimation task, participants are presented with a reference sentence, called the standard, which is pre-assigned and acceptability rating, called the modulus. Participants are asked to use the standard to estimate the acceptability of the experimental items.",Not Reported; acceptability,Continuous,ME,Isolation,Written,Not Reported,Self-paced,Computer-based,Not Reported,No,Not Reported,Not Reported,Not Reported,Not Reported,Fairly confident,Continuous,Z-score,Not Reported,Other,Yes,Not Reported,Not Reported,Not Reported,Not Reported,Not Reported,Not Reported,Not Reported,Not Reported,,Fairly confident,Not Reported,,Not Reported,,Not Reported,,jsprouse@uci.edu,"Six ""sub-experiments"" each containing a subset of conditions; four ""versions"" (2 items per condition) of each sub-experiment were created; used a combination of ANOVA and mixed models",JG
"Almeida, Sprouse_2012_assessing_the_reliability",2,Diogo Almeida; Jon Sprouse,2012.0,"Assessing the reliability of textbook data in syntax: Adger's ""Core Syntax""",JoLinguistics,http://www.jstor.org/stable/23351953,acceptability judgment; acceptability rating; grammaticality judgment; grammaticality rating ; intuitive judgment; magnitude estimation; naïve rating; sentence judgment; syntactic judgment; thermometer rating; thermometer ratings,200,197,Not Reported,Other non-students,Online platform,Paid directly,Region; Language background,English,2,2,250?,Yes,Not Reported,Within-subjects,,Yes,Intermixed,Semi-random,100,6,0,Not Reported,Slightly confident,219*8=1752,Not Reported,Not Reported,Yes,Syntax,Edited Authentic,Not Reported,Not Reported,Not Reported,Fairly confident,Participants were asked to click radio buttons that were labeled YES or NO.,Not Reported; acceptability,Dichotomous (Binary),2,Isolation,Written,Not Reported,Self-paced,Computer-based,Not Reported,No,Not Reported,Not Reported,Not Reported,Not Reported,Fairly confident,Dichotomous,Not Reported,Not Reported,Bayes Factor,Yes,,Not Reported,Not Reported,Not Reported,Not Reported,Not Reported,Not Reported,Not Reported,,Fairly confident,Not Reported,,Not Reported,,Not Reported,,jsprouse@uci.edu,,JG
Liu_2013_salience_and_construal,1,Dilin Liu,2013.0,Salience and construal in the use of synonymy: A study of two sets of near-synonymous nouns,Cognitive Linguistics,https://doi.org/10.1515/cog-2013-0003,acceptability judgment; acceptability rating; grammaticality judgment; grammaticality rating ; intuitive judgment; naïve rating; sentence judgment; syntactic judgment,42,Not Reported,Not Reported,Students (unspecified),University affiliation,Not Reported,Region; Language background,English,1,1,Not Reported,No,Not Reported,Within-subjects,,Not Reported,Not Reported,Not Reported,Not Reported,0,0,Not Reported,Fairly confident,32,Not Reported,44?,Yes,Lexis,Edited Authentic,Not Reported,Not Reported,Yes,Fairly confident,"In completing each of the questions, the subjects were required to fill in the missing noun by selecting from the provided synonymous nouns based on the contextual
information, especially the collocation clues. If a subject really felt two or all three choices were acceptable, he/she was allowed to rank the choices.",Not Reported,Ordinal (Likert),3,Isolation,Written,Not Reported,Not Reported,Not Reported,Not Reported,Not Reported,Not Reported,Not Reported,Not Reported,Not Reported,Slightly confident,Ordinal,Not Reported,Not Reported,Descriptive only,No,Not Reported,Not Reported,Not Reported,Not Reported,Not Reported,Not Reported,Not Reported,Yes,Corpus usage,Fairly confident,Published in article,,Not Reported,,Not Reported,,dliu@as.ua.edu,odd study comparing participant choices to usage in a corpus; Not clear what the experimental condition or scale of analysis should be,JG
Bhatt_1997_codeswitching_constraints_and,1,Rakesh Mohan Bhatt,1997.0,"Code-switching, constraints, and optimal grammars",Lingua,https://doi.org/10.1016/S0024-3841(97)00007-7,acceptability judgement; acceptability judgment; grammaticality judgement; grammaticality judgment; linguistic intuition judgement; linguistic intuition judgment; meta-linguistic judgement; meta-linguistic judgment; sentence judgement; sentence judgment; syntactic judgement ; syntactic judgment,74,65,Not Reported,Not Reported,Not Reported,Not Reported,Language background,Hindi,1,1,Not Reported,No,Not Reported,Within-subjects,,Not Reported,Intermixed,Random,Not Reported,0,0,Not Reported,Fairly confident,40,Not Reported,18,Yes,Syntax,Fully Constructed,Not Reported,Yes,Not Reported,Fairly confident,"Subjects were given three choices to express their responses (relative acceptability) for each item: [d] good, acceptable, [?] odd, but perhaps acceptable, and [*] bad, completely unacceptable. ",acceptability,Ordinal (Likert),3,Isolation,Written,Not Reported,Not Reported,Not Reported,Not Reported,Not Reported,Yes,Not Reported,Not Reported,Not Reported,Fairly confident,Dichotomous,Not Reported,Not Reported,Descriptive only,No,Not Reported,Not Reported,Not Reported,Not Reported,Not Reported,Not Reported,Not Reported,Not Reported,,Fairly confident,Not Reported,,Not Reported,,Not Reported,,Not Provided,odd study: not clear what the experimental conditions are; excluded variable items,JG
Featherston_2005_thattrace_in_german,1,Sam Featherston,2005.0,That-trace in German,Lingua,https://doi.org/10.1016/j.lingua.2004.04.001,grammaticality judgement; grammaticality judgment; magnitude estimation; syntactic judgement ; syntactic judgment,25,Not Reported,Not Reported,Mixed,Advertisement / Word of mouth,Not Reported,Region; Gender / Sex; Age,German,2,1,4,Yes,8 or 64,Within-subjects,,Not Reported,Not Reported,Not Reported,46,?,0,Not Reported,Fairly confident,32?,32,14,No,Syntax,Fully Constructed,Frequency; Semantics; Length,Not Reported,Not Reported,Slightly confident,Sentences are presented to you on the screen: Some will seem more natural to you and others less natural: Your task is to give a judgement of their naturalness in numerical form:[...] the first sentence you see is a reference item:[...] you can give the reference item any value; but you should judge the naturalness of subsequent sentences relative to this first one:,naturalness,Continuous,ME,Magnitude Estimation,Written,Not Reported,Not Reported,Computer-based,Not Reported,No,Not Reported,Not Reported,Not Reported,Not Reported,Fairly confident,Continuous,Z-score,Not Reported,ANOVA,No,Participant; Items,Not Reported,Not Reported,Not Reported,Not Reported,Not Reported,Not Reported,Not Reported,,Fairly confident,Not Reported,,Not Reported,,Not Reported,,sam.featherston@uni-tuebingen.de,,JG
Kunduracı_2023_bound_productivity_in,1,Aysun Kunduracı,2023.0,Bound productivity in stem-formation and categorial separation,Lingua,https://doi.org/10.1016/j.lingua.2023.103597,acceptability judgement; acceptability judgment; grammaticality judgement; grammaticality judgment; syntactic judgement ; syntactic judgment,50,Not Reported,Not Reported,Students (unspecified),Not Reported,Not Reported,Age; Education; Region,Turkish,1,1,Not Reported,No,Not Reported,Within-subjects,,Not Reported,Not Reported,Not Reported,Not Reported,0,0,Not Reported,Fairly confident,84,Not Reported,Not Reported,Yes,Morphology; Syntax,Fully Constructed,Not Reported,Not Reported,Not Reported,Fairly confident,"They were provided with clear instructions on the meaning of “good” forms (grammatically acceptable), “bad” forms (grammatically unacceptable), and “unsure” forms (weird or uncertain). They were then asked to evaluate the acceptability of each expression in the questionnaire by selecting one of the following three options: (a) iyi ‘good’, (b) kötü ‘bad’, and (c) emin değilim ‘I am not sure’.",other,Ordinal (Likert),3,Isolation,Written,Not Reported,Not Reported,Computer-based,Not Reported,No,Not Reported,Not Reported,Not Reported,Not Reported,Fairly confident,Dichotomous,Not Reported,Not Reported,Non-parametric test,No,Not Reported,Not Reported,Not Reported,Not Reported,Not Reported,Not Reported,Not Reported,Not Reported,,Fairly confident,Published in supplement,,Not Reported,,Not Reported,,aysun.kunduraci@yeditepe.edu.tr,mentions 'acceptability' but instructions target 'good'/'bad'; uses descriptive and Fisher exact tests,JG
"Khalaf, Mashaqba_2022_semantic_scope_in",1,Eman Al Khalaf; Bassil Mashaqba,2022.0,Semantic scope in Q-float constructions: An experimental investigation,Lingua,https://doi.org/10.1016/j.lingua.2022.103457,acceptability judgement; acceptability judgment; grammaticality judgement; grammaticality judgment; sentence judgement; sentence judgment; syntactic judgement ; syntactic judgment,,,,Not Reported,Not Reported,Not Reported,Not Reported,Not Reported,1,1,,,,Within-subjects,,Not Reported,Not Reported,Not Reported,,0,0,Not Reported,,,,Not Reported,,Not Reported,Not Reported,Not Reported,Not Reported,Not Reported,,Not Reported,Not Reported,Not Reported,,Isolation,Written,Not Reported,Not Reported,Not Reported,Not Reported,Not Reported,Not Reported,Not Reported,Not Reported,Not Reported,,,Not Reported,Not Reported,Not Reported,No,Not Reported,Not Reported,Not Reported,Not Reported,Not Reported,Not Reported,Not Reported,Not Reported,,,Not Reported,,Not Reported,,Not Reported,,,Exclude. Not an acceptability judgment task,JG
"Stepanov, Mušič, Stateva_2018_two_non_islands",1,Arthur Stepanov; Manca Mušič; Penka Stateva,2018.0,Two (non-) islands in Slovenian: A study in Experimental Syntax,Linguistics,https://doi.org/10.1515/ling-2018-0002,acceptability judgment; acceptability rating; grammaticality judgment; grammaticality rating; linguistic intuition judgment; linguistic intuition rating; magnitude estimation; naïve rating; sentence judgment; syntactic judgment,64,60,Not Reported,Mixed,Not Reported,Not Reported,Gender / Sex; Age; Education; Other,Slovenian,1,1,16 (8x2),Yes,4,Within-subjects,,Yes,Intermixed,Semi-random,64,Unclear,0,Not Reported,Fairly confident,64,32,32,Yes,Syntax,Fully Constructed,Not Reported,Not Reported,Not Reported,Fairly confident,The participants were then instructed to indicate the acceptability of each sentence relative to the score assigned to the standard.,Not Reported,Continuous,ME,Isolation,Written,Not Reported,Self-paced,Paper,Yes,Yes,Not Reported,Not Reported,Not Reported,Not Reported,Fairly confident,Continuous,Z-score,R,Mixed-Effects Regression,No,Items; Participant,Yes,Not Reported,Not Reported,Not Reported,Not Reported,Not Reported,Not Reported,,Fairly confident,Not Reported,,Not Reported,,Not Reported,,arthur.stepanov@ung.si,good example of clear description,JG
Lee_2016_usage_probability_and,1,Hanjung Lee,2016.0,Usage probability and subject—object asymmetries in Korean case ellipsis: Experiments with subject case ellipsis,JoLinguistics,http://www.jstor.org/stable/44076638,acceptability judgment; acceptability rating; grammaticality judgment; grammaticality rating ; linguistic intuition judgment; linguistic intuition rating; ordinal ratings; sentence judgment; syntactic judgment,60,Not Reported,,Students (unspecified),University affiliation,Not Reported,Not Reported,Korean,1,1,4,No,Not Reported,Within-subjects,,Not Reported,Not Reported,Not Reported,Not Reported,0,0,Not Reported,Slightly confident,Not Reported,Not Reported,Not Reported,No,Syntax; Morphology,Not Reported,Other; Semantics,Not Reported,Yes,Fairly confident,"Please read through the following conversations, and then make a judgment on the underlined expression in each conversation by assigning them a grade from 1to 5. Use the following scale to make your judgments: 1= Completely unacceptable 4 = Acceptable 2 = Unacceptable 5 = Completely acceptable 3 = Just barely acceptable",Not Reported,Ordinal (Likert),5,Not Reported,Not Reported,Not Reported,Not Reported,Not Reported,Not Reported,Not Reported,Not Reported,Not Reported,Not Reported,Not Reported,Fairly confident,Continuous,Not Reported,Not Reported,ANOVA,No,Not Reported,Not Reported,Not Reported,Not Reported,Not Reported,Not Reported,Not Reported,Not Reported,,Fairly confident,On Request,,Not Reported,,Not Reported,,hanjung@skku. edu,Not clear if this is (re-)reporting and experiment from a previous study.,JG
"González-Vilbazo, López_2012_little_v_and",1,Kay González-Vilbazo; Luis López,2012.0,Little v and parametric variation,NL & LT,http://www.jstor.org/stable/41406445,Likert scale; acceptability judgment; grammaticality judgment; naturalness judgment; sentence judgment; syntactic judgment,82,Not Reported,Not Reported,Students (unspecified),Not Reported,Not Reported,Age; Education; Region; Language background,Espuglish,1,1,Not Reported,No,Not Reported,Within-subjects,,Not Reported,Not Reported,Not Reported,Not Reported,0,0,Not Reported,Fairly confident,Not Reported,Not Reported,Not Reported,No,Syntax,Not Reported,Not Reported,Not Reported,Not Reported,Fairly confident,Not Reported,Not Reported,Ordinal (Likert),5,Not Reported,Written,Not Reported,Not Reported,Not Reported,Not Reported,Not Reported,Not Reported,Not Reported,Not Reported,Not Reported,Fairly confident,Not Reported,Not Reported,Not Reported,Not Reported,No,Not Reported,Not Reported,Not Reported,Not Reported,Not Reported,Not Reported,Not Reported,Not Reported,,Fairly confident,Not Reported,,Not Reported,,Not Reported,,luislope@uic.edu,Odd paper not reporting any information about the judgment study design or results,JG
Dor_2005_toward_a_semantic,1,Daniel Dor,2005.0,Toward a Semantic Account of that-Deletion in English,Linguistics,https://doi.org/10.1515/ling.2005.43.2.345,acceptability judgment; grammaticality judgment; linguistic intuition judgment; sentence judgment; syntactic judgment,50?,Not Reported,Not Reported,Students (unspecified),University affiliation,Not Reported,Region; Language background,English,1,1,Not Reported,No,Not Reported,Within-subjects,,Not Reported,Not Reported,Not Reported,Not Reported,0,0,Not Reported,Fairly confident,Not Reported,Not Reported,Not Reported,No,Syntax,Not Reported,Not Reported,Not Reported,Not Reported,Fairly confident,Not Reported,Not Reported,Not Reported,,Isolation,Written,Not Reported,Not Reported,Not Reported,Not Reported,Not Reported,Not Reported,Not Reported,Not Reported,Not Reported,Fairly confident,Not Reported,Not Reported,Not Reported,Not Reported,No,Not Reported,Not Reported,Not Reported,Not Reported,Not Reported,Not Reported,Not Reported,Yes,Corpus data,Fairly confident,Not Reported,,Not Reported,,Not Reported,,,"No reporting of details at all. ""Grammatical and semantic judgments were collected from *about* 50 native speakers of English""",JG
"Fanselow, Schlesewsky, Vogel et al._2011_animacy_effects_on",1,Gisbert Fanselow; Matthias Schlesewsky; Ralf Vogel; Thomas Weskott,2011.0,Animacy effects on crossing wh-movement in German,Linguistics,https://doi.org/10.1515/ling.2011.021,acceptability judgment; acceptability rating; grammaticality judgment; grammaticality rating; magnitude estimation; naïve rating; sentence judgment; syntactic judgment,39,Not Reported,Not Reported,Not Reported,Not Reported,Not Reported,Not Reported,German,8,1,8,Yes,4,Mixed,matched vs. mixed pronoun types,Yes,Not Reported,Not Reported,88,0,0,Not Reported,Fairly confident,32,16,72,No,Syntax,Fully Constructed,Not Reported,Not Reported,Not Reported,Fairly confident,Not Reported,Not Reported,Ordinal (Likert),7,Not Reported,Not Reported,Not Reported,Not Reported,Not Reported,Not Reported,Not Reported,Not Reported,Not Reported,Not Reported,Not Reported,Fairly confident,Continuous,Not Reported,Not Reported,ANOVA,No,Items; Participant,Not Reported,Not Reported,Not Reported,Not Reported,Not Reported,Not Reported,Not Reported,,Fairly confident,Not Reported,,Not Reported,,Not Reported,,fanselow@uni-potsdam.de,,JG
"Fanselow, Schlesewsky, Vogel et al._2011_animacy_effects_on",2,Gisbert Fanselow; Matthias Schlesewsky; Ralf Vogel; Thomas Weskott,2011.0,Animacy effects on crossing wh-movement in German,Linguistics,https://doi.org/10.1515/ling.2011.021,acceptability judgment; acceptability rating; grammaticality judgment; grammaticality rating; magnitude estimation; naïve rating; sentence judgment; syntactic judgment,296,Not Reported,Not Reported,Not Reported,Not Reported,Not Reported,Not Reported,German,8,2,2,Yes,4,Within-subjects,,Yes,Not Reported,Not Reported,88,0,0,Not Reported,Fairly confident,8,8,76-80,No,Syntax,Fully Constructed,Not Reported,Not Reported,Not Reported,Fairly confident,Not Reported,Not Reported,Ordinal (Likert),7,Not Reported,Not Reported,Not Reported,Not Reported,Not Reported,Not Reported,Not Reported,Not Reported,Not Reported,Not Reported,Not Reported,Fairly confident,Continuous,Not Reported,Not Reported,ANOVA,No,Not Reported,Not Reported,Not Reported,Not Reported,Not Reported,Not Reported,Not Reported,Not Reported,,Fairly confident,Not Reported,,Not Reported,,Not Reported,,fanselow@uni-potsdam.de,,JG
"Fanselow, Schlesewsky, Vogel et al._2011_animacy_effects_on",3,Gisbert Fanselow; Matthias Schlesewsky; Ralf Vogel; Thomas Weskott,2011.0,Animacy effects on crossing wh-movement in German,Linguistics,https://doi.org/10.1515/ling.2011.021,acceptability judgment; acceptability rating; grammaticality judgment; grammaticality rating; magnitude estimation; naïve rating; sentence judgment; syntactic judgment,20,Not Reported,Not Reported,Not Reported,Not Reported,Not Reported,Not Reported,Czech and Polish,8,3,2,Yes,4,Mixed,matched vs. mixed pronoun types,Yes,Not Reported,Not Reported,106,0,0,Not Reported,Fairly confident,8,8,98,Yes,Syntax,Fully Constructed,Not Reported,Not Reported,Not Reported,Fairly confident,Not Reported,Not Reported,Ordinal (Likert),7,Not Reported,Not Reported,Not Reported,Not Reported,Not Reported,Not Reported,Not Reported,Not Reported,Not Reported,Not Reported,Not Reported,Fairly confident,Continuous,Not Reported,Not Reported,ANOVA,No,Not Reported,Not Reported,Not Reported,Not Reported,Not Reported,Not Reported,Not Reported,Not Reported,,Fairly confident,Not Reported,,Not Reported,,Not Reported,,fanselow@uni-potsdam.de,,JG
"Fanselow, Schlesewsky, Vogel et al._2011_animacy_effects_on",4,Gisbert Fanselow; Matthias Schlesewsky; Ralf Vogel; Thomas Weskott,2011.0,Animacy effects on crossing wh-movement in German,Linguistics,https://doi.org/10.1515/ling.2011.021,acceptability judgment; acceptability rating; grammaticality judgment; grammaticality rating; magnitude estimation; naïve rating; sentence judgment; syntactic judgment,24,Not Reported,Not Reported,Not Reported,Not Reported,Not Reported,Not Reported,German,8,4,4,Yes,8,Within-subjects,,Yes,Not Reported,Not Reported,224,0,0,Not Reported,Fairly confident,32,32,192,No,Syntax,Fully Constructed,Not Reported,Not Reported,Not Reported,Fairly confident,Not Reported,Not Reported,Dichotomous (Binary),2,Isolation,Audio,Not Reported,Not Reported,Computer-based,Yes,Yes,Not Reported,Not Reported,Not Reported,Not Reported,Fairly confident,Continuous,Not Reported,Not Reported,ANOVA,No,Participant; Items,Not Reported,Not Reported,Not Reported,Not Reported,Not Reported,Not Reported,Not Reported,,Fairly confident,Not Reported,,Not Reported,,Not Reported,,fanselow@uni-potsdam.de,Binary judgments analysed as percentages,JG
"Fanselow, Schlesewsky, Vogel et al._2011_animacy_effects_on",5,Gisbert Fanselow; Matthias Schlesewsky; Ralf Vogel; Thomas Weskott,2011.0,Animacy effects on crossing wh-movement in German,Linguistics,https://doi.org/10.1515/ling.2011.021,acceptability judgment; acceptability rating; grammaticality judgment; grammaticality rating; magnitude estimation; naïve rating; sentence judgment; syntactic judgment,48,Not Reported,Not Reported,Not Reported,Not Reported,Not Reported,Not Reported,German,8,5,4,Yes,4,Within-subjects,,Yes,Not Reported,Not Reported,112,0,0,Not Reported,Fairly confident,16,16,96,No,Syntax,Fully Constructed,Not Reported,Not Reported,Not Reported,Fairly confident,Not Reported,Not Reported,Ordinal (Likert),7,Not Reported,Not Reported,Not Reported,Not Reported,Not Reported,Not Reported,Not Reported,Not Reported,Not Reported,Not Reported,Not Reported,Fairly confident,Continuous,Not Reported,Not Reported,ANOVA,No,Items; Participant,Not Reported,Not Reported,Not Reported,Not Reported,Not Reported,Not Reported,Not Reported,,Fairly confident,Not Reported,,Not Reported,,Not Reported,,fanselow@uni-potsdam.de,,JG
"Fanselow, Schlesewsky, Vogel et al._2011_animacy_effects_on",6,Gisbert Fanselow; Matthias Schlesewsky; Ralf Vogel; Thomas Weskott,2011.0,Animacy effects on crossing wh-movement in German,Linguistics,https://doi.org/10.1515/ling.2011.021,acceptability judgment; acceptability rating; grammaticality judgment; grammaticality rating; magnitude estimation; naïve rating; sentence judgment; syntactic judgment,24,Not Reported,Not Reported,Not Reported,Not Reported,Not Reported,Not Reported,German,8,6,4,Yes,4,Within-subjects,,Yes,Not Reported,Not Reported,50,0,0,Not Reported,Fairly confident,16,16,34,No,Syntax,Fully Constructed,Not Reported,Not Reported,Not Reported,Fairly confident,Not Reported,Not Reported,Ordinal (Likert),7,Not Reported,Not Reported,Not Reported,Not Reported,Not Reported,Not Reported,Not Reported,Not Reported,Not Reported,Not Reported,Not Reported,Fairly confident,Continuous,Not Reported,Not Reported,ANOVA,No,Items; Participant,Not Reported,Not Reported,Not Reported,Not Reported,Not Reported,Not Reported,Not Reported,,Fairly confident,Not Reported,,Not Reported,,Not Reported,,fanselow@uni-potsdam.de,,JG
"Fanselow, Schlesewsky, Vogel et al._2011_animacy_effects_on",7,Gisbert Fanselow; Matthias Schlesewsky; Ralf Vogel; Thomas Weskott,2011.0,Animacy effects on crossing wh-movement in German,Linguistics,https://doi.org/10.1515/ling.2011.021,acceptability judgment; acceptability rating; grammaticality judgment; grammaticality rating; magnitude estimation; naïve rating; sentence judgment; syntactic judgment,24,Not Reported,Not Reported,Not Reported,Not Reported,Not Reported,Not Reported,German,8,7,2,Yes,4,Within-subjects,,Yes,Not Reported,Not Reported,80,0,0,Not Reported,Fairly confident,8,8,72,No,Syntax,Fully Constructed,Not Reported,Not Reported,Not Reported,Fairly confident,Not Reported,Not Reported,Ordinal (Likert),7,Not Reported,Not Reported,Not Reported,Not Reported,Not Reported,Not Reported,Not Reported,Not Reported,Not Reported,Not Reported,Not Reported,Fairly confident,Continuous,Not Reported,Not Reported,ANOVA,No,Items; Participant,Not Reported,Not Reported,Not Reported,Not Reported,Not Reported,Not Reported,Not Reported,,Fairly confident,Not Reported,,Not Reported,,Not Reported,,fanselow@uni-potsdam.de,,JG
"Fanselow, Schlesewsky, Vogel et al._2011_animacy_effects_on",8,Gisbert Fanselow; Matthias Schlesewsky; Ralf Vogel; Thomas Weskott,2011.0,Animacy effects on crossing wh-movement in German,Linguistics,https://doi.org/10.1515/ling.2011.021,acceptability judgment; acceptability rating; grammaticality judgment; grammaticality rating; magnitude estimation; naïve rating; sentence judgment; syntactic judgment,24,Not Reported,Not Reported,Students (unspecified),University affiliation,Not Reported,Not Reported,German,8,8,4,Yes,4,Within-subjects,,Yes,Not Reported,Not Reported,88,0,0,Not Reported,Fairly confident,16,16,0,No,Syntax,Fully Constructed,Not Reported,Not Reported,Not Reported,Fairly confident,Not Reported,Not Reported,Ordinal (Likert),7,Not Reported,Not Reported,Not Reported,Not Reported,Not Reported,Not Reported,Not Reported,Not Reported,Not Reported,Not Reported,Not Reported,Fairly confident,Continuous,Not Reported,Not Reported,ANOVA,No,Items; Participant,Not Reported,Not Reported,Not Reported,Not Reported,Not Reported,Not Reported,Not Reported,,Fairly confident,Not Reported,,Not Reported,,Not Reported,,fanselow@uni-potsdam.de,,JG
"Arsenijevic, Gracanin-Yuksek_2016_agreement_and_the",1,Boban Arsenijevic; Martina Gracanin-Yuksek,2016.0,Agreement and the structure of relative clauses,Glossa,https://doi.org/10.5334/gjgl.12,Likert scale; grammaticality judg(e)ment; sentence judg(e)ment; syntactic judg(e)ment,79,Not Reported,Not Reported,Not Reported,Not Reported,Not Reported,Not Reported,Serbian,1,1,Not Reported,No,Not Reported,Not Reported,,Not Reported,Not Reported,Not Reported,Not Reported,0,0,Not Reported,Fairly confident,Not Reported,Not Reported,Not Reported,No,Morphology; Syntax,Not Reported,Not Reported,Not Reported,Not Reported,Fairly confident,Not Reported,Not Reported,Ordinal (Likert),5,Not Reported,Not Reported,Not Reported,Not Reported,Not Reported,Not Reported,Not Reported,Not Reported,Not Reported,Not Reported,Not Reported,Fairly confident,Continuous,Not Reported,Not Reported,Not Reported,No,Not Reported,Not Reported,Not Reported,Not Reported,Not Reported,Not Reported,Not Reported,Not Reported,,Fairly confident,Not Reported,,Not Reported,,Not Reported,,b.arsenijevic@gmail.com,"Minimal description of questionnaire, with no analysis of ratings. Claimed to collect additional data not as part of the experiment ""Other grammaticality judgments are the authors’, and are also tested with a number of other speakers.""",JG
"Heycock, Hartmann_2018_a_remark_on",1,Caroline Heycock; Jutta M. Hartmann,2018.0,A remark on Béjar & Kahnemuyipour 2017: Specificational subjects do have phi-features,JoLinguistics,https://www.jstor.org/stable/26570812,acceptability judgement; acceptability judgment; acceptability rating; magnitude estimation; sentence judgement; sentence judgment; syntactic judgement; syntactic judgment; thermometer rating; thermometer ratings,Not Reported,Not Reported,Not Reported,Not Reported,Not Reported,Not Reported,Not Reported,Icelandic,1,1,6,Yes,Not Reported,Not Reported,,Not Reported,Not Reported,Not Reported,Not Reported,0,0,Not Reported,Fairly confident,Not Reported,Not Reported,Not Reported,No,Syntax; Morphology,Not Reported,Not Reported,Not Reported,Not Reported,Fairly confident, participants were asked to give their judgments of acceptability (exact instructions not reported),acceptability,Continuous,ME,Magnitude Estimation,Not Reported,Not Reported,Not Reported,Computer-based,Not Reported,No,Not Reported,Not Reported,Not Reported,Not Reported,Fairly confident,Continuous,Not Reported,Not Reported,t-test,No,Not Reported,Not Reported,Not Reported,Not Reported,Not Reported,Not Reported,Not Reported,Not Reported,,Fairly confident,Not Reported,,Not Reported,,Not Reported,, hartmann@ids-mannheim.de,"Very very details about the experiment. Participant number can be deduced from tables, but nothing about items",JG
"Wasow, Arnold_2005_intuitions_in_linguistic",1,Thomas Wasow; Jennifer Arnold,2005.0,Intuitions in linguistic argumentation,Lingua,https://doi.org/10.1016/j.lingua.2004.07.001,acceptability judgement; acceptability judgment; grammaticality judgement; grammaticality judgment; intuitive judgement; intuitive judgment; linguistic intuition judgement; linguistic intuition judgment; naturalness judgement; naturalness judgment; sentence judgement; sentence judgment; syntactic judgement ; syntactic judgment,88?,84?,Not Reported,Students (unspecified),University affiliation,Not Reported,Not Reported,English,1,1,12,No,Not Reported,Within-subjects,,Yes,Not Reported,Not Reported,32,0,0,Not Reported,Slightly confident,48?,12,20,No,Syntax,Fully Constructed,Not Reported,Not Reported,Not Reported,Fairly confident,"Participants were asked to rate the acceptability of each sentence on a four-point scale. Exact: Rely on your own intuitions of what sounds good, not on what you think is correct according to the experts.",acceptability,Ordinal (Likert),4,Isolation,Written,Not Reported,Not Reported,Not Reported,Not Reported,Not Reported,Not Reported,Not Reported,Not Reported,Not Reported,Fairly confident,Continuous,Not Reported,Not Reported,ANOVA,No,Items; Participant,Not Reported,Not Reported,Not Reported,Not Reported,Not Reported,Not Reported,Not Reported,,Fairly confident,Not Reported,,Not Reported,,Not Reported,,wasow@csli.stanford.edu,Not clear how stimulus item lists were constructed or how many total participants were included.,JG
Coetzee_2014_grammatical_change_through,1,Andries W. Coetzee,2014.0,Grammatical change through lexical accumulation: Voicing cooccurrence restrictions in Afrikaans,Language,https://doi.org/10.1353/lan.2014.0066,acceptability rating; naturalness rating,14,12,Not Reported,Mixed,Mixed,Paid directly,Language background,Afrikaans,1,1,8,No,10,Within-subjects,,Yes,Intermixed,Random,560?,0,0,Not Reported,Slightly confident,80?,Not Reported,60?,No,Phonology,Fully Constructed,Not Reported,Not Reported,Not Reported,Fairly confident,Participants were instructed to listen to the recording once and then to indicate how likely they would be to use the particular plural for the made-up word. (exact not reported),other,Ordinal (Likert),7,Isolation,Audio,Not Reported,Not Reported,Computer-based,Not Reported,Not Reported,Not Reported,Not Reported,Not Reported,Not Reported,,,Not Reported,Not Reported,Not Reported,No,Not Reported,Not Reported,Not Reported,Not Reported,Not Reported,Not Reported,Not Reported,Not Reported,,,Not Reported,,Not Reported,,Not Reported,,coetzee@umich.edu,"the items were (40) roots, which were each expressed in one of two forms for presentation, so it should be 80 unique tokens presented to participants. Plus 60? fillers Trial counts are also hard to determine: ""Each singular ~ plural pair was presented four times during the experiment"". So (80 + 60)x4 = 560 trials! ",JG
"Frazier, Jr._2005_the_syntaxdiscourse_divide",1,Lyn Frazier; Charles Clifton Jr.,2005.0,The syntax-discourse divide: processing ellipsis,Syntax,https://doi.org/10.1111/j.1467-9612.2005.00077.x,acceptability judgment; acceptability rating; grammaticality judgment; grammaticality rating; intuitive judgment; linguistic intuition judgment; linguistic intuition rating; naturalness judgment; naturalness rating; sentence judgment; syntactic judgment,48,Not Reported,12?,Students (unspecified),University affiliation,Not Reported,Not Reported,English,11,1a,4,No,Not Reported (16?),Within-subjects,,Yes,Intermixed,Fixed,68?,0,0,Not Reported,Fairly confident,64,Not Reported,52,No,Syntax,Fully Constructed,Not Reported,Not Reported,Not Reported,Slightly confident,"They were instructed to rate each sentence on a 5-point scale, where 1 was to mean ‘‘unacceptable’’ and 5 to mean ‘‘acceptable and natural.’’ They were further instructed to assign a 1 to a sentence that they would not expect a native speaker of English to say, and 5to a sentence that they could easily imagine themselves saying or hearing without noticing anything odd about it. They were told to try to use the whole5-point scale.",acceptability,Ordinal (Likert),5,Isolation,Written,Not Reported,Not Reported,Not Reported,Not Reported,Not Reported,Not Reported,Not Reported,Not Reported,Not Reported,Fairly confident,Continuous,Not Reported,Not Reported,ANOVA,No,Items; Participant,Not Reported,Not Reported,Not Reported,Not Reported,Not Reported,Not Reported,Yes,self-paced reading,Fairly confident,Published in article,,Not Reported,,Not Reported,,lyn@linguist.umass.edu,Eleven total studies reported! Divided items into 4 lists,JG
"Frazier, Jr._2005_the_syntaxdiscourse_divide",2,Lyn Frazier; Charles Clifton Jr.,2005.0,The syntax-discourse divide: processing ellipsis,Syntax,https://doi.org/10.1111/j.1467-9612.2005.00077.x,acceptability judgment; acceptability rating; grammaticality judgment; grammaticality rating; intuitive judgment; linguistic intuition judgment; linguistic intuition rating; naturalness judgment; naturalness rating; sentence judgment; syntactic judgment,70,Not Reported,Not Reported,Students (unspecified),University affiliation,Not Reported,Not Reported,English,11,2,4,No,Not Reported (16?),Within-subjects,,Yes,Intermixed,Fixed,32,0,0,Not Reported,Fairly confident,64,16,16,No,Syntax,Fully Constructed,Not Reported,Not Reported,Not Reported,Slightly confident,"They were asked to decide how natural each sentence sounded to them, from the perspective of helping a non-native speaker of English to learn what was natural. Each sentence was followed by a 5-point rating scale, where 1 was deﬁned as ‘‘unnatural’’ and 5 as ‘‘natural.’’",naturalness,Ordinal (Likert),5,Isolation,Written,Not Reported,Not Reported,Not Reported,Not Reported,Not Reported,Not Reported,Not Reported,Not Reported,Not Reported,Fairly confident,Continuous,Not Reported,Not Reported,ANOVA,No,Items; Participant,Not Reported,Not Reported,Not Reported,Not Reported,Not Reported,Not Reported,Not Reported,,Fairly confident,Published in article,,Not Reported,,Not Reported,,lyn@linguist.umass.edu,Eleven total studies reported! Divided items into 4 lists,JG
"Frazier, Jr._2005_the_syntaxdiscourse_divide",3,Lyn Frazier; Charles Clifton Jr.,2005.0,The syntax-discourse divide: processing ellipsis,Syntax,https://doi.org/10.1111/j.1467-9612.2005.00077.x,acceptability judgment; acceptability rating; grammaticality judgment; grammaticality rating; intuitive judgment; linguistic intuition judgment; linguistic intuition rating; naturalness judgment; naturalness rating; sentence judgment; syntactic judgment,48,Not Reported,Not Reported,Students (unspecified),University affiliation,Not Reported,Not Reported,English,6,3,6,No,24,Within-subjects,,Yes,Intermixed,Random,138,6,0,Not Reported,Fairly confident,144,24,114,No,Syntax,Fully Constructed,Not Reported,Not Reported,Not Reported,Slightly confident,"Each participant was instructed to read sentences or two-sentence discourses, phrase by phrase, pulling a trigger with the right hand if the sentence was grammatically acceptable to that point, and pulling a trigger with the left hand if the sentence had become unacceptable. ‘‘Unacceptable’’ was deﬁned as violating the normal rules of everyday English",acceptability,Dichotomous (Binary),2,Isolation,Written,Not Reported,Not Reported,Computer-based,Yes,Yes,Not Reported,Not Reported,Not Reported,Not Reported,Fairly confident,Continuous,Not Reported,Not Reported,ANOVA,No,Items; Participant,Not Reported,Not Reported,Not Reported,Not Reported,Not Reported,Not Reported,Yes,reaction time,Fairly confident,Published in article,,Not Reported,,Not Reported,,lyn@linguist.umass.edu,Eleven total studies reported! Divided items into 6 lists,JG
"Frazier, Jr._2005_the_syntaxdiscourse_divide",4,Lyn Frazier; Charles Clifton Jr.,2005.0,The syntax-discourse divide: processing ellipsis,Syntax,https://doi.org/10.1111/j.1467-9612.2005.00077.x,acceptability judgment; acceptability rating; grammaticality judgment; grammaticality rating; intuitive judgment; linguistic intuition judgment; linguistic intuition rating; naturalness judgment; naturalness rating; sentence judgment; syntactic judgment,48,Not Reported,12?,Students (unspecified),University affiliation,Not Reported,Not Reported,English,11,8a,6,No,Not Reported (16?),Within-subjects,,Yes,Intermixed,Fixed,68?,0,0,Not Reported,Fairly confident,72,24,44,No,Syntax,Fully Constructed,Not Reported,Not Reported,Not Reported,Slightly confident,"The participants were explicitly instructed to interpret the capitalized words as accented and emphasized and to provide their intuitive judgment of the acceptability of each sentence after reading in a normal fashion. ‘‘Acceptable’’ was described as applying to a sentence that the participant could easily imagine hearing or saying (even if it were complex), and ‘‘unacceptable’’ as applying to a sentence that the participant would say only by mistake or would not expect a native speaker of English to say.",acceptability,Ordinal (Likert),5,Isolation,Written,Not Reported,Not Reported,Not Reported,Not Reported,Not Reported,Not Reported,Not Reported,Not Reported,Not Reported,Fairly confident,Continuous,Not Reported,Not Reported,ANOVA,No,Items; Participant,Not Reported,Not Reported,Not Reported,Not Reported,Not Reported,Not Reported,Yes,self-paced reading,Fairly confident,Published in article,,Not Reported,,Not Reported,,lyn@linguist.umass.edu,Eleven total studies reported! Divided items into 6 lists,JG
"Frazier, Jr._2005_the_syntaxdiscourse_divide",5,Lyn Frazier; Charles Clifton Jr.,2005.0,The syntax-discourse divide: processing ellipsis,Syntax,https://doi.org/10.1111/j.1467-9612.2005.00077.x,acceptability judgment; acceptability rating; grammaticality judgment; grammaticality rating; intuitive judgment; linguistic intuition judgment; linguistic intuition rating; naturalness judgment; naturalness rating; sentence judgment; syntactic judgment,60,Not Reported,12?,Students (unspecified),University affiliation,Not Reported,Not Reported,English,11,8b,6,No,30,Within-subjects,,Yes,Intermixed,Fixed,136,Unknown,0,Not Reported,Fairly confident,180,30,106,No,Syntax,Fully Constructed,Not Reported,Not Reported,Not Reported,Slightly confident,"They were instructed to rate each sentence on a 5-point scale, where 1 was to mean ‘‘unacceptable’’ and 5 to mean ‘‘acceptable and natural.’’ They were further instructed to assign a 1 to a sentence that they would not expect a native speaker of English to say, and 5to a sentence that they could easily imagine themselves saying or hearing without noticing anything odd about it. They were told to try to use the whole5-point scale.",acceptability,Dichotomous (Binary),2,Isolation,Written,Not Reported,Not Reported,Computer-based,Yes,Yes,Not Reported,Not Reported,Not Reported,Not Reported,Fairly confident,Continuous,Not Reported,Not Reported,ANOVA,No,Items; Participant,Not Reported,Not Reported,Not Reported,Not Reported,Not Reported,Not Reported,Yes,self-paced reading,Fairly confident,Published in article,,Not Reported,,Not Reported,,lyn@linguist.umass.edu,Eleven total studies reported! ,JG
Shimojo_1997_the_role_of,2,Mitsuaki Shimojo,1997.0,The role of the general category in the maintenance of numeral-classifier systems: the case of tsu and ko in Japanese,Linguistics,https://doi.org/10.1515/ling.1997.35.4.705,acceptability judgment; acceptability rating; grammaticality judgment; grammaticality rating; naturalness judgment; naturalness rating; sentence judgment; syntactic judgment,9,Not Reported,Not Reported,Not Reported,Not Reported,Not Reported,Language background; Region,Japanese,2,2,10?,No,Not Reported,Within-subjects,,Not Reported,Not Reported,Not Reported,Not Reported,0,0,Not Reported,Fairly confident,Not Reported,Not Reported,Not Reported,No,Not Reported,Not Reported,Not Reported,Not Reported,Not Reported,Fairly confident,Not Reported,acceptability,Ordinal (Likert),5,Isolation,Not Reported,Not Reported,Not Reported,Not Reported,Not Reported,Not Reported,Not Reported,Not Reported,Not Reported,Not Reported,Fairly confident,Continuous,Not Reported,Not Reported,Descriptive only,No,Not Reported,Not Reported,Not Reported,Not Reported,Not Reported,Not Reported,Not Reported,Not Reported,,Fairly confident,Not Reported,,Not Reported,,Not Reported,,,Very little information about AJ task,JG
"Solt, Waldon_2019_numerals_under_negation",1,Stephanie Solt; Brandon Waldon,2019.0,Numerals under negation: Empirical findings,Glossa,https://doi.org/10.5334/gjgl.736,acceptability judg(e)ment; acceptability rating; linguistic intuition judg(e)ment; linguistic intuition rating; oridnal rating(s); sentence judg(e)ment; syntactic judg(e)ment,80,74,Not Reported,Mixed,Online platform,Paid directly,Region,English,2,1,8,Yes,4,Within-subjects,,Yes,Intermixed,Random,20,0,0,Not Reported,Fairly confident,32,8,12,No,Semantics,Edited Authentic,Not Reported,Not Reported,Not Reported,Fairly confident,"Participants were told they would see paragraphs of text, of the sort that they might read in a book, newspaper, or magazine. They were instructed to rate the acceptability of the bolded sentence on a scale of 1 to 7, with 1 being completely unacceptable and 7 completely acceptable. Participants were instructed to answer based on how natural the sentence sounded rather than on the basis of rules learned in school.",naturalness,Ordinal (Likert),7,Isolation,Written,Not Reported,Not Reported,Computer-based,Not Reported,Not Reported,Not Reported,Not Reported,Not Reported,Yes,Fairly confident,Ordinal,Not Reported,R,Mixed-Effects Regression,No,Participant; Items,Yes,Not Reported,Not Reported,Not Reported,Not Reported,Not Reported,Not Reported,,Fairly confident,Public Repository,https://doi.org/10.5334/gjgl.736.s1,Not Reported,,Not Reported,,solt@leibniz-zas.de,,JG
"Solt, Waldon_2019_numerals_under_negation",2,Stephanie Solt; Brandon Waldon,2019.0,Numerals under negation: Empirical findings,Glossa,https://doi.org/10.5334/gjgl.736,acceptability judg(e)ment; acceptability rating; linguistic intuition judg(e)ment; linguistic intuition rating; oridnal rating(s); sentence judg(e)ment; syntactic judg(e)ment,140,126,Not Reported,Mixed,Online platform,Paid directly,Region,English,2,2,28,No,1,Between-subjects,discourse condition,Yes,Intermixed,Random,28,0,0,Not Reported,Fairly confident,98,14,14,No,Semantics,Fully Constructed,Not Reported,Not Reported,Not Reported,Fairly confident,"Participants were instructed at the beginning of the experiment that they would see short dialogues between two individuals, Speaker A and Speaker B, and were asked to read the entire dialogue and then rate the acceptability of Speaker’s B response (in bold) on a scale of 1 to 7, with 1 being completely unacceptable and 7 completely acceptable. They were further instructed to judge just the bolded sentence based on how natural it sounded in the dialogue, rather than basing their answer on rules of grammar learned in school.",naturalness,Ordinal (Likert),7,Isolation,Written,Not Reported,Not Reported,Computer-based,Not Reported,Not Reported,Not Reported,Not Reported,Not Reported,Yes,Fairly confident,Ordinal,Not Reported,R,Mixed-Effects Regression,No,Participant; Items,Yes,Not Reported,Not Reported,Not Reported,Not Reported,Not Reported,Not Reported,,Fairly confident,Public Repository,https://doi.org/10.5334/gjgl.736.s1,Not Reported,,Not Reported,,solt@leibniz-zas.de,Exact item count is hard to reconstruct,JG
"Salzmann, Wierzba, Georgi_2023_condition_c_in",1,Martin Salzmann; Marta Wierzba; Doreen Georgi,2023.0,Condition C in German A′-movement: Tackling challenges in experimental research on reconstruction,JoLinguistics,https://doi.org/10.1017/S0022226722000214,acceptability judgement; acceptability judgment; sentence judgement; sentence judgment; syntactic judgement; syntactic judgment,32,Not Reported,Not Reported,Not Reported,Online platform,Not Reported,Language background,German,3,1,8,Yes,4,Within-subjects,,Not Reported,Not Reported,Not Reported,76,0,0,Not Reported,Fairly confident,32,32,44,Yes,Syntax; Semantics,Fully Constructed,Not Reported,Not Reported,Not Reported,Fairly confident,we asked participants to rate the sentence on a 1–7 scale,Not Reported,Ordinal (Likert),7,Isolation,Written,Not Reported,Not Reported,Computer-based,Yes,No,Not Reported,Not Reported,Not Reported,Not Reported,Fairly confident,Ordinal,Not Reported,R,Descriptive only,No,Not Reported,Not Reported,Not Reported,Not Reported,Not Reported,Not Reported,Not Reported,Yes,semantic coreference,Fairly confident,Not Reported,,Not Reported,,Not Reported,,msalzm@ling.upenn.edu,"Also ran a binary judgment coreference task, which was the main focus of analysis",JG
"Salzmann, Wierzba, Georgi_2023_condition_c_in",2,Martin Salzmann; Marta Wierzba; Doreen Georgi,2023.0,Condition C in German A′-movement: Tackling challenges in experimental research on reconstruction,JoLinguistics,https://doi.org/10.1017/S0022226722000214,acceptability judgement; acceptability judgment; sentence judgement; sentence judgment; syntactic judgement; syntactic judgment,32,Not Reported,Not Reported,Not Reported,Online platform,Not Reported,Language background,German,3,1b,8,Yes,4,Within-subjects,,Not Reported,Not Reported,Not Reported,76,0,0,Not Reported,Fairly confident,32,32,44,Yes,Syntax; Semantics,Fully Constructed,Not Reported,Not Reported,Not Reported,Fairly confident,participants were asked to answer two questions with regard to coreference possibilities,plausibility,Dichotomous (Binary),2,Isolation,Written,Not Reported,Not Reported,Computer-based,Yes,No,Not Reported,Not Reported,Not Reported,Not Reported,Fairly confident,Dichotomous,Not Reported,R,Mixed-Effects Regression,No,Participant; Items,Yes,Not Reported,Not Reported,Not Reported,Not Reported,Not Reported,Yes,scalar acceptability,Fairly confident,Not Reported,,Not Reported,,Not Reported,,msalzm@ling.upenn.edu,"also ran a 1-7 acceptability judgment task, which was not the main focus of analysis",JG
"Salzmann, Wierzba, Georgi_2023_condition_c_in",3,Martin Salzmann; Marta Wierzba; Doreen Georgi,2023.0,Condition C in German A′-movement: Tackling challenges in experimental research on reconstruction,JoLinguistics,https://doi.org/10.1017/S0022226722000214,acceptability judgement; acceptability judgment; sentence judgement; sentence judgment; syntactic judgement; syntactic judgment,32,Not Reported,Not Reported,Not Reported,Online platform,Not Reported,Language background,German,3,2,8,Yes,4,Within-subjects,,Not Reported,Not Reported,Not Reported,76,0,0,Not Reported,Fairly confident,32,32,44,Yes,Syntax; Semantics,Fully Constructed,Not Reported,Not Reported,Not Reported,Fairly confident,participants were asked to answer two questions with regard to coreference possibilities.,plausibility,Dichotomous (Binary),2,Isolation,Written,Not Reported,Not Reported,Computer-based,Yes,No,Not Reported,Not Reported,Not Reported,Not Reported,Fairly confident,Dichotomous,Not Reported,R,Mixed-Effects Regression,No,Participant; Items,Yes,Not Reported,Not Reported,Not Reported,Not Reported,Not Reported,Not Reported,,Fairly confident,Not Reported,,Not Reported,,Not Reported,,msalzm@ling.upenn.edu,,JG
"Salzmann, Wierzba, Georgi_2023_condition_c_in",4,Martin Salzmann; Marta Wierzba; Doreen Georgi,2023.0,Condition C in German A′-movement: Tackling challenges in experimental research on reconstruction,JoLinguistics,https://doi.org/10.1017/S0022226722000214,acceptability judgement; acceptability judgment; sentence judgement; sentence judgment; syntactic judgement; syntactic judgment,32,Not Reported,Not Reported,Not Reported,Online platform,Not Reported,Language background,German,3,3,4,Yes,4,Within-subjects,,Not Reported,Not Reported,Not Reported,76,0,0,Not Reported,Fairly confident,32,32,44,Yes,Syntax; Semantics,Fully Constructed,Not Reported,Not Reported,Not Reported,Fairly confident,participants were asked to answer two questions with regard to coreference possibilities.,plausibility,Dichotomous (Binary),2,Isolation,Written,Not Reported,Not Reported,Computer-based,Yes,No,Not Reported,Not Reported,Not Reported,Not Reported,Fairly confident,Dichotomous,Not Reported,R,Mixed-Effects Regression,No,Participant; Items,Not Reported,Not Reported,Not Reported,Not Reported,Not Reported,Not Reported,Not Reported,,Fairly confident,Not Reported,,Not Reported,,Not Reported,,msalzm@ling.upenn.edu,"Also ran a binary judgment coreference task, which was the main focus of analysis",JG
"Pasquereau, Dillon, Frazier_2023_quantification_at_a",1,Jérémy Pasquereau; Brian Dillon; Lyn Frazier,2023.0,Quantification at a distance and grammatical illusions in French,Syntax,https://doi.org/10.1111/synt.12260,acceptability judgment; acceptability rating; grammaticality judgment; grammaticality rating; likert scale; magnitude estimation; naturalness judgment; naturalness rating; ordinal rating; sentence judgment; syntactic judgment,48,41,Not Reported,Mixed,Mixed,Not Reported,Gender / Sex; Age; Language background,French,5,1,3,Yes,18,Within-subjects,,Yes,Intermixed,Random,41,2,0,Not Reported,Fairly confident,54,18,23,No,Syntax,Fully Constructed,Other,Not Reported,Not Reported,Fairly confident,Participants were instructed to judge whether a sentence was ‘acceptable’ by replying oui ‘yes’ or non ‘no’ to the question Avezvous trouvé cette phrase acceptable? ‘Did you find this sentence acceptable?’,acceptability,Dichotomous (Binary),2,Isolation,Written,Not Reported,Fixed,Computer-based,Yes,Yes,Not Reported,Not Reported,Not Reported,Not Reported,Fairly confident,Dichotomous,Not Reported,R,Mixed-Effects Regression,No,Participant; Items,Yes,Not Reported,Not Reported,Not Reported,Not Reported,Not Reported,Not Reported,,Very confident,Public Repository,https://osf.io/sgw48/overview?view_only=1ff62b0d0ed04467b68ba8f773052013,Public Repository,https://osf.io/sgw48/overview?view_only=1ff62b0d0ed04467b68ba8f773052013,Not Reported,, jeremy.pasquereau@cnrs.fr,,JG
"Pasquereau, Dillon, Frazier_2023_quantification_at_a",2,Jérémy Pasquereau; Brian Dillon; Lyn Frazier,2023.0,Quantification at a distance and grammatical illusions in French,Syntax,https://doi.org/10.1111/synt.12260,acceptability judgment; acceptability rating; grammaticality judgment; grammaticality rating; likert scale; magnitude estimation; naturalness judgment; naturalness rating; ordinal rating; sentence judgment; syntactic judgment,74,59,Not Reported,Mixed,Mixed,Not Reported,Gender / Sex; Age; Language background,French,5,2,5,Yes,30,Within-subjects,,Yes,Intermixed,Random,70?,2,0,Not Reported,Fairly confident,150,30?,40,No,Syntax,Fully Constructed,Other,Not Reported,Not Reported,Fairly confident,Participants were instructed to judge whether a sentence was ‘acceptable’ by replying oui ‘yes’ or non ‘no’ to the question Avezvous trouvé cette phrase acceptable? ‘Did you find this sentence acceptable?’,acceptability,Dichotomous (Binary),2,Isolation,Written,Not Reported,Fixed,Computer-based,Yes,Yes,Not Reported,Not Reported,Not Reported,Not Reported,Fairly confident,Dichotomous,Not Reported,R,Mixed-Effects Regression,No,Participant; Items,Yes,Not Reported,Not Reported,Not Reported,Not Reported,Not Reported,Not Reported,,Very confident,Public Repository,https://osf.io/sgw48/overview?view_only=1ff62b0d0ed04467b68ba8f773052013,Public Repository,https://osf.io/sgw48/overview?view_only=1ff62b0d0ed04467b68ba8f773052013,Not Reported,, jeremy.pasquereau@cnrs.fr,Not clear how many items were seen by participants,JG
"Pasquereau, Dillon, Frazier_2023_quantification_at_a",3,Jérémy Pasquereau; Brian Dillon; Lyn Frazier,2023.0,Quantification at a distance and grammatical illusions in French,Syntax,https://doi.org/10.1111/synt.12260,acceptability judgment; acceptability rating; grammaticality judgment; grammaticality rating; likert scale; magnitude estimation; naturalness judgment; naturalness rating; ordinal rating; sentence judgment; syntactic judgment,57,53,Not Reported,Mixed,Personal network,Not Reported,Gender / Sex; Age; Language background,French,5,3,5,Yes,30,Within-subjects,,Yes,Intermixed,Random,70?,2,0,Yes,Fairly confident,150,30?,40,No,Syntax,Fully Constructed,Other,Not Reported,Not Reported,Fairly confident,Subjects read them for as long as they wanted and took as long as they wanted to judge them. A Likert scale was used from 1 to 7.,acceptability,Ordinal (Likert),7,Isolation,Written,Not Reported,Self-paced,Computer-based,Yes,No,Not Reported,Not Reported,Not Reported,Not Reported,Fairly confident,Continuous,Not Reported,R,Mixed-Effects Regression,No,Participant; Items,Yes,Not Reported,Not Reported,Not Reported,Not Reported,Not Reported,Not Reported,,Very confident,Public Repository,https://osf.io/sgw48/overview?view_only=1ff62b0d0ed04467b68ba8f773052013,Public Repository,https://osf.io/sgw48/overview?view_only=1ff62b0d0ed04467b68ba8f773052013,Not Reported,, jeremy.pasquereau@cnrs.fr,,JG
"Pasquereau, Dillon, Frazier_2023_quantification_at_a",4,Jérémy Pasquereau; Brian Dillon; Lyn Frazier,2023.0,Quantification at a distance and grammatical illusions in French,Syntax,https://doi.org/10.1111/synt.12260,acceptability judgment; acceptability rating; grammaticality judgment; grammaticality rating; likert scale; magnitude estimation; naturalness judgment; naturalness rating; ordinal rating; sentence judgment; syntactic judgment,62,56,Not Reported,Mixed,Personal network,Not Reported,Gender / Sex; Age; Language background,French,5,4.1,5,Yes,30,Within-subjects,,Yes,Intermixed,Random,67?,2,0,Not Reported,Fairly confident,150,30?,37,No,Syntax,Fully Constructed,Other,Not Reported,Not Reported,Fairly confident,Participants were instructed to judge whether a sentence was ‘acceptable’ by replying oui ‘yes’ or non ‘no’ to the question Avezvous trouvé cette phrase acceptable? ‘Did you find this sentence acceptable?’,acceptability,Dichotomous (Binary),2,Isolation,Written,Not Reported,Fixed,Computer-based,Yes,Yes,Not Reported,Not Reported,Not Reported,Not Reported,Fairly confident,Dichotomous,Not Reported,R,Mixed-Effects Regression,No,Participant; Items,Yes,Not Reported,Not Reported,Not Reported,Not Reported,Not Reported,Not Reported,,Very confident,Public Repository,https://osf.io/sgw48/overview?view_only=1ff62b0d0ed04467b68ba8f773052013,Public Repository,https://osf.io/sgw48/overview?view_only=1ff62b0d0ed04467b68ba8f773052013,Not Reported,, jeremy.pasquereau@cnrs.fr,,JG
"Pasquereau, Dillon, Frazier_2023_quantification_at_a",5,Jérémy Pasquereau; Brian Dillon; Lyn Frazier,2023.0,Quantification at a distance and grammatical illusions in French,Syntax,https://doi.org/10.1111/synt.12260,acceptability judgment; acceptability rating; grammaticality judgment; grammaticality rating; likert scale; magnitude estimation; naturalness judgment; naturalness rating; ordinal rating; sentence judgment; syntactic judgment,126,102,Not Reported,Students (unspecified),University affiliation,Not Reported,Gender / Sex; Age; Language background,French,5,4.2,5,Yes,30,Within-subjects,,Yes,Intermixed,Random,67?,2,0,Not Reported,Fairly confident,150,30?,37,No,Syntax,Fully Constructed,Other,Not Reported,Not Reported,Fairly confident,Participants were instructed to judge whether a sentence was ‘acceptable’ by replying oui ‘yes’ or non ‘no’ to the question Avezvous trouvé cette phrase acceptable? ‘Did you find this sentence acceptable?’,acceptability,Dichotomous (Binary),2,Isolation,Written,Not Reported,Fixed,Computer-based,Yes,Yes,Not Reported,Not Reported,Not Reported,Not Reported,Fairly confident,Dichotomous,Not Reported,R,Mixed-Effects Regression,No,Participant; Items,Yes,Not Reported,Not Reported,Not Reported,Not Reported,Not Reported,Not Reported,,Very confident,Public Repository,https://osf.io/sgw48/overview?view_only=1ff62b0d0ed04467b68ba8f773052013,Public Repository,https://osf.io/sgw48/overview?view_only=1ff62b0d0ed04467b68ba8f773052013,Not Reported,, jeremy.pasquereau@cnrs.fr,replication of Exp 4.1,JG
"Pasquereau, Dillon, Frazier_2023_quantification_at_a",6,Jérémy Pasquereau; Brian Dillon; Lyn Frazier,2023.0,Quantification at a distance and grammatical illusions in French,Syntax,https://doi.org/10.1111/synt.12260,acceptability judgment; acceptability rating; grammaticality judgment; grammaticality rating; likert scale; magnitude estimation; naturalness judgment; naturalness rating; ordinal rating; sentence judgment; syntactic judgment,135,129,Not Reported,Mixed,Personal network,Not Reported,Gender / Sex; Age; Language background,French,5,5,2,Yes,20,Within-subjects,,Yes,Intermixed,Random,6?,2,0,Not Reported,Fairly confident,40,40?,10?,No,Syntax,Fully Constructed,Other,Not Reported,Not Reported,Fairly confident,Participants were instructed to judge whether a sentence was ‘acceptable’ by replying oui ‘yes’ or non ‘no’ to the question Avezvous trouvé cette phrase acceptable? ‘Did you find this sentence acceptable?’,acceptability,Dichotomous (Binary),2,Other baseline,Written,Not Reported,Fixed,Computer-based,Yes,Yes,Not Reported,Not Reported,Not Reported,Not Reported,Fairly confident,Dichotomous,Not Reported,R,Mixed-Effects Regression,No,Participant; Items,Yes,Not Reported,Not Reported,Not Reported,Not Reported,Not Reported,Not Reported,,Very confident,Public Repository,https://osf.io/sgw48/overview?view_only=1ff62b0d0ed04467b68ba8f773052013,Public Repository,https://osf.io/sgw48/overview?view_only=1ff62b0d0ed04467b68ba8f773052013,Not Reported,, jeremy.pasquereau@cnrs.fr,"This actually involved two responses: the speeded binary, and a forced choice reformulation",JG
"Xiang, Dai, Wang_2023_when_parsing_and",1,Ming Xiang; Zhewei Dai; Suiping Wang,2023.0,When parsing and interpretation misalign: A case of WH-scope ambiguity in Mandarin,Language,https://doi.org/10.1353/lan.2023.0004,acceptability judgment; acceptability rating; sentence judgment; syntactic judgment,30,24,Not Reported,Not Reported,Not Reported,Not Reported,Not Reported,Mandarin Chinese,3,2,4,Yes,16,Within-subjects,,Not Reported,Not Reported,Not Reported,26,0,0,Yes,Fairly confident,64,16,10,No,Not Reported,Not Reported,Not Reported,Not Reported,Not Reported,Fairly confident,participants were instructed to make a binary judgment ('yes'/'no') as to whether the target sentence was acceptable,acceptability,Dichotomous (Binary),2,Isolation,Written,Not Reported,Not Reported,Computer-based,Not Reported,No,Not Reported,Not Reported,Not Reported,Not Reported,Fairly confident,Dichotomous,Not Reported,R,Mixed-Effects Regression,No,Participant; Items,Yes,Not Reported,Not Reported,Not Reported,Not Reported,Not Reported,Yes,truth value judgment,Fairly confident,Not Reported,,On Request,https://osf.io/mwtkj/,Not Reported,,mxiang@uchicago.edu,two additional studies were not judgment tasks; OSF repo requires permission (not public),JG
"Griffiths, Güneş, Lipták_2023_reprise_fragments_in",1,James Griffiths; Güliz Güneş; Anikó Lipták,2023.0,Reprise fragments in English and Hungarian: Further support for an in-situ Q-equivalence approach to clausal ellipsis,Language,https://doi.org/10.1353/lan.2023.0000,acceptability judgment; grammaticality judgment; intuitive judgment; linguistic intuition rating; sentence judgment; syntactic judgment,19,Not Reported,Not Reported,Not Reported,Not Reported,Not Reported,Not Reported,Hungarian,1,1,Not Reported,No,Not Reported,Not Reported,,Not Reported,Not Reported,Not Reported,Not Reported,0,0,Not Reported,Fairly confident,Not Reported,Not Reported,Not Reported,No,Semantics; Syntax,Not Reported,Not Reported,Not Reported,Not Reported,Fairly confident,Not Reported,Not Reported,Not Reported,,Isolation,Written,Not Reported,Not Reported,Computer-based,Not Reported,Not Reported,Not Reported,Not Reported,Not Reported,Not Reported,Fairly confident,Not Reported,Not Reported,Not Reported,Not Reported,No,Not Reported,Not Reported,Not Reported,Not Reported,Not Reported,Not Reported,Not Reported,Not Reported,,Fairly confident,Not Reported,,Not Reported,,Not Reported,,james.griffiths@uni-tuebingen.de,Questionnaire reported in a footnote (fn.2),JG
"Kasher, Hacohen_2023_a_star_is",1,Natasha Kasher; Aviya Hacohen,2023.0,A star is drawn: Testing the culmination inferences of Russian perfective accomplishments,Glossa,https://doi.org/10.16995/glossa.9680,Likert scale; acceptability judg(e)ment; acceptability rating; grammaticality judg(e)ment; grammaticality rating; sentence judg(e)ment,36,33,33,Mixed,Online platform,Not compensated,Gender / Sex; Age,Russian,1,1,27,No,Not Reported,Within-subjects,,Yes,Intermixed,Semi-random,48,0,0,Not Reported,Fairly confident,48,48,Not Reported,Yes,Semantics,Fully Constructed,Frequency; Other,Not Reported,Not Reported,Fairly confident,"the participant was told that they would be presented with video clips accompanied by sentences in Russian, and that their task was to evaluate how likely it would be for a native speaker to produce such a sentence",plausibility,Ordinal (Likert),4,Isolation,Written,Not Reported,Not Reported,Computer-based,Not Reported,No,Not Reported,Not Reported,Not Reported,Not Reported,Fairly confident,Ordinal,Not Reported,R,Non-parametric test,No,Not Reported,Not Reported,Not Reported,Not Reported,Not Reported,Not Reported,Not Reported,Not Reported,,Fairly confident,Not Reported,,Public Repository,https://osf.io/g4637/overview?view_only=4a355520602d44968e72eff6b77e512f,Not Reported,,kashern@bgu.ac.il,items not included in OSF; items not balanced across conditions,JG
"Chaves, Dery_2019_frequency_effects_in",1,Rui P Chaves; Jeruen E Dery,2019.0,Frequency effects in Subject Islands,JoLinguistics,https://doi.org/10.1017/S0022226718000294,Likert scale; acceptability judgement; acceptability judgment; grammaticality judgement; grammaticality judgment; grammaticality rating; linguistic intuition judgement; linguistic intuition judgment; linguistic intuition rating; naïve rating; sentence judgement; sentence judgment; syntactic judgement; syntactic judgment,74,Not Reported,Not Reported,Not Reported,Online platform,Paid directly,Region; Language background,English,4,1,2,No,22,Within-subjects,,Yes,Intermixed,Semi-random,66,0,0,Not Reported,Fairly confident,44,22,44,No,Syntax,Fully Constructed,Other,Yes,Not Reported,Fairly confident,"Participants were asked to judge how natural each sentence was, by giving it a rating from 1 (very unnatural) to 7 (very natural).",naturalness,Ordinal (Likert),7,Isolation,Written,Not Reported,Not Reported,Computer-based,Not Reported,No,Not Reported,Not Reported,Not Reported,Yes,Fairly confident,Continuous,Not Reported,R,Not Reported,No,Participant; Items,Yes,Not Reported,Not Reported,Not Reported,Not Reported,Not Reported,Not Reported,,Fairly confident,Not Reported,,Published in article,,Not Reported,,rchaves@buffalo.edu,,JG
"Chaves, Dery_2019_frequency_effects_in",2,Rui P Chaves; Jeruen E Dery,2019.0,Frequency effects in Subject Islands,JoLinguistics,https://doi.org/10.1017/S0022226718000294,Likert scale; acceptability judgement; acceptability judgment; grammaticality judgement; grammaticality judgment; grammaticality rating; linguistic intuition judgement; linguistic intuition judgment; linguistic intuition rating; naïve rating; sentence judgement; sentence judgment; syntactic judgement; syntactic judgment,157,135,Not Reported,Not Reported,Online platform,Paid directly,Region; Language background,English,4,3,3,Yes,24,Within-subjects,,Yes,Intermixed,Semi-random,60,0,0,Not Reported,Fairly confident,72,22,36,No,Syntax,Fully Constructed,Other,Yes,Not Reported,Fairly confident,"Participants were asked to judge how natural each sentence was, by giving it a rating from 1 (very unnatural) to 7 (very natural).",naturalness,Ordinal (Likert),7,Isolation,Written,Not Reported,Not Reported,Computer-based,Not Reported,No,Not Reported,Not Reported,Not Reported,Yes,Fairly confident,Continuous,Not Reported,R,Not Reported,No,Participant; Items,Yes,Not Reported,Not Reported,Not Reported,Not Reported,Not Reported,Not Reported,,Fairly confident,Not Reported,,Published in article,,Not Reported,,rchaves@buffalo.edu,,JG
Featherston_2005_universals_and_grammaticality,1,Sam Featherston,2005.0,Universals and grammaticality: wh-constraints in German and English,Linguistics,https://doi.org/10.1515/ling.2005.43.4.667,acceptability judgement; acceptability rating; grammaticality judgement; grammaticality rating; linguistic intuition judgement; linguistic intuition rating; magnitude estimation; naturalness judgement; naturalness rating; sentence judgement; syntactic judgement,38,Not Reported,Not Reported,Not Reported,Advertisement / Word of mouth,Not Reported,Age; Gender / Sex; Other; Language background,German,2,1,26,Yes,26?,Within-subjects,,Not Reported,Not Reported,Not Reported,Not Reported,Unclear,0,Not Reported,Fairly confident,(26*26) = 676?,26?,18,No,Syntax,Fully Constructed,Frequency; Length; Semantics,Not Reported,Not Reported,Slightly confident,"It was stated that the object of interest was the spoken language, rather than the written form, and that the criterion they were to judge by was whether the sentences ‘‘sound natural.’’ ",naturalness,Continuous,ME,Magnitude Estimation,Written,Not Reported,Not Reported,Computer-based,Not Reported,No,Not Reported,Not Reported,Not Reported,Not Reported,Fairly confident,Continuous,Z-score,Not Reported,ANOVA,No,Items; Participant,Not Reported,Not Reported,Not Reported,Not Reported,Not Reported,Not Reported,Not Reported,,Fairly confident,Public Repository, http://www.sfb441.uni-tuebingen.de/ ~sam/db/soup.mazl.html,Not Reported,,Not Reported,,,item descriptions is very confusing; link no longer works,JG
Featherston_2005_universals_and_grammaticality,2,Sam Featherston,2005.0,Universals and grammaticality: wh-constraints in German and English,Linguistics,https://doi.org/10.1515/ling.2005.43.4.667,acceptability judgement; acceptability rating; grammaticality judgement; grammaticality rating; linguistic intuition judgement; linguistic intuition rating; magnitude estimation; naturalness judgement; naturalness rating; sentence judgement; syntactic judgement,30,Not Reported,Not Reported,Not Reported,Advertisement / Word of mouth,Not Reported,Age; Gender / Sex; Other; Language background,German,2,2,26,Yes,26?,Within-subjects,,Not Reported,Not Reported,Not Reported,Not Reported,Unclear,0,Not Reported,Fairly confident,(26*8) = 208?,33?,25,No,Syntax,Fully Constructed,Frequency; Length; Semantics,Not Reported,Not Reported,Slightly confident,"It was stated that the object of interest was the spoken language, rather than the written form, and that the criterion they were to judge by was whether the sentences ‘‘sound natural.’’ ",naturalness,Continuous,ME,Magnitude Estimation,Written,Not Reported,Not Reported,Computer-based,Not Reported,No,Not Reported,Not Reported,Not Reported,Not Reported,Fairly confident,Continuous,Z-score,Not Reported,ANOVA,No,Items; Participant,Not Reported,Not Reported,Not Reported,Not Reported,Not Reported,Not Reported,Not Reported,,Fairly confident,Public Repository, http://www.sfb441.uni-tuebingen.de/ ~sam/db/soup.mazl.html,Not Reported,,Not Reported,,,item descriptions is very confusing; link no longer works,JG
Hermas_2020_lexical_semantics_in,1,Abdelkader Hermas,2020.0,Lexical semantics in advanced second language French: The acquisition of genericity,Lingua,https://doi.org/10.1016/j.lingua.2019.102761,acceptability judgement; acceptability judgment; acceptability rating; grammaticality judgement; grammaticality judgment; grammaticality rating; ordinal ratings; sentence judgement; sentence judgment; syntactic judgement ; syntactic judgment,,,,Not Reported,Not Reported,Not Reported,Not Reported,Not Reported,1,1,,,,Within-subjects,,Not Reported,Not Reported,Not Reported,,0,0,Not Reported,,,,Not Reported,,Not Reported,Not Reported,Not Reported,Not Reported,Not Reported,,,Not Reported,Not Reported,,Isolation,Written,Not Reported,Not Reported,Not Reported,Not Reported,Not Reported,Not Reported,Not Reported,Not Reported,Not Reported,,,Not Reported,Not Reported,Not Reported,No,Not Reported,Not Reported,Not Reported,Not Reported,Not Reported,Not Reported,Not Reported,Not Reported,,,Not Reported,,Not Reported,,Not Reported,,,Exclude; Focus on L2 French,JG
Jamieson_2020_viewing_dialect_change,1,E Jamieson,2020.0,Viewing dialect change through acceptability judgments: A case study in Shetland dialect,Glossa,https://doi.org/10.5334/gjgl.979,Likert scale; acceptability judg(e)ment; acceptability rating; grammaticality judg(e)ment; grammaticality rating; magnitude estimation; meta-linguistic judg(e)ment; meta-linguistic rating; oridnal rating(s); sentence judg(e)ment; syntactic judg(e)ment,20,Not Reported,20,Other non-students,Personal / professional network,Not Reported,Age; Language background; Region,Shetland English,1,1,Not Reported,No,Not Reported,Within-subjects,,Yes,Intermixed,Fixed,400,0,0,Not Reported,Slightly confident,236,236,164,Yes,Syntax; Morphology,Fully Constructed,Not Reported,Not Reported,Yes,Very confident,"After they had heard the example, participants were then asked to rate the example on a scale from 1 to 5. Only the end points of the scale were labelled in order to give participants flexibility in the remainder of the scale (Cowart, p.c. to Schütze 1996: 186). A rating of 1 was described as “unusual; sounds weird; no one says that”, whereas 5 was described as “totally natural; I say that; people around me say that”. ",naturalness; plausibility,Ordinal (Likert),5,Isolation,Audio,Not Reported,Not Reported,Computer-based,Yes,Not Reported,Not Reported,Not Reported,Built-in breaks,Not Reported,Fairly confident,Ordinal,Not Reported,Not Reported,Mixed-Effects Regression,No,Participant; Items,Yes,Not Reported,Not Reported,Not Reported,Not Reported,Not Reported,Not Reported,,Fairly confident,Not Reported,,Not Reported,,Not Reported,,e.jamieson@ed.ac.uk,"Participants were then able to discuss their ratings with the interviewer, comment on particular aspects of the example in question or offer explicit alternatives that they would be likely to use instead. ",JG
"Beltrama, Xiang_2016_unacceptable_but_comprehensible",1,Andrea Beltrama; Ming Xiang,2016.0,Unacceptable but comprehensible: the facilitation effect of resumptive pronouns,Glossa,https://doi.org/10.5334/gjgl.24,Likert scale; acceptability judg(e)ment; acceptability rating; grammaticality judg(e)ment; grammaticality rating; linguistic intuition judg(e)ment; linguistic intuition rating; magnitude estimation; naturalness judg(e)ment; naturalness rating; sentence judg(e)ment; syntactic judg(e)ment,36,Not Reported,Not Reported,Not Reported,Online platform,Paid directly,Not Reported,English,3,3,8,Yes,64,Within-subjects,,Yes,Intermixed,Random,104,6,0,Yes,Fairly confident,512,64,40,No,Syntax,Fully Constructed,Not Reported,Not Reported,Yes,Fairly confident,"You will be given 104 short paragraphs, each of which contains 2–3 sentences.
After each paragraph, you will have to answer the following question: 
How acceptable is the last sentence of each paragraph? 
You have to answer this question with a score ranging from 1 (= the sentence is completely unacceptable) to 7 (the sentence is perfectly acceptable). Please make your judgments based on how good the last sentence sounds in English given the context it is in.",acceptability,Ordinal (Likert),7,Isolation,Written,Not Reported,Not Reported,Computer-based,Not Reported,No,Not Reported,Not Reported,Not Reported,Not Reported,Fairly confident,Continuous,Z-score,R,Mixed-Effects Regression,No,Participant; Items,Yes,Not Reported,Not Reported,Not Reported,Not Reported,Not Reported,Yes,Comprehensibility rating,Fairly confident,Not Reported,,Not Reported,,Not Reported,,beltrama@sas.upenn.edu,,JG
"Heusinger, Kornfilt_2017_partitivity_and_case",1,Klaus Von Heusinger; Jaklin Kornfilt,2017.0,Partitivity and case marking in Turkish and related languages,Glossa,https://doi.org/10.5334/gjgl.112,acceptability judg(e)ment; linguistic intuition judg(e)ment; sentence judg(e)ment; syntactic judg(e)ment,10,Not Reported,10,Not Reported,Not Reported,Not Reported,Age; Language background,Turkish,2,1,Not Reported,No,Not Reported,Within-subjects,,Not Reported,Not Reported,Not Reported,Not Reported,0,0,Not Reported,Fairly confident,Not Reported,Not Reported,Not Reported,No,Syntax; Morphology,Fully Constructed,Not Reported,Not Reported,Yes,Fairly confident,We asked 10 native Turkish speakers (ages 26 to 36) to rate the sentences with and without accusative case marking in the given context on a scale from 1 (unacceptable) to 7 (very good).,acceptability,Ordinal (Likert),7,Isolation,Not Reported,Not Reported,Not Reported,Not Reported,Not Reported,Not Reported,Not Reported,Not Reported,Not Reported,Not Reported,Fairly confident,Continuous,Not Reported,Not Reported,Descriptive only,No,Not Reported,Not Reported,Not Reported,Not Reported,Not Reported,Not Reported,Not Reported,Not Reported,,Fairly confident,Not Reported,,Not Reported,,Not Reported,,klaus.vonheusinger@uni-koeln.de,Reported in Fn. 7 (p.9); minimal detail,JG
"Heusinger, Kornfilt_2017_partitivity_and_case",2,Klaus Von Heusinger; Jaklin Kornfilt,2017.0,Partitivity and case marking in Turkish and related languages,Glossa,https://doi.org/10.5334/gjgl.112,acceptability judg(e)ment; linguistic intuition judg(e)ment; sentence judg(e)ment; syntactic judg(e)ment,39,25,25,Mixed,University affiliation,Not Reported,Age; Language background; Region; Education,Turkish,2,1,36,No,1,Within-subjects,,Not Reported,Intermixed,Semi-random,96,10,0,Not Reported,Fairly confident,36,36,56,Yes,Syntax; Morphology,Fully Constructed,Not Reported,Not Reported,Yes,Fairly confident,"they were instructed to judge the acceptability of each example they saw on the screen on a ten point scale (1 = very good, 10 = very bad), expressing how natural they found the example. ",naturalness,Ordinal (Likert),10,Isolation,Not Reported,Not Reported,Not Reported,Not Reported,Not Reported,Not Reported,Not Reported,Not Reported,Not Reported,Not Reported,Fairly confident,Continuous,Not Reported,Not Reported,Descriptive only,No,Not Reported,Not Reported,Not Reported,Not Reported,Not Reported,Not Reported,Not Reported,Not Reported,,Fairly confident,Not Reported,,Not Reported,,Not Reported,,klaus.vonheusinger@uni-koeln.de,"36 test items, 12 control, and 48 fillers; There are actually 36 (9*4) total conditions because the 4 items for each ""condition"" in Table 5 involved manipulated animacy levels that were part of the analysis.",JG
"Bruening, Khalaf_2019_no_argument–adjunct_asymmetry",1,Benjamin Bruening; Eman Al Khalaf,2019.0,No argument–adjunct asymmetry in reconstruction for Binding Condition C,JoLinguistics,https://doi.org/10.1017/S0022226718000324,grammaticality judgement; grammaticality judgment; sentence judgement; sentence judgment; syntactic judgement; syntactic judgment,,,,Not Reported,Not Reported,Not Reported,Not Reported,English,3,1,4,No,,Within-subjects,,Not Reported,Not Reported,Not Reported,,0,0,Not Reported,,,,Not Reported,,Not Reported,Not Reported,Not Reported,Not Reported,Not Reported,,,Not Reported,Not Reported,,Isolation,Written,Not Reported,Not Reported,Not Reported,Not Reported,Not Reported,Not Reported,Not Reported,Not Reported,Not Reported,,,Not Reported,Not Reported,Not Reported,No,Not Reported,Not Reported,Not Reported,Not Reported,Not Reported,Not Reported,Not Reported,Not Reported,,,Not Reported,,Not Reported,,Not Reported,,,"Exclude; No acceptability rating -- used forced choice of referent, so focused on interpretation, not grammaticality ",JG
Kunduraci_2019_the_paradigmatic_aspect,1,Aysun Kunduraci,2019.0,The paradigmatic aspect of compounding and derivation,JoLinguistics,https://doi.org/10.1017/S0022226718000518,acceptability judgement; acceptability judgment; linguistic intuition judgement; linguistic intuition judgment; sentence judgement; sentence judgment; syntactic judgement; syntactic judgment,25,Not Reported,25?,Not Reported,Not Reported,Not Reported,Age; Education; Gender / Sex,Turkish,1,1,Not Reported,No,Not Reported,Within-subjects,,Not Reported,Not Reported,Not Reported,120,0,0,Not Reported,Fairly confident,Not Reported,Not Reported,Not Reported,No,Morphology; Syntax,Fully Constructed,Not Reported,Not Reported,Yes,Fairly confident,"You are expected to make judgements regarding the highlighted words/structures in the following sentences. If the highlighted structure sounds good/natural for you, and if you think it is very likely to appear in everyday speech, you should choose ‘good’. If it sounds (a little) weird, you should choose ‘(a little) weird’. If it sounds horrible, and if you think it is very unlikely to appear in everyday speech, you should choose ‘bad’. [Exact]",other; naturalness,Ordinal (Likert),4,Isolation,Written,Not Reported,Not Reported,Computer-based,Not Reported,No,Not Reported,Not Reported,Not Reported,Not Reported,Fairly confident,Continuous,Not Reported,Not Reported,Non-parametric test,No,Not Reported,Not Reported,Not Reported,Not Reported,Not Reported,Not Reported,Not Reported,Not Reported,,Fairly confident,Published in article,,Not Reported,,Not Reported,,kunduraca@gmail.com,minimal details of items and design,JG
"Nykiel, Kim, Sim_2023_casematching_effects_under",1,Joanna Nykiel; Jong-Bok Kim; Rok Sim,2023.0,Case-matching effects under clausal ellipsis and the cue-based theory of sentence processing,JoLinguistics,https://doi.org/10.1017/S0022226722000068,acceptability judgement; acceptability judgment; linguistic intuition judgement; linguistic intuition judgment; linguistic intuition rating; ordinal ratings; sentence judgement; sentence judgment; syntactic judgement; syntactic judgment,24,Not Reported,Not Reported,Students (unspecified),University affiliation,Not Reported,Language background,Korean,3,1,4,Yes,12,Within-subjects,,Not Reported,Not Reported,Not Reported,,0,0,Not Reported,Fairly confident,48,12,24,No,Morphology,Fully Constructed,Not Reported,Not Reported,Not Reported,Very confident,Not Reported,Not Reported,Ordinal (Likert),7,Isolation,Written,Not Reported,Not Reported,Not Reported,Not Reported,Not Reported,Not Reported,Not Reported,Not Reported,Not Reported,Fairly confident,Ordinal,Not Reported,R,Mixed-Effects Regression,No,Participant; Items,Yes,Not Reported,Not Reported,Not Reported,Not Reported,Not Reported,Not Reported,,Very confident,Published in article,,Not Reported,,Not Reported,,joanna.nykiel@sprak.gu.se,No task instructions at all,JG
"Nykiel, Kim, Sim_2023_casematching_effects_under",2,Joanna Nykiel; Jong-Bok Kim; Rok Sim,2023.0,Case-matching effects under clausal ellipsis and the cue-based theory of sentence processing,JoLinguistics,https://doi.org/10.1017/S0022226722000068,acceptability judgement; acceptability judgment; linguistic intuition judgement; linguistic intuition judgment; linguistic intuition rating; ordinal ratings; sentence judgement; sentence judgment; syntactic judgement; syntactic judgment,18,Not Reported,Not Reported,Students (unspecified),University affiliation,Not Reported,Language background,Korean,3,2,2,Yes,12,Within-subjects,,Not Reported,Not Reported,Not Reported,,0,0,Not Reported,Fairly confident,48,12,24,No,Morphology,Fully Constructed,Not Reported,Not Reported,Not Reported,Very confident,Not Reported,Not Reported,Ordinal (Likert),7,Isolation,Written,Not Reported,Not Reported,Not Reported,Not Reported,Not Reported,Not Reported,Not Reported,Not Reported,Not Reported,Fairly confident,Ordinal,Not Reported,R,Mixed-Effects Regression,No,Participant; Items,Yes,Not Reported,Not Reported,Not Reported,Not Reported,Not Reported,Not Reported,,Very confident,Published in article,,Not Reported,,Not Reported,,joanna.nykiel@sprak.gu.se,No task instructions at all,JG
"Nykiel, Kim, Sim_2023_casematching_effects_under",3,Joanna Nykiel; Jong-Bok Kim; Rok Sim,2023.0,Case-matching effects under clausal ellipsis and the cue-based theory of sentence processing,JoLinguistics,https://doi.org/10.1017/S0022226722000068,acceptability judgement; acceptability judgment; linguistic intuition judgement; linguistic intuition judgment; linguistic intuition rating; ordinal ratings; sentence judgement; sentence judgment; syntactic judgement; syntactic judgment,27,Not Reported,Not Reported,Students (unspecified),University affiliation,Other incentive,Language background,Korean,3,3,4,Yes,12,Within-subjects,,Not Reported,Not Reported,Not Reported,,0,0,Not Reported,Fairly confident,48,12,24,No,Morphology,Fully Constructed,Not Reported,Not Reported,Not Reported,Very confident,Not Reported,Not Reported,Ordinal (Likert),7,Isolation,Written,Not Reported,Not Reported,Not Reported,Not Reported,Not Reported,Not Reported,Not Reported,Not Reported,Not Reported,Fairly confident,Ordinal,Not Reported,R,Mixed-Effects Regression,No,Participant; Items,Yes,Not Reported,Not Reported,Not Reported,Not Reported,Not Reported,Not Reported,,Very confident,Published in article,,Not Reported,,Not Reported,,joanna.nykiel@sprak.gu.se,No task instructions at all,JG
"Güneş, Lipták_2021_nuclear_prominence_in",1,Güli̇z Güneş; Anikó Lipták,2021.0,Nuclear prominence in ellipsis: Evidence from aggressively non-D-linked phrases,JoLinguistics,https://doi.org/10.1017/S0022226720000134,Likert scale; acceptability judgement; acceptability judgment; acceptability rating; intuitive judgement; intuitive judgment; sentence judgement; sentence judgment; syntactic judgement; syntactic judgment,108,Not Reported,Not Reported,Not Reported,Online platform,Paid directly,Region; Age; Education,British English,1,Task 1,4,Yes,7,Within-subjects,,Yes,Not Reported,Not Reported,42,4,0,Yes,Fairly confident,28,4,6,No,Syntax,Fully Constructed,Not Reported,Not Reported,Yes,Fairly confident,which participants were presented with two sentences and they had to pick the most acceptable sentence,acceptability,Dichotomous (Binary),2,Variant Comparison,Written,Not Reported,Not Reported,Computer-based,Not Reported,No,Not Reported,Not Reported,Not Reported,Not Reported,Fairly confident,Continuous,Not Reported,R,Non-parametric test,No,Not Reported,Not Reported,Not Reported,Not Reported,Not Reported,Not Reported,Not Reported,Not Reported,,Fairly confident,Not Reported,,Not Reported,,Not Reported,,A.Liptak@hum.leidenuniv.nl,used 3 tasks at the same time,JG
"Güneş, Lipták_2021_nuclear_prominence_in",2,Güli̇z Güneş; Anikó Lipták,2021.0,Nuclear prominence in ellipsis: Evidence from aggressively non-D-linked phrases,JoLinguistics,https://doi.org/10.1017/S0022226720000134,Likert scale; acceptability judgement; acceptability judgment; acceptability rating; intuitive judgement; intuitive judgment; sentence judgement; sentence judgment; syntactic judgement; syntactic judgment,108,Not Reported,Not Reported,Not Reported,Online platform,Paid directly,Region; Age; Education,British English,1,Task 2,4,Yes,7,Within-subjects,,Yes,Not Reported,Not Reported,42,4,0,Yes,Fairly confident,28,4,6,No,Syntax,Fully Constructed,Not Reported,Not Reported,Yes,Fairly confident,"the participants were asked to grade how acceptable the items were (1 = completely unnatural, coloured red; 5 = completely natural, coloured green)",naturalness,Ordinal (Likert),5,Isolation,Written,Not Reported,Not Reported,Computer-based,Not Reported,No,Not Reported,Not Reported,Not Reported,Not Reported,Fairly confident,Continuous,Not Reported,R,Mixed-Effects Regression,No,Participant,Not Reported,Not Reported,Not Reported,Not Reported,Not Reported,Not Reported,Not Reported,,Fairly confident,Not Reported,,Not Reported,,Not Reported,,A.Liptak@hum.leidenuniv.nl,used 3 tasks at the same time,JG
"Güneş, Lipták_2021_nuclear_prominence_in",3,Güli̇z Güneş; Anikó Lipták,2021.0,Nuclear prominence in ellipsis: Evidence from aggressively non-D-linked phrases,JoLinguistics,https://doi.org/10.1017/S0022226720000134,Likert scale; acceptability judgement; acceptability judgment; acceptability rating; intuitive judgement; intuitive judgment; sentence judgement; sentence judgment; syntactic judgement; syntactic judgment,108,Not Reported,Not Reported,Not Reported,Online platform,Paid directly,Region; Age; Education,British English,1,Task 3,4,Yes,7,Within-subjects,,Yes,Not Reported,Not Reported,42,4,0,Yes,Fairly confident,28,4,6,No,Syntax,Fully Constructed,Not Reported,Not Reported,Yes,Fairly confident,participants were presented with individual sentences and asked to answer the question ‘Is this sentence good?’ by clicking either ‘yes’ or ‘no’. ,other,Dichotomous (Binary),2,Isolation,Written,Not Reported,Not Reported,Computer-based,Not Reported,No,Not Reported,Not Reported,Not Reported,Not Reported,Fairly confident,Dichotomous,Not Reported,R,Non-parametric test,No,Not Reported,Not Reported,Not Reported,Not Reported,Not Reported,Not Reported,Not Reported,Not Reported,,Fairly confident,Not Reported,,Not Reported,,Not Reported,,A.Liptak@hum.leidenuniv.nl,"used 3 tasks at the same time: forced choice, Likert, yes/no",JG
Shyu_2010_focus_interpretation_of,1,Shu-Ing Shyu,2010.0,Focus interpretation of zhi ‘only’ associated arguments in Mandarin triadic constructions,Linguistics,https://doi.org/10.1515/ling.2010.021,acceptability judgment; grammaticality judgment; sentence judgment; syntactic judgment,,,,Not Reported,Not Reported,Not Reported,Not Reported,Not Reported,1,1,,,,Within-subjects,,Not Reported,Not Reported,Not Reported,,0,0,Not Reported,,,,Not Reported,,Not Reported,Not Reported,Not Reported,Not Reported,Not Reported,,,Not Reported,Not Reported,,Isolation,Written,Not Reported,Not Reported,Not Reported,Not Reported,Not Reported,Not Reported,Not Reported,Not Reported,Not Reported,,,Not Reported,Not Reported,Not Reported,No,Not Reported,Not Reported,Not Reported,Not Reported,Not Reported,Not Reported,Not Reported,Not Reported,,,Not Reported,,Not Reported,,Not Reported,,,"Exclude; Not AJ tasks, only semantic judgments (true/false; forced choice) ",JG
Flecken_2011_what_native_speaker,1,Monique Flecken,2011.0,What native speaker judgments tell us about the grammaticalization of a progressive aspectual marker in Dutch,Linguistics,https://doi.org/10.1515/ling.2011.015,acceptability judgment; grammaticality judgment; linguistic intuition judgment; sentence judgment; syntactic judgment,113,Not Reported,Not Reported,Not Reported,Not Reported,Not Reported,Age; Gender / Sex,Dutch,1,1a,Not Reported,No,Mixed,Mixed,age,Not Reported,Not Reported,Not Reported,40,2,0,Yes,Fairly confident,40,40,Not Reported,Yes,Semantics,Fully Constructed,Not Reported,Not Reported,Yes,Fairly confident,"Choose the best answer (by circling letter a or b). Also indicate how acceptable you find THE OTHER OPTION (so the option you did not choose), on a scale from 1 to 5*, by also circling the appropriate number  [exact]",other,Dichotomous (Binary),2,Variant Comparison,Written,Not Reported,Not Reported,Not Reported,Not Reported,Not Reported,Not Reported,Not Reported,Not Reported,Not Reported,Fairly confident,Continuous,Not Reported,Not Reported,Other,No,Not Reported,Not Reported,Not Reported,Not Reported,Not Reported,Not Reported,Not Reported,Not Reported,,Fairly confident,Published in article,,Not Reported,,Not Reported,,flecken@idf.uni-heidelberg.de,"Used two tasks simultaneously: a forced choice, and a rating of the NOT chosen option; coded as two separate experiments",JG
Flecken_2011_what_native_speaker,2,Monique Flecken,2011.0,What native speaker judgments tell us about the grammaticalization of a progressive aspectual marker in Dutch,Linguistics,https://doi.org/10.1515/ling.2011.015,acceptability judgment; grammaticality judgment; linguistic intuition judgment; sentence judgment; syntactic judgment,113,Not Reported,Not Reported,Not Reported,Not Reported,Not Reported,Age; Gender / Sex,Dutch,1,1b,Not Reported,No,Mixed,Mixed,age,Not Reported,Not Reported,Not Reported,40,2,0,Yes,Fairly confident,40,40,Not Reported,Yes,Semantics,Fully Constructed,Not Reported,Not Reported,Yes,Fairly confident,"Choose the best answer (by circling letter a or b). Also indicate how acceptable you find THE OTHER OPTION (so the option you did not choose), on a scale from 1 to 5*, by also circling the appropriate number  [exact]",acceptability,Ordinal (Likert),5,Isolation,Written,Not Reported,Not Reported,Not Reported,Not Reported,Not Reported,Not Reported,Not Reported,Not Reported,Not Reported,Fairly confident,Continuous,Not Reported,Not Reported,Other,No,Not Reported,Not Reported,Not Reported,Not Reported,Not Reported,Not Reported,Not Reported,Not Reported,,Fairly confident,Published in article,,Not Reported,,Not Reported,,flecken@idf.uni-heidelberg.de,"Used two tasks simultaneously: a forced choice, and a rating of the NOT chosen option; coded as two separate experiments",JG
"Sprouse, Messick, Bobaljik_2022_gender_asymmetries_in",1,Jon Sprouse; Troy Messick; Jonathan David Bobaljik,2022.0,Gender asymmetries in ellipsis: An experimental comparison of markedness and frequency accounts in English,JoLinguistics,https://doi.org/10.1017/S0022226721000323,Likert scale; acceptability judgement; acceptability judgment; linguistic intuition judgement; linguistic intuition judgment; linguistic intuition rating; sentence judgement; sentence judgment; syntactic judgement; syntactic judgment,3072,2612,163,Mixed,Online platform,Paid directly,Language background,English,2,1,8,Yes,128,Within-subjects,,Not Reported,Intermixed,Semi-random,31,7,0,Not Reported,Very confident,1024,8,16,Yes,Syntax,Fully Constructed,Not Reported,Not Reported,Not Reported,Very confident,Not Reported,Not Reported,Ordinal (Likert),7,Isolation,Written,Not Reported,Not Reported,Computer-based,Yes,No,Not Reported,Not Reported,Not Reported,Not Reported,Very confident,Continuous,Z-score,R,Mixed-Effects Regression,No,Items,Yes,Not Reported,Not Reported,Not Reported,Not Reported,Not Reported,Yes,Corpus frequency,Very confident,Public Repository,https://www.jonsprouse.com/research.html,Public Repository,https://www.jonsprouse.com/research.html,Not Reported,,jon.sprouse@nyu.edu,No instructions,JG
"Sprouse, Messick, Bobaljik_2022_gender_asymmetries_in",2,Jon Sprouse; Troy Messick; Jonathan David Bobaljik,2022.0,Gender asymmetries in ellipsis: An experimental comparison of markedness and frequency accounts in English,JoLinguistics,https://doi.org/10.1017/S0022226721000323,Likert scale; acceptability judgement; acceptability judgment; linguistic intuition judgement; linguistic intuition judgment; linguistic intuition rating; sentence judgement; sentence judgment; syntactic judgement; syntactic judgment,928,712,Not Reported,Mixed,Online platform,Paid directly,Language background,English,2,2,4,Yes,464,Within-subjects,,Not Reported,Intermixed,Semi-random,31,7,0,Not Reported,Very confident,1856,8,16,Yes,Syntax,Fully Constructed,Not Reported,Not Reported,Not Reported,Very confident,Not Reported,Not Reported,Ordinal (Likert),7,Isolation,Written,Not Reported,Not Reported,Computer-based,Yes,No,Not Reported,Not Reported,Not Reported,Not Reported,Very confident,Continuous,Z-score,R,Mixed-Effects Regression,No,Items,Yes,Not Reported,Not Reported,Not Reported,Not Reported,Not Reported,Yes,Corpus frequency,Very confident,Public Repository,https://www.jonsprouse.com/research.html,Public Repository,https://www.jonsprouse.com/research.html,Not Reported,,jon.sprouse@nyu.edu,No instructions,JG
"Bagriacik, Danckaert_2022_raising_and_matching",1,Metin Bagriacik; Lieven Danckaert,2022.0,Raising and matching in Pharasiot Greek relative clauses: A diachronic reconstruction,JoLinguistics,https://doi.org/10.1017/S0022226721000335,acceptability judgement; acceptability judgment; syntactic judgement; syntactic judgment,17,Not Reported,Not Reported,Not Reported,Not Reported,Not Reported,Not Reported,Pharasiot Greek,1,1,Not Reported,No,Not Reported,Within-subjects,,Not Reported,Not Reported,Not Reported,Not Reported,0,0,Not Reported,Fairly confident,Not Reported,Not Reported,Not Reported,No,Not Reported,Not Reported,Not Reported,Not Reported,Not Reported,Fairly confident,Not Reported,Not Reported,Not Reported,Not Reported,Not Reported,Not Reported,Not Reported,Not Reported,Not Reported,Not Reported,Not Reported,Not Reported,Not Reported,Not Reported,Not Reported,Fairly confident,Not Reported,Not Reported,Not Reported,Not Reported,No,Not Reported,Not Reported,Not Reported,Not Reported,Not Reported,Not Reported,Not Reported,Not Reported,,Fairly confident,Not Reported,,Not Reported,,Not Reported,,metin.bagriacik@boun.edu.tr,"No details provided at all. All that was said was, ""Data were elicited primarily through standard acceptability judgment tasks.""",JG
"Zhangi, Kwon_2022_the_interpretational_preferences",1,Aili Zhangi; Nayoung Kwon,2022.0,The interpretational preferences of null and overt pronouns in Chinese,JoLinguistics,https://doi.org/10.1017/S0022226721000402,Likert scale; grammaticality rating; naturalness rating,20,,,Students (unspecified),University affiliation,Not Reported,Gender / Sex; Education; Age; Language background; Region,Mandarin Chinese,3,1,2,No,32,Within-subjects,,Yes,Intermixed,Semi-random,92,0,0,Not Reported,Fairly confident,64,32,60,No,Semantics; Syntax,Fully Constructed,Other,Yes,Yes,Fairly confident,Not Reported,other,Dichotomous (Binary),2,Variant Comparison,Written,Not Reported,Not Reported,Paper,Not Reported,Yes,Not Reported,Yes,Not Reported,Not Reported,Fairly confident,Dichotomous,Not Reported,R,Mixed-Effects Regression,No,Participant; Items,Yes,Not Reported,Not Reported,Not Reported,Not Reported,Not Reported,Not Reported,,Fairly confident,Not Reported,,Not Reported,,Not Reported,,aili9710@163.com,Exclude? Not an acceptability judgment task but a anaphoric reference forced choice task.,JG
"Zhangi, Kwon_2022_the_interpretational_preferences",2,Aili Zhangi; Nayoung Kwon,2022.0,The interpretational preferences of null and overt pronouns in Chinese,JoLinguistics,https://doi.org/10.1017/S0022226721000402,Likert scale; grammaticality rating; naturalness rating,20,,,Students (unspecified),University affiliation,Paid directly,Gender / Sex; Education; Age; Language background; Region,Mandarin Chinese,3,1,4,No,32,Within-subjects,,Yes,Intermixed,Semi-random,92,0,0,Not Reported,Fairly confident,128,32,60,No,Semantics; Syntax,Fully Constructed,Other,Yes,Yes,Fairly confident,Please rate the naturalness of the sentence [exact],naturalness,Ordinal (Likert),5,Isolation,Written,Not Reported,Not Reported,Paper,Not Reported,Yes,Not Reported,Yes,Not Reported,Not Reported,Fairly confident,Continuous,Not Reported,R,Mixed-Effects Regression,No,Participant; Items,Yes,Not Reported,Not Reported,Not Reported,Not Reported,Not Reported,Yes,Anaphoric reference forced choice,Fairly confident,Not Reported,,Not Reported,,Not Reported,,aili9710@163.com,An acceptability judgment task combined with an anaphoric reference forced choice task.,JG
Bruening_2022_locative_inversion_pp,1,Benjamin Bruening,2022.0,"Locative Inversion, PP Topicalization, and Weak Crossover in English",JoLinguistics,https://doi.org/10.1017/S0022226721000414,acceptability judgement; acceptability judgment; grammaticality judgement; grammaticality judgment; grammaticality rating; naïve rating; sentence judgement; sentence judgment; syntactic judgement; syntactic judgment,82,80,Not Reported,Mixed,Online platform,Paid directly,Region; Age,English,2,1,3,No,9,Within-subjects,,Yes,Intermixed,Not Reported,48,0,0,Not Reported,Fairly confident,45,15,33,No,Syntax; Semantics,Fully Constructed,Not Reported,Not Reported,Not Reported,Fairly confident," The task was to rate how acceptable each sentence was on a scale of 1 to 7, 1 being ‘completely unacceptable’ and 7 being ‘completely acceptable’.",acceptability,Ordinal (Likert),7,Isolation,Written,Not Reported,Not Reported,Computer-based,Not Reported,No,Not Reported,Not Reported,Not Reported,Not Reported,Fairly confident,Continuous,Z-score,R,Mixed-Effects Regression,No,Participant; Items,Not Reported,Not Reported,Not Reported,Not Reported,Not Reported,Not Reported,Not Reported,,Fairly confident,Published in article,,Not Reported,,Not Reported,,bruening@udel.edu,item presentation procedure is unclear; regression coefficients were not reported,JG
Bruening_2022_locative_inversion_pp,2,Benjamin Bruening,2022.0,"Locative Inversion, PP Topicalization, and Weak Crossover in English",JoLinguistics,https://doi.org/10.1017/S0022226721000414,acceptability judgement; acceptability judgment; grammaticality judgement; grammaticality judgment; grammaticality rating; naïve rating; sentence judgement; sentence judgment; syntactic judgement; syntactic judgment,80,80,Not Reported,Mixed,Online platform,Paid directly,Region; Age,English,2,2,3,No,6,Within-subjects,,Yes,Intermixed,Not Reported,18,0,0,Not Reported,Fairly confident,18,6,12,No,Syntax; Semantics,Fully Constructed,Not Reported,Not Reported,Not Reported,Fairly confident,Not Reported.,other,Dichotomous (Binary),2,Variant Comparison,Written,Not Reported,Not Reported,Computer-based,Not Reported,No,Not Reported,Not Reported,Not Reported,Not Reported,Fairly confident,Continuous,Not Reported,R,Mixed-Effects Regression,No,Participant; Items,Not Reported,Not Reported,Not Reported,Not Reported,Not Reported,Not Reported,Not Reported,,Fairly confident,Published in article,,Not Reported,,Not Reported,,bruening@udel.edu,Exclude. This is an anaphoric reference forced choice task,JG
"Oikonomou, Felixgolcher, Alexiadou_2022_clitic_left_dislocation",1,Despina Oikonomou; FelixGolcher; Artemis Alexiadou,2022.0,Clitic left dislocation and inverse scope: Plain indefinites versus numerals,JoLinguistics,https://doi.org/10.1017/S0022226722000135,acceptability judgement; acceptability judgment; sentence judgement; sentence judgment; syntactic judgement; syntactic judgment,36,Not Reported,Not Reported,Not Reported,Not Reported,Not Reported,Not Reported,Greek,3,1,4,No,5,Between-subjects,Scope,Yes,Not Reported,Not Reported,Not Reported,0,0,Not Reported,Fairly confident,20,10,Not Reported,No,Not Reported,Not Reported,Not Reported,Not Reported,Not Reported,Fairly confident,Not Reported,other,Dichotomous (Binary),2,Isolation,Audio,Not Reported,Fixed,Computer-based,Not Reported,Yes,Not Reported,Not Reported,Not Reported,Not Reported,Fairly confident,Dichotomous,Not Reported,R,Mixed-Effects Regression,No,Participant; Items,Not Reported,Not Reported,Not Reported,Not Reported,Not Reported,Not Reported,Not Reported,,Fairly confident,Published in article,,Not Reported,,Not Reported,,despina.oikonomou@hu-berlin.de,"Exclude? A binary truth value judgment task, not acceptability",JG
"Oikonomou, Felixgolcher, Alexiadou_2022_clitic_left_dislocation",2,Despina Oikonomou; FelixGolcher; Artemis Alexiadou,2022.0,Clitic left dislocation and inverse scope: Plain indefinites versus numerals,JoLinguistics,https://doi.org/10.1017/S0022226722000135,acceptability judgement; acceptability judgment; sentence judgement; sentence judgment; syntactic judgement; syntactic judgment,27,Not Reported,Not Reported,Not Reported,Not Reported,Not Reported,Not Reported,Greek,3,2,4,No,5,Between-subjects,Scope,Yes,Not Reported,Not Reported,Not Reported,0,0,Not Reported,Fairly confident,20,10,Not Reported,No,Not Reported,Not Reported,Not Reported,Not Reported,Not Reported,Fairly confident,Not Reported,other,Dichotomous (Binary),2,Isolation,Audio,Not Reported,Fixed,Computer-based,Not Reported,Yes,Not Reported,Not Reported,Not Reported,Not Reported,Fairly confident,Dichotomous,Not Reported,R,Mixed-Effects Regression,No,Participant; Items,Not Reported,Not Reported,Not Reported,Not Reported,Not Reported,Not Reported,Not Reported,,Fairly confident,Published in article,,Not Reported,,Not Reported,,despina.oikonomou@hu-berlin.de,"Exclude? A binary truth value judgment task, not acceptability",JG
"Oikonomou, Felixgolcher, Alexiadou_2022_clitic_left_dislocation",3,Despina Oikonomou; FelixGolcher; Artemis Alexiadou,2022.0,Clitic left dislocation and inverse scope: Plain indefinites versus numerals,JoLinguistics,https://doi.org/10.1017/S0022226722000135,acceptability judgement; acceptability judgment; sentence judgement; sentence judgment; syntactic judgement; syntactic judgment,23,Not Reported,Not Reported,Not Reported,Not Reported,Not Reported,Not Reported,Greek,3,3,4,No,5,Between-subjects,Scope,Yes,Not Reported,Not Reported,Not Reported,0,0,Not Reported,Fairly confident,20,10,Not Reported,No,Not Reported,Not Reported,Not Reported,Not Reported,Not Reported,Fairly confident,Not Reported,other,Dichotomous (Binary),2,Isolation,Audio,Not Reported,Fixed,Computer-based,Not Reported,Yes,Not Reported,Not Reported,Not Reported,Not Reported,Fairly confident,Dichotomous,Not Reported,R,Mixed-Effects Regression,No,Participant; Items,Not Reported,Not Reported,Not Reported,Not Reported,Not Reported,Not Reported,Not Reported,,Fairly confident,Published in article,,Not Reported,,Not Reported,,despina.oikonomou@hu-berlin.de,"Exclude? A binary truth value judgment task, not acceptability",JG
"Poppels, Miller_2023_remnant_connectivity_in",1,Till Poppels; Philip Miller,2023.0,Remnant connectivity in pseudogapping: Experimental evidence for a direct generation approach,JoLinguistics,https://doi.org/10.1017/S0022226722000354,Likert scale; acceptability judgement; acceptability judgment; grammaticality judgement; grammaticality judgment; grammaticality rating; sentence judgement; sentence judgment; syntactic judgement; syntactic judgment,153,151,Not Reported,Mixed,Online platform,Paid directly,Not Reported,English,2,1,12,No,20,Within-subjects,,Yes,Not Reported,Not Reported,60,0,0,Not Reported,Fairly confident,240,20,40,No,Syntax,Fully Constructed,Not Reported,Yes,Not Reported,Fairly confident,Participants were asked to judge the acceptability of each sentence on a 7-point Likert scale.,acceptability,Ordinal (Likert),7,Isolation,Written,Not Reported,Not Reported,Computer-based,Yes,No,Not Reported,Not Reported,Not Reported,Not Reported,Fairly confident,Continuous,Not Reported,R,Mixed-Effects Regression,Yes,Participant; Items,Yes,Not Reported,Not Reported,Not Reported,Not Reported,Not Reported,Not Reported,,Very confident,Published in article,,Not Reported,,Yes, https://aspredicted.org/blind.php?x=tf6ra2,tillpoppels@gmail.com,,JG
"Poppels, Miller_2023_remnant_connectivity_in",2,Till Poppels; Philip Miller,2023.0,Remnant connectivity in pseudogapping: Experimental evidence for a direct generation approach,JoLinguistics,https://doi.org/10.1017/S0022226722000354,Likert scale; acceptability judgement; acceptability judgment; grammaticality judgement; grammaticality judgment; grammaticality rating; sentence judgement; sentence judgment; syntactic judgement; syntactic judgment,36,35,Not Reported,Mixed,Online platform,Paid directly,Not Reported,English,2,2,8,No,20,Within-subjects,,Yes,Not Reported,Not Reported,60,0,0,Not Reported,Fairly confident,160,20,40,No,Syntax,Fully Constructed,Not Reported,Yes,Not Reported,Fairly confident,Participants were asked to judge the acceptability of each sentence on a 7-point Likert scale.,acceptability,Ordinal (Likert),7,Isolation,Written,Not Reported,Not Reported,Computer-based,Yes,No,Not Reported,Not Reported,Not Reported,Not Reported,Fairly confident,Continuous,Not Reported,R,Mixed-Effects Regression,Yes,Participant; Items,Yes,Not Reported,Not Reported,Not Reported,Not Reported,Not Reported,Not Reported,,Very confident,Published in article,,Not Reported,,Yes, https://aspredicted.org/blind.php?x=tf6ra2,tillpoppels@gmail.com,,JG
Gafter_2014_the_distribution_of,1,Roey J. Gafter,2014.0,The Distribution of the Hebrew Possessive Dative Construction: Guided by Unaccusativity or Prominence?,Linguistic Inquiry,http://www.jstor.org/stable/43695655,acceptability judgment; acceptability rating; grammaticality judgment; grammaticality rating; linguistic intuition judgment; linguistic intuition rating; sentence judgment; syntactic judgment,41,41,41,Not Reported,Not Reported,Not Reported,Region; Language background,Hebrew,1,1,12? 24?,No,Not reported and impossible to reconstruct (39 target sentences in total),Within-subjects,,Yes,Intermixed,Not Reported,120,0,0,Not Reported,Not confident at all,39,39,81,Yes,Syntax; Semantics; Morphology,Fully Constructed,Other,Yes,No,Fairly confident,The experiment consisted of acceptability judgments. Participants received a questionnaire with Hebrew sentences and were asked to rate each one for its acceptability (1 being the lowest rating and 6 the highest).,acceptability,Ordinal (Likert),6,Isolation,Not Reported,Not Reported,Not Reported,Not Reported,Not Reported,Not Reported,Not Reported,Not Reported,Not Reported,Not Reported,Fairly confident,Continuous,Z-score,R,Mixed-Effects Regression,No,Items,Yes,0.05,Not Reported,Not Reported,Not Reported,Not Reported,Not Reported,,Fairly confident,Not Reported,,Not Reported,,Not Reported,,gafter@stanford.edu,,LR
"Bianchi, Chesi_2014_subject_islands_reconstruction",1,Valentina Bianchi; Cristiano Chesi,2014.0,"Subject Islands, Reconstruction, and the Flow of the Computation",Linguistic Inquiry,http://www.jstor.org/stable/43695659,acceptability judgment; grammaticality judgment; naturalness judgment; sentence judgment; syntactic judgment,13,13,13,Not Reported,Personal / professional network,Not Reported,Region; Language background,Italian,2,1,4,No,8,Within-subjects,,Yes,Blocks,Random,48,0,0,Not Reported,Not confident at all,24,24,24,No,Syntax,Fully Constructed,Other,Not Reported,Yes,Not confident at all,"""They were asked to indicate the degree of acceptability of each presented sentence on a continuous bar with 400 points. Figure 1 shows a screenshot of the data presentation.""",acceptability,Continuous,400,Isolation,Written,Not Reported,Not Reported,Computer-based,Not Reported,Not Reported,Not Reported,Not Reported,Built-in breaks,Not Reported,Fairly confident,Continuous,Not Reported,R,ANOVA,No,Not Reported,Not Reported,Not Reported,Not Reported,Not Reported,Not Reported,Not Reported,Not Reported,,Fairly confident,Not Reported,,Not Reported,,Not Reported,,valentina.bianchi@unisi.it,,LR
"Bianchi, Chesi_2014_subject_islands_reconstruction",2,Valentina Bianchi; Cristiano Chesi,2014.0,"Subject Islands, Reconstruction, and the Flow of the Computation",Linguistic Inquiry,http://www.jstor.org/stable/43695659,acceptability judgment; grammaticality judgment; naturalness judgment; sentence judgment; syntactic judgment,20,20,10,Not Reported,Not Reported,Not Reported,Region; Language background,Italian,2,2,2,No,8,Mixed,"participants are exposed to both conditions, but the items are divided over two lists to avoid a participant seeing two versions of the same sentence",Yes,Intermixed,Semi-random,16,0,0,Not Reported,Not confident at all,16,8,8,No,Syntax,Fully Constructed,Semantics,Not Reported,Not Reported,Not confident at all,"""They were asked to indicate the degree of acceptability of each presented sentence on a continuous bar with 400 points. Figure 1 shows a screenshot of the data presentation.""",acceptability,Continuous,400,Isolation,Not Reported,Not Reported,Not Reported,Not Reported,Not Reported,Not Reported,Not Reported,Not Reported,Not Reported,Not Reported,Not confident at all,Continuous,Not Reported,R,ANOVA,No,Not Reported,Not Reported,Not Reported,Not Reported,Not Reported,Not Reported,Not Reported,Not Reported,,Fairly confident,Not Reported,,Not Reported,,Not Reported,,valentina.bianchi@unisi.it,,LR
Gribanova_2013_verbstranding_verb_phrase,1,Vera Gribanova,2013.0,Verb-stranding verb phrase ellipsis and the structure of the Russian verbal complex,NL & LT,http://www.jstor.org/stable/42629731,acceptability judgment; acceptability rating; grammaticality judgement; grammaticality judgment; grammaticality rating; naturalness judgment; naturalness rating; sentence judgment; syntactic judgment,130,Not reported,Not reported,Not Reported,Not Reported,Not Reported,Not Reported,Russian,1,1,8,No,Not reported,Within-subjects,,Not Reported,Not Reported,Not Reported,Not reported,0,0,Not Reported,Slightly confident,Not reported,Not reported,Not Reported,No,Syntax; Morphology,Not Reported,Not Reported,Not Reported,Not Reported,Fairly confident,Speakers were asked to assess sentences on a scale of acceptability ranging from 1 (completely unacceptable) to 7 (completely acceptable).,Not Reported,Ordinal (Likert),7,Isolation,Not Reported,Not Reported,Not Reported,Computer-based,Not Reported,Not Reported,Not Reported,Not Reported,Not Reported,Not Reported,Fairly confident,Not Reported,Not Reported,Not Reported,Not Reported,No,Not Reported,Not Reported,Not Reported,Not Reported,Not Reported,Not Reported,Not Reported,Not Reported,,Fairly confident,Not Reported,,Not Reported,,Not Reported,,Vera Gribanova gribanov@stanford.edu,"Looks like they simply averaged the ratings, and that's it",DD
"Keine, Bhatt_2016_interpreting_verb_clusters",1,Stefan Keine; Rajesh Bhatt,2016.0,Interpreting verb clusters,NL & LT,http://www.jstor.org/stable/26179280,Likert scale; acceptability judgment; acceptability rating; grammaticality judgment; grammaticality rating; naturalness judgment; naturalness rating; sentence judgment; syntactic judgment,"12 - but they were ""linguistically sophisticated""!",10,12,Not Reported,Not Reported,Not Reported,Language background,German - no attempt to control for dialectal affiliation,1,1,3 or 4,No,Not reported,Within-subjects,,Not Reported,Not Reported,Not Reported,33,0,0,Not Reported,Slightly confident,"35 - not sure there were anything other than target items, but there were 2 baseline examples",Not reported,Not Reported,Yes,Syntax,Not Reported,Not Reported,Not Reported,Not Reported,Fairly confident,grammatical (5) - ungrammatical (1),Not Reported,Ordinal (Likert),5,Other baseline,Not Reported,Not Reported,Not Reported,Not Reported,Not Reported,Not Reported,Not Reported,Not Reported,Not Reported,Not Reported,Fairly confident,Not Reported,Not Reported,Not Reported,Not Reported,No,Not Reported,Not Reported,Not Reported,Not Reported,Not Reported,Not Reported,Not Reported,Not Reported,,Fairly confident,Not Reported,,Not Reported,,Not Reported,,S. Keine keine@linguist.umass.edu,"Data collection only presented in Appendix, and defined as ""of a preliminary nature""",DD
"Rutkowski, Maliszewska_2007_on_prepositional_phrases",1,Paweł Rutkowski; Hanna Maliszewska,2007.0,On Prepositional Phrases inside numeral expressions in Polish,Lingua,https://doi.org/10.1016/j.lingua.2006.03.004,acceptability judgement; acceptability judgment; grammaticality judgement; grammaticality judgment; sentence judgement; sentence judgment; syntactic judgement ; syntactic judgment,34,Not Reported,Not Reported,Mixed,Not Reported,Not Reported,Not Reported,Polish,1,1,Not Reported,No,Not Reported,Within-subjects,,Not Reported,Not Reported,Not Reported,24,0,0,Not Reported,Fairly confident,24,24,Not Reported,Yes,Syntax; Morphology,Fully Constructed,Not Reported,Not Reported,Not Reported,Fairly confident,"They were asked to assess the grammaticality of 24 test sentences (containing a number of variants of the Num + na ‘out of’ + Num construction) on a four-point scale: ‘‘+’’ (grammatical), ‘‘?+’’ (rather grammatical), ‘‘?’’ (rather ungrammatical), ‘‘’’ (ungrammatical). ",grammaticality,Ordinal (Likert),4,Isolation,Written,Not Reported,Not Reported,Not Reported,Not Reported,Not Reported,Not Reported,Not Reported,Not Reported,Not Reported,Slightly confident,Not Reported,Not Reported,Not Reported,Descriptive only,No,Not Reported,Not Reported,Not Reported,Not Reported,Not Reported,Not Reported,Not Reported,Not Reported,,Fairly confident,Not Reported,,Not Reported,,Not Reported,,p.rutkowski@uw.edu.pl,Did not analyze results quantitatively; Little detail on design or items.,JG
Katsika_2009_exploring_the_minimal,1,Kalliopi Katsika,2009.0,Exploring the minimal structure in prepositional phrase attachment ambiguities: Evidence from Greek,Lingua,https://doi.org/10.1016/j.lingua.2008.04.006,acceptability judgement; acceptability judgment; acceptability rating; grammaticality judgement; grammaticality judgment; grammaticality rating; sentence judgement; sentence judgment; syntactic judgement ; syntactic judgment,56,Not Reported,Not Reported,Not Reported,Not Reported,Not Reported,Language background; Age,Greek,2,1,16?,No,8?,Within-subjects,,Yes,Intermixed,Semi-random,96,0,0,Not Reported,Fairly confident,128,32,64,No,Syntax; Morphology,Fully Constructed,Length; Frequency,Yes,Not Reported,Slightly confident,Participants were asked to rate each sentence according to how natural it would seem in every day language.,naturalness,Ordinal (Likert),5,Isolation,Written,Not Reported,Not Reported,Not Reported,Yes,Not Reported,Not Reported,Not Reported,Not Reported,Not Reported,Fairly confident,Continuous,Not Reported,Not Reported,ANOVA,No,Participant; Items,Yes,Not Reported,Not Reported,Not Reported,Not Reported,Not Reported,Yes,Self-paced reading times,Fairly confident,Published in article,,Not Reported,,Not Reported,,kkatsika@enl.auth.gr,Item numbers are unclear,JG
"Skopeteas, Féry, Asatiani_2009_word_order_and",1,Stavros Skopeteas; Caroline Féry; Rusudan Asatiani,2009.0,Word order and intonation in Georgian,Lingua,https://doi.org/10.1016/j.lingua.2008.09.001,acceptability judgement; acceptability judgment; acceptability rating; grammaticality judgement; grammaticality judgment; grammaticality rating; linguistic intuition judgement; linguistic intuition judgment; linguistic intuition rating; naturalness judgement; naturalness judgment; naturalness rating; sentence judgement; sentence judgment; syntactic judgement ; syntactic judgment,60,Not Reported,Not Reported,Students (unspecified),University affiliation,Paid directly,Language background,Georgian,1,1,40,Yes,8,Within-subjects,,Yes,Intermixed,Random,80,5,0,Not Reported,Fairly confident,320,80,Not Reported,Yes,Phonology; Syntax,Fully Constructed,Other,Not Reported,Not Reported,Fairly confident,The participants were instructed to listen carefully to the question/answer pairs and to give a higher score if the answer sounded natural and made sense as an answer to the preceding question. ,naturalness,Ordinal (Likert),5,Isolation,Audio,Not Reported,Not Reported,Not Reported,Yes,Yes,Not Reported,Not Reported,Not Reported,Not Reported,Fairly confident,Continuous,Z-score,Not Reported,ANOVA,No,Participant,Not Reported,Not Reported,Not Reported,Not Reported,Not Reported,Not Reported,Not Reported,,Fairly confident,Not Reported,,Not Reported,,Not Reported,,skopetea@rz.uni-potsdam.de,Did not explicitly report ANOVA,JG
"Poschmann, Wagner_2016_relative_clause_extraposition",2,Claudia Poschmann; Michael Wagner,2016.0,Relative clause extraposition and prosody in German,NL & LT,http://www.jstor.org/stable/24772133,Likert scale; acceptability rating; linguistic intuition rating; magnitude estimation; naturalness rating; ordianl ratings,35,not reported,35,Students (unspecified),Not Reported,Other incentive,Language background,German,2,2,12,Yes,18,Within-subjects,,Not Reported,Blocks,Semi-random,18,0,0,Not Reported,,18,18,Not Reported,Yes,Syntax; Other,Fully Constructed,Not Reported,Not Reported,Not Reported,,scale from 1 (completely unnatural) to 7 (completely natural),naturalness,Ordinal (Likert),7,Not Reported,Not Reported,Not Reported,Not Reported,Not Reported,Not Reported,Not Reported,Not Reported,Not Reported,Not Reported,Not Reported,,Ordinal,Not Reported,Not Reported,Mixed-Effects Regression,No,Other,Not Reported,Not Reported,Not Reported,Not Reported,Not Reported,Not Reported,Not Reported,,,Not Reported,,Not Reported,,Not Reported,,chael@mcgill.ca or poschmann@lingua.uni-frankfurt.de,"The paper reports a production task for which the audiofiles were analysed as well as the acceptability ratings; I have coded the acceptability ratings part here only. 

They reported cumulative link mixed effects models but also ran near mixed models (reported in footnote)",DD
Bruening_2014_defects_of_defective,1,Benjamin Bruening,2014.0,Defects of Defective Intervention,Linguistic Inquiry,http://www.jstor.org/stable/43695664,acceptability rating; grammaticality rating,9,9,9,Not Reported,Not Reported,Not Reported,Not Reported,French,2,1,not reported,No,not reported,Not Reported,,Not Reported,Not Reported,Not Reported,not reported,0,0,Not Reported,Not confident at all,not reported,not reported,Not Reported,No,Not Reported,Not Reported,Not Reported,Not Reported,Not Reported,Not confident at all,"The author refers to a ""grammaticality survey"", but participants had to rate  ""sentences on a scale of 1 to 5, with 1 being ""sounds awful"" and 5 being ""sounds perfect.""",other,Ordinal (Likert),5,Isolation,Not Reported,Yes,Not Reported,Not Reported,Not Reported,Yes,Yes,Not Reported,Not Reported,Not Reported,Fairly confident,Continuous,Not Reported,Not Reported,Descriptive only,No,Not Reported,Not Reported,Not Reported,Not Reported,Not Reported,Not Reported,Not Reported,Not Reported,,Fairly confident,Not Reported,,Not Reported,,Not Reported,,bruening@udel.edu,Squib,LR
Bruening_2014_defects_of_defective,2,Benjamin Bruening,2014.0,Defects of Defective Intervention,Linguistic Inquiry,http://www.jstor.org/stable/43695664,acceptability rating; grammaticality rating,18,18,18,Not Reported,Not Reported,Not Reported,Not Reported,Italian,2,2,not reported,No,not reported,Not Reported,,Not Reported,Not Reported,Not Reported,not reported,0,0,Not Reported,Not confident at all,not reported,not reported,Not Reported,No,Not Reported,Not Reported,Not Reported,Not Reported,Not Reported,Not confident at all,"The author refers to a ""grammaticality survey"", but participants had to rate  ""sentences on a scale of 1 to 5, with 1 being ""sounds awful"" and 5 being ""sounds perfect.""",other,Ordinal (Likert),5,Isolation,Not Reported,Yes,Not Reported,Not Reported,Not Reported,Yes,Yes,Not Reported,Not Reported,Not Reported,Fairly confident,Continuous,Not Reported,Not Reported,Descriptive only,No,Not Reported,Not Reported,Not Reported,Not Reported,Not Reported,Not Reported,Not Reported,Not Reported,,Fairly confident,Not Reported,,Not Reported,,Not Reported,,bruening@udel.edu,Squib,LR
"Eythorsson, Baredal_2005_oblique_subjects_a",1,Thorhallur Eythorsson; Johanna Baredal,2005.0,Oblique Subjects: A Common Germanic Inheritance,Language,https://doi.org/10.1353/lan.2005.0173,acceptability judgment; grammaticality judgment; sentence judgment; syntactic judgment,Not Reported,Not Reported,Not Reported,Students (unspecified),University affiliation,Not Reported,Education; Region; Language background; Age; Gender / Sex,German,1,1,Not Reported,No,Not Reported,Within-subjects,,Not Reported,Not Reported,Not Reported,3,0,0,Not Reported,Fairly confident,Not Reported,3,Not Reported,No,Syntax,Fully Constructed,Not Reported,Not Reported,Yes,Slightly confident,Not Reported,other,Ordinal (Likert),3,Isolation,Written,Not Reported,Not Reported,Not Reported,Not Reported,Not Reported,Not Reported,Not Reported,Not Reported,Not Reported,Slightly confident,Continuous,Not Reported,Not Reported,Not Reported,No,Not Reported,Not Reported,Not Reported,Not Reported,Not Reported,Not Reported,Not Reported,Not Reported,,Fairly confident,Published in article,,Not Reported,,Not Reported,,johanna.barddal@nor.uib.no,Lots of details missing. Fn 25 (p.856) refers reader to another paper where more details are provided.,JG
"Bybee, Eddington_2006_a_usagebased_approach",1,Joan L. Bybee; David Eddington,2006.0,A Usage-based Approach to Spanish Verbs of 'Becoming',Language,https://doi.org/10.1353/lan.2006.0081,Likert scale; acceptability judgment; acceptability rating; grammaticality judgment; grammaticality rating; sentence judgment; syntactic judgment,48,Not Reported,Not Reported,Students (unspecified),University affiliation,Not Reported,Not Reported,Spanish,2,2,3,Yes,Not Reported,Within-subjects,,Yes,Intermixed,Random,Not Reported,0,0,Not Reported,Slightly confident,33,33?,Not Reported,Yes,Semantics; Syntax,Not Reported,Semantics; Other,Not Reported,Not Reported,Fairly confident,Subjects were asked to rate how natural the underlined part of each sentence sounded to them.,naturalness,Ordinal (Likert),5,Isolation,Written,Not Reported,Self-paced,Paper,Not Reported,Not Reported,Not Reported,Not Reported,Not Reported,Not Reported,Fairly confident,Continuous,Not Reported,Not Reported,Other,No,Not Reported,Not Reported,Not Reported,Not Reported,Not Reported,Not Reported,Not Reported,Yes,Corpus frequency; Semantic similarity rating,Fairly confident,Not Reported,,Not Reported,,Not Reported,,jbybee@unm.edu,Conditions and item numbers not explicitly reported. Used chi-squared tests,JG
Syrett_2015_experimental_support_for,1,Kristen Syrett,2015.0,Experimental Support for Inverse Scope Readings of Finite-Clause-Embedded Antecedent-Contained-Deletion Sentences,Linguistic Inquiry,http://www.jstor.org/stable/43695693,sentence judgment; syntactic judgment,40,40,40,Students (unspecified),Not Reported,Not Reported,Language background; Education,English,1,1,1,No,4,Within-subjects,,Not Reported,Intermixed,Semi-random,8,0,0,Not Reported,Fairly confident,4,4,4,No,Syntax; Semantics,Not Reported,Other,Not Reported,Yes,Fairly confident,The participant’s task was to evaluate whether the sentence was true or false given the preceding context.,other,Dichotomous (Binary),2,Isolation,Mixed,Not Reported,Not Reported,Paper,Yes,Not Reported,Not Reported,Not Reported,Not Reported,Not Reported,Fairly confident,Dichotomous,Other,Not Reported,Descriptive only,No,Not Reported,Not Reported,Not Reported,Not Reported,Not Reported,Not Reported,Not Reported,Not Reported,,Fairly confident,Published in supplement,http://mitpressjournals.org /doi/suppl/10.1162/ling_a_00194,Published in supplement,http://mitpressjournals.org /doi/suppl/10.1162/ling_a_00194,Not Reported,,kristen.syrett@rutgers.edu,"Squib
exclude: this is a truth-value judgment task and may need to be excluded from the dataset as it's not quite the same as a grammaticality judgement task
In addition to a binary yes/no judgement, participants provided an explanation for their judgement. The combination of these responses were used to code answers into four categories. The annotation for the analysis is based on this 4 level code.",LR
Phillips_2006_the_realtime_status,1,Colin Phillips,2006.0,The Real-Time Status of Island Phenomena,Language,https://doi.org/10.1353/lan.2006.0217,acceptability judgment; acceptability rating; grammaticality judgment; grammaticality rating; naïve rating; sentence judgment; syntactic judgment,51,Not Reported,Not Reported,Students (unspecified),University affiliation,Paid directly,Other,English,2,1,6,Yes,24,Within-subjects,,Yes,Intermixed,Semi-random,84,0,0,Not Reported,Fairly confident,144,24,60,No,Syntax,Fully Constructed,Not Reported,Not Reported,Not Reported,Fairly confident,Participants were asked to rate each sentence on a scale from 1 (unacceptable) to 5 (acceptable) using pencil and paper.,acceptability,Ordinal (Likert),5,Isolation,Written,Not Reported,Not Reported,Paper,Yes,Not Reported,Not Reported,Not Reported,Not Reported,Not Reported,Fairly confident,Continuous,Not Reported,Not Reported,ANOVA,No,Participant; Items,Not Reported,Not Reported,Not Reported,Not Reported,Not Reported,Not Reported,Not Reported,,Fairly confident,Not Reported,,Not Reported,,Not Reported,,colin@umd.edu,Also ran a self-paced reading study,JG
"Kush, Lohndal, Sprouse_2018_investigating_variation_in",1,Dave Kush; Terje Lohndal; Jon Sprouse,2018.0,Investigating variation in island effects: A case study of Norwegian wh-extraction,NL & LT,http://www.jstor.org/stable/45095230,acceptability judgment; acceptability rating; grammaticality judgment; grammaticality rating; intuitive judgment; linguistic intuition judgment; linguistic intuition rating; magnitude estimation; meta-linguistic judgment; meta-linguistic rating; naturalness judgment; naturalness rating; naïve rating; sentence judgment; syntactic judgment,98,94,94,Mixed,Mixed,Not Reported,Gender / Sex; Age; Language background,Norwegian,3,1,16 (4 conditions for each of 4 island types),No,2,Within-subjects,,Yes,Not Reported,Not Reported,32,0,0,Not Reported,Fairly confident,32,32,48,Yes,Syntax,Fully Constructed,Not Reported,Yes,Not Reported,Fairly confident,they were asked to judge acceptability  on a 7-point scale with a labeled bad and 7 labeled good,acceptability,Ordinal (Likert),7,Isolation,Written,Not Reported,Not Reported,Computer-based,Not Reported,No,Not Reported,Not Reported,Not Reported,Not Reported,Fairly confident,Continuous,Z-score,Not Reported,Mixed-Effects Regression,No,Participant; Items,Yes,Not Reported,Not Reported,Not Reported,Not Reported,Not Reported,Not Reported,,Fairly confident,Published in supplement,https://static-content.springer.com/esm/art%3A10.1007%2Fs11049-017-9390-z/MediaObjects/11049_2017_9390_MOESM1_ESM.pdf,Not Reported,,Not Reported,,dave.kush@ntnu.no,,DD
"Kush, Lohndal, Sprouse_2018_investigating_variation_in",2,Dave Kush; Terje Lohndal; Jon Sprouse,2018.0,Investigating variation in island effects: A case study of Norwegian wh-extraction,NL & LT,http://www.jstor.org/stable/45095230,acceptability judgment; acceptability rating; grammaticality judgment; grammaticality rating; intuitive judgment; linguistic intuition judgment; linguistic intuition rating; magnitude estimation; meta-linguistic judgment; meta-linguistic rating; naturalness judgment; naturalness rating; naïve rating; sentence judgment; syntactic judgment,51,45,45,Mixed,Mixed,Not Reported,Gender / Sex; Age; Language background,Norwegian,3,1,16 (4 conditions for each of 4 island types),No,2,Within-subjects,,Yes,Not Reported,Not Reported,32,0,0,Not Reported,Fairly confident,32,32,48,Yes,Syntax,Fully Constructed,Not Reported,Yes,Not Reported,Fairly confident,they were asked to judge acceptability  on a 7-point scale with a labeled bad and 7 labeled good,acceptability,Ordinal (Likert),7,Isolation,Written,Not Reported,Not Reported,Computer-based,Not Reported,No,Not Reported,Not Reported,Not Reported,Not Reported,Fairly confident,Continuous,Z-score,Not Reported,Mixed-Effects Regression,No,Participant; Items,Yes,Not Reported,Not Reported,Not Reported,Not Reported,Not Reported,Not Reported,,Fairly confident,Published in supplement,https://static-content.springer.com/esm/art%3A10.1007%2Fs11049-017-9390-z/MediaObjects/11049_2017_9390_MOESM1_ESM.pdf,Not Reported,,Not Reported,,dave.kush@ntnu.no,,DD
"Kush, Lohndal, Sprouse_2018_investigating_variation_in",3,Dave Kush; Terje Lohndal; Jon Sprouse,2018.0,Investigating variation in island effects: A case study of Norwegian wh-extraction,NL & LT,http://www.jstor.org/stable/45095230,acceptability judgment; acceptability rating; grammaticality judgment; grammaticality rating; intuitive judgment; linguistic intuition judgment; linguistic intuition rating; magnitude estimation; meta-linguistic judgment; meta-linguistic rating; naturalness judgment; naturalness rating; naïve rating; sentence judgment; syntactic judgment,74,63,63,Mixed,Mixed,Not Reported,Gender / Sex; Age; Language background,Norwegian,3,1,16 (4 conditions for each of 4 island types),No,2,Within-subjects,,Yes,Not Reported,Not Reported,32,0,0,Not Reported,Fairly confident,32,32,48,Yes,Syntax,Fully Constructed,Not Reported,Yes,Not Reported,Fairly confident,they were asked to judge acceptability  on a 7-point scale with a labeled bad and 7 labeled good,acceptability,Ordinal (Likert),7,Isolation,Written,Not Reported,Not Reported,Computer-based,Not Reported,No,Not Reported,Not Reported,Not Reported,Not Reported,Fairly confident,Continuous,Z-score,Not Reported,Mixed-Effects Regression,No,Participant; Items,Yes,Not Reported,Not Reported,Not Reported,Not Reported,Not Reported,Not Reported,,Fairly confident,Published in supplement,https://static-content.springer.com/esm/art%3A10.1007%2Fs11049-017-9390-z/MediaObjects/11049_2017_9390_MOESM1_ESM.pdf,Not Reported,,Not Reported,,dave.kush@ntnu.no,,DD
"Bayer, Häussler, Bader_2016_a_new_diagnostic",1,Josef Bayer; Jana Häussler; Markus Bader,2016.0,A New Diagnostic for Cyclic Wh-Movement: Discourse Particles in German Questions,Linguistic Inquiry,http://www.jstor.org/stable/24916986,acceptability judgment; acceptability rating; grammaticality judgment; grammaticality rating; linguistic intuition judgment; linguistic intuition rating; naïve rating; sentence judgment; syntactic judgment; thermometer rating; thermometer ratings,97,97,Not reported,Students (unspecified),University affiliation,Mixed,Language background,German,2,1,6,No,64,Within-subjects,,Not Reported,Intermixed,Fixed,108,6,0,Not Reported,Slightly confident,128,32,76,No,Syntax,Fully Constructed,Not Reported,Not Reported,Not Reported,Slightly confident,"""an instruction for estimating sentence acceptability together
with an example""",acceptability,Continuous,infinite,Magnitude Estimation,Written,Not Reported,Not Reported,Paper,Not Reported,Not Reported,Not Reported,Not Reported,Not Reported,Not Reported,Slightly confident,Continuous,Z-score,R,Mixed-Effects Regression,No,Items,Yes,Other,Not Reported,Not Reported,Not Reported,Not Reported,Not Reported,,Slightly confident,Not Reported,,Not Reported,,Not Reported,,josef.bayer@uni-konstanz.de,"The design is within subject (all participants received all types of sentences), but the complete set of stimuli was divided into four lists of which there were two orders which were distributed between subject",LR
"Bayer, Häussler, Bader_2016_a_new_diagnostic",2,Josef Bayer; Jana Häussler; Markus Bader,2016.0,A New Diagnostic for Cyclic Wh-Movement: Discourse Particles in German Questions,Linguistic Inquiry,http://www.jstor.org/stable/24916986,acceptability judgment; acceptability rating; grammaticality judgment; grammaticality rating; linguistic intuition judgment; linguistic intuition rating; naïve rating; sentence judgment; syntactic judgment; thermometer rating; thermometer ratings,100,100,Not reported,Students (unspecified),University affiliation,Mixed,Language background,German,2,2,6,No,64,Within-subjects,,Not Reported,Intermixed,Fixed,112,6,0,Not Reported,Slightly confident,128,32,80,No,Syntax,Fully Constructed,Not Reported,Not Reported,Not Reported,Slightly confident,"""an instruction for estimating sentence acceptability together
with an example""",acceptability,Continuous,infinite,Magnitude Estimation,Written,Not Reported,Not Reported,Paper,Not Reported,Not Reported,Not Reported,Not Reported,Not Reported,Not Reported,Slightly confident,Continuous,Z-score,R,Mixed-Effects Regression,No,Items; Participant,Yes,Other,Not Reported,Not Reported,Not Reported,Not Reported,Not Reported,,Slightly confident,Not Reported,,Not Reported,,Not Reported,,josef.bayer@uni-konstanz.de,"The design is within subject (all participants received all types of sentences), but the complete set of stimuli was divided into four lists of which there were two orders which were distributed between subject",LR
"Fedorenko, Gibson_2010_adding_a_third",1,Evelina Fedorenko; Edward Gibson,2010.0,Adding a Third Wh-phrase Does Not Increase the Acceptability of Object-initial Multiple-wh-questions,Syntax,https://doi.org/10.1111/j.1467-9612.2010.00138.x,acceptability judgment; acceptability rating; grammaticality judgment; grammaticality rating; intuitive judgment; linguistic intuition judgment; linguistic intuition rating; naive rating; naturalness judgment; naturalness rating; sentence judgment; syntactic judgment,28,Not Reported,7,Mixed,Not Reported,Paid directly,Not Reported,English,1,1,4,No,28,Within-subjects,,Not Reported,Intermixed,Random,64,0,0,Not Reported,Fairly confident,112,28,36,No,Syntax,Fully Constructed,Other,Not Reported,Yes,Fairly confident,Participants were asked to rate how natural each sentence sounds on a scale from 1 (not at all natural) to 7 (very natural). [not exact],naturalness,Ordinal (Likert),7,Isolation,Written,Not Reported,Not Reported,Not Reported,Yes,Not Reported,Not Reported,Not Reported,Not Reported,Not Reported,Fairly confident,Continuous,Not Reported,Not Reported,ANOVA,No,Items; Participant,Not Reported,Not Reported,Not Reported,Not Reported,Not Reported,Not Reported,Not Reported,,Fairly confident,Published in article,,Not Reported,,Not Reported,,https://onlinelibrary.wiley.com/authored-by/Fedorenko/Evelina,,JG
"Jr., Frazier_2010_imperfect_ellipsis_antecedents",1,Charles E. Clifton. Jr.; Lyn Frazier,2010.0,Imperfect Ellipsis: Antecedents beyond Syntax?,Syntax,https://doi.org/10.1111/j.1467-9612.2010.00142.x,acceptability judgment; acceptability rating; grammaticality judgment; grammaticality rating; intuitive judgment; linguistic intuition judgment; linguistic intuition rating; naturalness judgment; naturalness rating; sentence judgment; syntactic judgment,33,24,6,Students (unspecified),University affiliation,Not Reported,Not Reported,English,2,1,4,No,20,Within-subjects,,Yes,Intermixed,Semi-random,Unclear,0,0,Not Reported,Fairly confident,80,20,26,No,Syntax; Semantics,Fully Constructed,Not Reported,Not Reported,Not Reported,Not confident at all,"Participants were instructed to read each item and comprehend it, and then look at the two alternative interpretations that followed each item and mark the one that most closely matched their interpretation. ",Not Reported,Dichotomous (Binary),2,Variant Comparison,Written,Not Reported,Not Reported,Paper,Yes,Not Reported,Not Reported,Not Reported,Not Reported,Not Reported,Fairly confident,Continuous,Not Reported,Not Reported,ANOVA,No,Participant; Items,Not Reported,Not Reported,Not Reported,Not Reported,Not Reported,Not Reported,Not Reported,,Fairly confident,Published in article,,Not Reported,,Not Reported,,cec@psych.umass.edu,Exclude; not an acceptability judgment; forced choice interpretation task ,JG
"Jr., Frazier_2010_imperfect_ellipsis_antecedents",2,Charles E. Clifton. Jr.; Lyn Frazier,2010.0,Imperfect Ellipsis: Antecedents beyond Syntax?,Syntax,https://doi.org/10.1111/j.1467-9612.2010.00142.x,acceptability judgment; acceptability rating; grammaticality judgment; grammaticality rating; intuitive judgment; linguistic intuition judgment; linguistic intuition rating; naturalness judgment; naturalness rating; sentence judgment; syntactic judgment,96,24,6,Students (unspecified),University affiliation,Not Reported,Not Reported,English,2,1,3,No,24,Within-subjects,,Yes,Intermixed,Random,108,0,0,Not Reported,Fairly confident,72,Not Reported,Not Reported,No,Syntax; Semantics,Fully Constructed,Not Reported,Not Reported,Not Reported,Slightly confident,"Some of the sentences, including the experiment 2 sentences, were presented together with a 5-point acceptability rating scale; subjects had been instructed to rate them as a 5 if they were something that “a native speaker of English could say or understand without noting anything peculiar or odd or ungrammatical or confusing about it” and as a 1 if the sentence were clearly unacceptable in this sense, and people were encouraged to use the entire scale. ",acceptability,Ordinal (Likert),5,Isolation,Written,Not Reported,Not Reported,Not Reported,Not Reported,Not Reported,Not Reported,Not Reported,Not Reported,Not Reported,Fairly confident,Continuous,Not Reported,Not Reported,ANOVA,No,Participant; Items,Not Reported,Not Reported,Not Reported,Not Reported,Not Reported,Not Reported,Not Reported,,Fairly confident,Published in article,,Not Reported,,Not Reported,,cec@psych.umass.edu,Not clear how many target items were seen by each participant.,JG
"Yoshida, Potter, Hunter_2019_condition_c_reconstruction",1,Masaya Yoshida; David Potter; Tim Hunter,2019.0,"Condition C reconstruction, clausal ellipsis and island repair",NL & LT,http://www.jstor.org/stable/45218688,acceptability judgment; acceptability rating; grammaticality judgment; grammaticality rating; intuitive judgment; naturalness judgment; naturalness rating; sentence judgment; syntactic judgment,57,51,,Mixed,Online platform,Paid directly,Other,Not Reported,1,1,6,Yes,"it says ""40  lexicalisations of the 8 conditions"" but it's unclear whether this is 40 in total or 40 per condition",Within-subjects,,Yes,Not Reported,Semi-random,40,6,0,Not Reported,Fairly confident,320,40,40,No,Syntax,Not Reported,Not Reported,Not Reported,Not Reported,Fairly confident,rate for naturalness on a scale fro. 1 (unnatural) to 7 (natural),naturalness,Ordinal (Likert),7,Isolation,Not Reported,Not Reported,Not Reported,Not Reported,Not Reported,Not Reported,Not Reported,Not Reported,Not Reported,Not Reported,Fairly confident,Continuous,Not Reported,R,Mixed-Effects Regression,No,Participant; Items; Other,Not Reported,Not Reported,Not Reported,Not Reported,Not Reported,Not Reported,Not Reported,,Fairly confident,Not Reported,,Not Reported,,Not Reported,,m-yoshida@northwestern.edu,I assume it was written and computerised since they used MechanicalTurk for recruitment but this is not reported,DD
"Siewierska, Papastathi_2011_towards_a_typology",1,Anna Siewierska; Maria Papastathi,2011.0,Towards a typology of third person plural impersonals,Linguistics,https://doi.org/10.1515/ling.2011.018,acceptability judgment; acceptability rating; grammaticality judgment; grammaticality rating; magnitude estimation; naturalness judgment; naturalness rating; sentence judgment; syntactic judgment,132,Not Reported,Not Reported,Not Reported,Not Reported,Not Reported,Language background,Not Reported,1,1,5,No,3,Mixed,Language,Yes,Not Reported,Not Reported,Not Reported,0,0,Not Reported,Slightly confident,15,15,Unclear,No,Syntax; Semantics,Fully Constructed,Not Reported,Yes,Yes,Slightly confident,"The respondents to the questionnaire were asked to rank each of the 3– 4 utterances on a scale from 1 to 5 in terms of how natural its use was in the specified context, with 1 being the least natural and 5 the most natural. Not Exact",naturalness,Ordinal (Likert),5,Isolation,Written,Not Reported,Not Reported,Not Reported,Not Reported,Not Reported,Yes,Not Reported,Not Reported,Yes,Slightly confident,Continuous,Not Reported,SPSS,ANOVA,No,Not Reported,Yes,Not Reported,Not Reported,Not Reported,Not Reported,Not Reported,Not Reported,,Fairly confident,Not Reported,,Not Reported,,Not Reported,,https://www.degruyterbrill.com/document/doi/10.1515/ling.2011.018/html,"Item numbers unclear: ""Each short passage [N=15] was followed by 3– 4 utterances, all grammatical and situationally appropriate, one of which was always the 3pl IMP of the relevant type"". So each item had 2 or 3 other items with it? Used t-tests as well as ANOVA  ",JG
Boas_2011_coercion_and_leaking,1,Hans C. Boas,2011.0,Coercion and leaking argument structures in Construction Grammar,Linguistics,https://doi.org/10.1515/ling.2011.036,acceptability judgment; acceptability rating; grammaticality judgment; grammaticality rating; meta-linguistic judgment; meta-linguistic rating; sentence judgment; syntactic judgment,40,Not Reported,40,Students (unspecified),University affiliation,Not Reported,Not Reported,Not Reported,1,1,1,No,1,Within-subjects,,Not Reported,Not Reported,Not Reported,1,0,0,Not Reported,Very confident,1,1,Not Reported,No,Semantics; Syntax,Fully Constructed,Not Reported,Not Reported,Not Reported,Fairly confident,Not Reported,Not Reported,Ordinal (Likert),3,Isolation,Written,Not Reported,Not Reported,Not Reported,Not Reported,Not Reported,Not Reported,Not Reported,Not Reported,Not Reported,Fairly confident,Ordinal,Not Reported,Not Reported,Descriptive only,No,Not Reported,Not Reported,Not Reported,Not Reported,Not Reported,Not Reported,Not Reported,Not Reported,,Fairly confident,Published in article,,Not Reported,,Not Reported,,hcb@mail.utexas.edu,"This reports in a footnote (fn. 3, p. 1297) the use of a survey of 40 students to evaluate the status of one item. Should this be included?",JG
"Keshet, Medeiros_2019_imperatives_under_coordination",1,Ezra Keshet; David J. Medeiros,2019.0,Imperatives under coordination,NL & LT,http://www.jstor.org/stable/45199993,Likert scale; acceptability judgment; acceptability rating; intuitive judgment; naturalness judgment; naturalness rating; sentence judgment; syntactic judgment,73,69,I think that each subject saw 1/4 of stimuli,Mixed,Online platform,Paid directly,Language background,English,1,1,4,No,8,Between-subjects,,Not Reported,Not Reported,Random,8,2,2,Not Reported,Fairly confident,32,8,8,Yes,Syntax,Fully Constructed,Not Reported,Not Reported,Not Reported,Fairly confident,"5-point scale with each point numbered: not at all natural, not very natural, somewhat natural, very natural, completely natural",Not Reported,Ordinal (Likert),5,Isolation,Written,Not Reported,Not Reported,Computer-based,Not Reported,Not Reported,Not Reported,Not Reported,Not Reported,Not Reported,Very confident,Continuous,Not Reported,R,Mixed-Effects Regression,No,Participant; Items; Other,Not Reported,Not Reported,Not Reported,Not Reported,Not Reported,Not Reported,Not Reported,,Very confident,Published in article,,Not Reported,,Not Reported,,David.medeiros@csun.edu,,DD
López_2018_case_and_the,1,Luis López,2018.0,Case and the Event Structure of Nominalizations,Linguistic Inquiry,https://www.jstor.org/stable/26799897,acceptability judgment; linguistic intuition judgment; sentence judgment; syntactic judgment,8,8,not reported,Not Reported,Not Reported,Not Reported,Language background,Spanish,1,1,unclear,No,unclear,Not Reported,,Not Reported,Not Reported,Not Reported,not reported,0,0,Not Reported,Not confident at all,not reported,not reported,Not Reported,No,Morphology; Syntax,Fully Constructed,Not Reported,Not Reported,Not Reported,Not confident at all,"The classification of nouns into the n-DOM and no-n-DOM categories is based on a survey of eight native speakers of Peninsular Spanish, who were asked to provide acceptability judgments on sentences that included n-DOM.",acceptability,Not Reported,not reported,Not Reported,Not Reported,Not Reported,Not Reported,Not Reported,Not Reported,Not Reported,Not Reported,Not Reported,Not Reported,Not Reported,Not confident at all,Ordinal,Not Reported,Not Reported,Not Reported,No,Not Reported,Not Reported,Not Reported,Not Reported,Not Reported,Not Reported,Not Reported,Not Reported,,Not confident at all,Not Reported,,Not Reported,,Not Reported,,luislope@uic.edu,"I'm not sure whether we should take this paper into account. The ""survey"" the authors presents in a single paragraph is a very small part of a much bigger theoretical analysis.",LR
"Grano, Lasnik_2018_how_to_neutralize",1,Thomas Grano; Howard Lasnik,2018.0,How to Neutralize a Finite Clause Boundary: Phase Theory and the Grammar of Bound Pronouns,Linguistic Inquiry,https://www.jstor.org/stable/26799912,Likert scale; acceptability judgment; acceptability rating; grammaticality judgment; grammaticality rating; linguistic intuition judgment; linguistic intuition rating; ordinal ratings; sentence judgment; syntactic judgment,75,75,15,Not Reported,Online platform,Paid directly,Language background; Age; Region,English,2,1,18,No,11,Within-subjects,,Yes,Intermixed,Random,66,0,0,Not Reported,Not confident at all,165,33,33,Yes,Syntax,Fully Constructed,Not Reported,Not Reported,No,Fairly confident,"Participants were asked to rate each sentence on a scale of 1 (least acceptable) to 7 (most acceptable), where an “acceptable” sentence was defined in the instructions as “something that a native speaker of English would say, even if the situation the sentence describes sounds implausible.” ",acceptability,Ordinal (Likert),7,Isolation,Written,Not Reported,Not Reported,Computer-based,Not Reported,No,Not Reported,Not Reported,Not Reported,Not Reported,Fairly confident,Ordinal,Not Reported,SPSS,Non-parametric test,No,Not Reported,Not Reported,Not Reported,Not Reported,Not Reported,Not Reported,Not Reported,Not Reported,,Fairly confident,Not Reported,,Published in supplement,https://mitp.silverchair-cdn.com/mitp/content_public/journal/ling/49/3/10.1162_ling_a_00279/2/ling_a_00279-esupp.pdf?Expires=1777023772&Signature=CFH-H94CFqO6RIINH0fXiAWtNXDJ9kRC196mbxAgXDbUQ7kc6mZ2-e4ELGBviDPs1mgYur2z6xAB9HyiwMF0QYn5FVn12Tpv9xYmlXe-KDLZZSIu~QGMr09FagM9SIHJy~pwm4cRPAPeOqsjyrhdh90abmzM14cDuCaGGDyrEFd9c3rszRLuWWKeRTJM-IPgzRSjgY6nU1cfFL85k506mhWn6J0ZoMnQl8TUv1Dl1TqB-ocYQLtn65T2sB~PvNk-bcwbd7b1IuwhOZUaI4A7ASc1TM2SR8lwd35cy2Ak6mmEBPYhra55pzPx8SUX6jFyqjJ4iGu8pCc7Dez70Xzw3A__&Key-Pair-Id=APKAIE5G5CRDK6RD3PGA,Not Reported,,tgrano@indiana.edu,The supplement contains screenshot from SPSS and additional information on the statistical analysis.,LR
"Grano, Lasnik_2018_how_to_neutralize",2,Thomas Grano; Howard Lasnik,2018.0,How to Neutralize a Finite Clause Boundary: Phase Theory and the Grammar of Bound Pronouns,Linguistic Inquiry,https://www.jstor.org/stable/26799912,Likert scale; acceptability judgment; acceptability rating; grammaticality judgment; grammaticality rating; linguistic intuition judgment; linguistic intuition rating; ordinal ratings; sentence judgment; syntactic judgment,75,75,15,Not Reported,Online platform,Paid directly,Language background; Age; Region,English,2,2,18,No,11,Within-subjects,,Yes,Intermixed,Random,66,0,0,Not Reported,Not confident at all,165,33,33,Yes,Syntax,Fully Constructed,Not Reported,Not Reported,No,Fairly confident,"Participants were asked to rate each sentence on a scale of 1 (least acceptable) to 7 (most acceptable), where an “acceptable” sentence was defined in the instructions as “something that a native speaker of English would say, even if the situation the sentence describes sounds implausible.” ",acceptability,Ordinal (Likert),7,Isolation,Written,Not Reported,Not Reported,Computer-based,Not Reported,No,Not Reported,Not Reported,Not Reported,Not Reported,Fairly confident,Ordinal,Not Reported,SPSS,Non-parametric test,No,Not Reported,Not Reported,Not Reported,Not Reported,Not Reported,Not Reported,Not Reported,Not Reported,,Fairly confident,Not Reported,,Published in supplement,https://mitp.silverchair-cdn.com/mitp/content_public/journal/ling/49/3/10.1162_ling_a_00279/2/ling_a_00279-esupp.pdf?Expires=1777023772&Signature=CFH-H94CFqO6RIINH0fXiAWtNXDJ9kRC196mbxAgXDbUQ7kc6mZ2-e4ELGBviDPs1mgYur2z6xAB9HyiwMF0QYn5FVn12Tpv9xYmlXe-KDLZZSIu~QGMr09FagM9SIHJy~pwm4cRPAPeOqsjyrhdh90abmzM14cDuCaGGDyrEFd9c3rszRLuWWKeRTJM-IPgzRSjgY6nU1cfFL85k506mhWn6J0ZoMnQl8TUv1Dl1TqB-ocYQLtn65T2sB~PvNk-bcwbd7b1IuwhOZUaI4A7ASc1TM2SR8lwd35cy2Ak6mmEBPYhra55pzPx8SUX6jFyqjJ4iGu8pCc7Dez70Xzw3A__&Key-Pair-Id=APKAIE5G5CRDK6RD3PGA,Not Reported,,tgrano@indiana.edu,The supplement contains screenshot from SPSS and additional information on the statistical analysis.,LR
"Haddican, Holmberg_2019_object_symmetry_effects",1,Bill Haddican; Anders Holmberg,2019.0,Object symmetry effects in Germanic: Evidence for the role of case,NL & LT,http://www.jstor.org/stable/45095136,acceptability judgment; acceptability rating; naturalness judgment; naturalness rating; sentence judgment; syntactic judgment,500,Not Reported,Not Reported,Not Reported,Online platform,Not compensated,Not Reported,Norwegian Bokmal standard,2,1,6,Yes,12,Between-subjects,,Yes,Blocks,Semi-random,24,0,0,Not Reported,Fairly confident,72,24,24,Yes,Syntax,Not Reported,Not Reported,Not Reported,Not Reported,Fairly confident,scale from 0 through 10 with endpoints labelled bad and good,Not Reported,Ordinal (Likert),11,Isolation,Written,No,Self-paced,Not Reported,Not Reported,Not Reported,Not Reported,Not Reported,Not Reported,Not Reported,Fairly confident,Continuous,Not Reported,R,Mixed-Effects Regression,No,Participant; Other,Not Reported,Not Reported,Not Reported,Not Reported,Not Reported,Not Reported,Not Reported,,Fairly confident,Published in article,,Not Reported,,Not Reported,,anders.holmberg@newcastle.ac.uk,,DD
"Haddican, Holmberg_2019_object_symmetry_effects",2,Bill Haddican; Anders Holmberg,2019.0,Object symmetry effects in Germanic: Evidence for the role of case,NL & LT,http://www.jstor.org/stable/45095136,acceptability judgment; acceptability rating; naturalness judgment; naturalness rating; sentence judgment; syntactic judgment,101,Not Reported,Not Reported,Not Reported,Online platform,Not compensated,Language background; Other,Swedish,2,2,4,No,12,Between-subjects,,Yes,Blocks,Semi-random,16,0,0,Not Reported,Fairly confident,48,16,24,Yes,Syntax,Not Reported,Not Reported,Not Reported,Not Reported,Fairly confident,scale from 0 through 10 with endpoints labelled bad and good,Not Reported,Ordinal (Likert),11,Isolation,Written,Not Reported,Not Reported,Not Reported,Not Reported,Not Reported,Not Reported,Not Reported,Not Reported,Not Reported,Fairly confident,Continuous,Not Reported,R,Mixed-Effects Regression,No,Participant; Other,Not Reported,Not Reported,Not Reported,Not Reported,Not Reported,Not Reported,Not Reported,,Fairly confident,Published in article,,Not Reported,,Not Reported,,anders.holmberg@newcastle.ac.uk,The Swedish task also included a formality rating,DD
"Alexopoulou, Keller_2007_locality_cyclicity_and",1,Theodora Alexopoulou; Frank Keller,2007.0,"Locality, Cyclicity, and Resumption: At the Interface between the Grammar and the Human Sentence Processor",Language,https://doi.org/10.1353/lan.2007.0001,acceptability judgment; grammaticality judgment; intuitive judgment; linguistic intuition judgment; linguistic intuition rating; magnitude estimation; sentence judgment; syntactic judgment,55,Not Reported,Not Reported,Mixed,Online platform,Not Reported,Age; Gender / Sex; Region; Other,English,3,1,18,Yes,9,Within-subjects,,Yes,Intermixed,Random,36,6,0,Not Reported,Fairly confident,162,18,18,Yes,Syntax,Fully Constructed,Not Reported,Not Reported,Not Reported,Fairly confident,"First, they see a set of instructions that explain the concept of numerical ME using line length. Several example lines and corresponding numerical estimates are provided to illustrate the concept of proportionality.  ",Not Reported,Continuous,ME,Magnitude Estimation,Written,Not Reported,Not Reported,Not Reported,Not Reported,No,Not Reported,Not Reported,Not Reported,Not Reported,Fairly confident,Continuous,Z-score,Not Reported,ANOVA,No,Participant; Items,Not Reported,Not Reported,Not Reported,Not Reported,Not Reported,Not Reported,Not Reported,,Fairly confident,Published in article,,Not Reported,,Not Reported,,theodora.alexopoulou@univ-lille3.fr,excluded linguists; z-scored and log transformed data; also used Tukey and Dunnett's test for analysis,JG
"Alexopoulou, Keller_2007_locality_cyclicity_and",2,Theodora Alexopoulou; Frank Keller,2007.0,"Locality, Cyclicity, and Resumption: At the Interface between the Grammar and the Human Sentence Processor",Language,https://doi.org/10.1353/lan.2007.0001,acceptability judgment; grammaticality judgment; intuitive judgment; linguistic intuition judgment; linguistic intuition rating; magnitude estimation; sentence judgment; syntactic judgment,59,Not Reported,Not Reported,Mixed,Online platform,Not Reported,Age; Gender / Sex; Other; Language background,Greek,3,2,14,Yes,7,Within-subjects,,Yes,Intermixed,Random,18,6,0,Not Reported,Fairly confident,98,14,14,Yes,Syntax,Fully Constructed,Not Reported,Not Reported,Not Reported,Fairly confident,"First, they see a set of instructions that explain the concept of numerical ME using line length. Several example lines and corresponding numerical estimates are provided to illustrate the concept of proportionality.  ",Not Reported,Continuous,ME,Magnitude Estimation,Written,Not Reported,Not Reported,Not Reported,Not Reported,No,Not Reported,Not Reported,Not Reported,Not Reported,Fairly confident,Continuous,Z-score,Not Reported,ANOVA,No,Participant; Items,Not Reported,Not Reported,Not Reported,Not Reported,Not Reported,Not Reported,Not Reported,,Fairly confident,Published in article,,Not Reported,,Not Reported,,theodora.alexopoulou@univ-lille3.fr,excluded linguists; z-scored and log transformed data; also used Tukey and Dunnett's test for analysis,JG
"Alexopoulou, Keller_2007_locality_cyclicity_and",3,Theodora Alexopoulou; Frank Keller,2007.0,"Locality, Cyclicity, and Resumption: At the Interface between the Grammar and the Human Sentence Processor",Language,https://doi.org/10.1353/lan.2007.0001,acceptability judgment; grammaticality judgment; intuitive judgment; linguistic intuition judgment; linguistic intuition rating; magnitude estimation; sentence judgment; syntactic judgment,37,Not Reported,Not Reported,Mixed,Online platform,Not Reported,Age; Gender / Sex; Region; Other,German,3,3,14,Yes,7,Within-subjects,,Yes,Intermixed,Random,28,6,0,Not Reported,Fairly confident,98,14,14,Yes,Syntax,Fully Constructed,Not Reported,Not Reported,Not Reported,Fairly confident,"First, they see a set of instructions that explain the concept of numerical ME using line length. Several example lines and corresponding numerical estimates are provided to illustrate the concept of proportionality.  ",Not Reported,Continuous,ME,Magnitude Estimation,Written,Not Reported,Not Reported,Not Reported,Not Reported,No,Not Reported,Not Reported,Not Reported,Not Reported,Fairly confident,Continuous,Z-score,Not Reported,ANOVA,No,Participant; Items,Not Reported,Not Reported,Not Reported,Not Reported,Not Reported,Not Reported,Not Reported,,Fairly confident,Published in article,,Not Reported,,Not Reported,,theodora.alexopoulou@univ-lille3.fr,excluded linguists; z-scored and log transformed data; also used Tukey and Dunnett's test for analysis,JG
"Alexopoulou, Keller_2007_locality_cyclicity_and",4,Theodora Alexopoulou; Frank Keller,2007.0,"Locality, Cyclicity, and Resumption: At the Interface between the Grammar and the Human Sentence Processor",Language,https://doi.org/10.1353/lan.2007.0001,acceptability judgment; grammaticality judgment; intuitive judgment; linguistic intuition judgment; linguistic intuition rating; magnitude estimation; sentence judgment; syntactic judgment,33,Not Reported,Not Reported,Mixed,Online platform,Not Reported,Age; Gender / Sex; Region; Other,Greek,6,4,45,Yes,9,Within-subjects,,Yes,Intermixed,Random,90,6,0,Not Reported,Fairly confident,405,45,45,Yes,Syntax,Fully Constructed,Not Reported,Not Reported,Not Reported,Fairly confident,"First, they see a set of instructions that explain the concept of numerical ME using line length. Several example lines and corresponding numerical estimates are provided to illustrate the concept of proportionality.  ",Not Reported,Continuous,ME,Magnitude Estimation,Written,Not Reported,Not Reported,Not Reported,Not Reported,No,Not Reported,Not Reported,Not Reported,Not Reported,Fairly confident,Continuous,Z-score,Not Reported,ANOVA,No,Participant; Items,Not Reported,Not Reported,Not Reported,Not Reported,Not Reported,Not Reported,Not Reported,,Fairly confident,Published in article,,Not Reported,,Not Reported,,theodora.alexopoulou@univ-lille3.fr,excluded linguists; z-scored and log transformed data; also used Tukey and Dunnett's test for analysis,JG
"Patil, Hinterwimmer, Schumacher_2023_effect_of_evaluative",1,Umesh Patil; Stefan Hinterwimmer; Petra B Schumacher,2023.0,Effect of evaluative expressions on two types of demonstrative pronouns in German,Glossa,https://doi.org/10.16995/glossa.9577,Likert scale; acceptability judg(e)ment; acceptability rating; linguistic intuition judg(e)ment; linguistic intuition rating; oridnal rating(s); sentence judg(e)ment,,,,Not Reported,Not Reported,Not Reported,Not Reported,Not Reported,1,1,,,,Within-subjects,,Not Reported,Not Reported,Not Reported,,0,0,Not Reported,,,,Not Reported,,Not Reported,Not Reported,Not Reported,Not Reported,Not Reported,,,Not Reported,Not Reported,,Isolation,Written,Not Reported,Not Reported,Not Reported,Not Reported,Not Reported,Not Reported,Not Reported,Not Reported,Not Reported,,,Not Reported,Not Reported,Not Reported,No,Not Reported,Not Reported,Not Reported,Not Reported,Not Reported,Not Reported,Not Reported,Not Reported,,,Not Reported,,Not Reported,,Not Reported,,,Exclude; test annotatoin,JG
"Patil, Hinterwimmer, Schumacher_2023_effect_of_evaluative",2,Umesh Patil; Stefan Hinterwimmer; Petra B Schumacher,2023.0,Effect of evaluative expressions on two types of demonstrative pronouns in German,Glossa,https://doi.org/10.16995/glossa.9577,Likert scale; acceptability judg(e)ment; acceptability rating; linguistic intuition judg(e)ment; linguistic intuition rating; oridnal rating(s); sentence judg(e)ment,,,,Not Reported,Not Reported,Not Reported,Not Reported,Not Reported,1,1,,,,Within-subjects,,Not Reported,Not Reported,Not Reported,,0,0,Not Reported,,,,Not Reported,,Not Reported,Not Reported,Not Reported,Not Reported,Not Reported,,Not Reported,Not Reported,Not Reported,,Isolation,Written,Not Reported,Not Reported,Not Reported,Not Reported,Not Reported,Not Reported,Not Reported,Not Reported,Not Reported,,,Not Reported,Not Reported,Not Reported,No,Not Reported,Not Reported,Not Reported,Not Reported,Not Reported,Not Reported,Not Reported,Not Reported,,,Not Reported,,Not Reported,,Not Reported,,,Exclude; test annotatoin 2,JG
"Jurgec, Schertz_2020_postalveolar_cooccurrence_restrictions",2,Peter Jurgec; Jessamyn Schertz,2020.0,Postalveolar co-occurrence restrictions in Slovenian,NL & LT,https://www.jstor.org/stable/48741727,Likert scale; acceptability judgment; acceptability rating; naturalness judgment; naturalness rating,50,not reported,50,Mixed,Mixed,Not Reported,Age; Region,Slovenian,2,2,192,No,1,Within-subjects,,Not Reported,Not Reported,Random,144,0,0,Not Reported,Slightly confident,192,192,Not Reported,Yes,Phonology,Fully Constructed,Not Reported,Not Reported,Not Reported,Fairly confident,asked to rate goodness on a scale from a (worst) to 5 (best),other,Ordinal (Likert),5,Isolation,Written,Not Reported,Not Reported,Computer-based,Not Reported,Not Reported,Not Reported,Not Reported,Not Reported,Not Reported,Slightly confident,Continuous,Not Reported,R,Mixed-Effects Regression,No,Participant; Items,Not Reported,Not Reported,Not Reported,Not Reported,Not Reported,Not Reported,Not Reported,,Fairly confident,Published in article,,Not Reported,,Not Reported,,peter.jurgec@utoronto.ca,"I reported two data collections, but in both cases they seem to have used some data to zoom in on a specific hypothesis, which makes it look like there are more than 2 experiments",DD
"Jurgec, Schertz_2020_postalveolar_cooccurrence_restrictions",1,Peter Jurgec; Jessamyn Schertz,2020.0,Postalveolar co-occurrence restrictions in Slovenian,NL & LT,https://www.jstor.org/stable/48741727,Likert scale; acceptability judgment; acceptability rating; naturalness judgment; naturalness rating,59,59,59,Not Reported,Mixed,Not Reported,Age; Region,Slovenian,2,1,"108? 3*3*3*4 I think, ",No,1,Within-subjects,,Not Reported,Not Reported,Random,144,0,0,Not Reported,Slightly confident,144,144,Not Reported,Yes,Phonology,Fully Constructed,Not Reported,Not Reported,Not Reported,Fairly confident,asked to rate goodness on a scale from a (worst) to 5 (best),other,Ordinal (Likert),5,Isolation,Written,Not Reported,Not Reported,Computer-based,Not Reported,Not Reported,Not Reported,Not Reported,Not Reported,Not Reported,,Continuous,Not Reported,R,Mixed-Effects Regression,No,Not Reported,Not Reported,Not Reported,Not Reported,Not Reported,Not Reported,Not Reported,Not Reported,,Fairly confident,Published in article,,Not Reported,,Not Reported,,peter.jurgec@utoronto.ca,,DD
"Omaki, Fukuda, Nakao et al._2020_subextraction_in_japanese",2,Akira Omaki; Shin Fukuda; Chizuru Nakao; Maria Polinsky,2020.0,"Subextraction in Japanese and subject-object symmetry

",NL & LT,https://www.jstor.org/stable/48741730,Likert scale; acceptability judgment; acceptability rating; linguistic intuition judgment; linguistic intuition rating; naturalness judgment; naturalness rating; sentence judgment; syntactic judgment,53,50,not reported,Students (unspecified),Not Reported,Not Reported,Language background,Japanese,3,2,4,Yes,8*2=16,Between-subjects,,Not Reported,Intermixed,Semi-random,16,0,0,Not Reported,Fairly confident,64,16,24,Yes,Syntax,Fully Constructed,Not Reported,Not Reported,Not Reported,Fairly confident,"use a 7 point scale to provide your judgments, with 7 being completely natural and 1 being completely unnatural",naturalness,Ordinal (Likert),7,Isolation,Written,Not Reported,Not Reported,Paper,Not Reported,Not Reported,Not Reported,Not Reported,Not Reported,Not Reported,Fairly confident,Continuous,Z-score,R,Mixed-Effects Regression,No,Participant,Not Reported,Not Reported,Not Reported,Not Reported,Not Reported,Not Reported,Not Reported,,Fairly confident,Not Reported,,Not Reported,,Not Reported,,fukudash@hawaii.edu,The acknowledgments thank colleagues for allowing them to run pilot studies,DD
"Omaki, Fukuda, Nakao et al._2020_subextraction_in_japanese",1,Akira Omaki; Shin Fukuda; Chizuru Nakao; Maria Polinsky,2020.0,"Subextraction in Japanese and subject-object symmetry

",NL & LT,https://www.jstor.org/stable/48741730,Likert scale; acceptability judgment; acceptability rating; linguistic intuition judgment; linguistic intuition rating; naturalness judgment; naturalness rating; sentence judgment; syntactic judgment,62,60,44,Students (unspecified),Not Reported,Not Reported,Language background,Japanese,3,1,40 (?),No,40 (?),Between-subjects,,Not Reported,Intermixed,Not Reported,44,4,0,Not Reported,Not confident at all,160,44,40,Yes,Syntax,Fully Constructed,Not Reported,Not Reported,Not Reported,Fairly confident,"use a 7 point scale to provide your judgments, with 7 being completely natural and 1 being completely unnatural",naturalness,Ordinal (Likert),7,Isolation,Written,Not Reported,Not Reported,Not Reported,Not Reported,Not Reported,Not Reported,Not Reported,Not Reported,Not Reported,Fairly confident,Continuous,Z-score,R,Mixed-Effects Regression,No,Participant,Not Reported,Not Reported,Not Reported,Not Reported,Not Reported,Not Reported,Not Reported,,Fairly confident,Not Reported,,Not Reported,,Not Reported,,fukudash@hawaii.edu,They say there were 40 patterns of target sentences but I count 32 ...,DD
Stegovec_2020_taking_case_out,1,Adrian Stegovec,2020.0,Taking case out of the Person-Case Constraint,NL & LT,https://www.jstor.org/stable/48741667,grammaticality judgment; linguistic intuition judgment; naturalness judgment; sentence judgment; syntactic judgment,not reported,not reported,not reported,Not Reported,Not Reported,Not Reported,Not Reported,Not Reported,1,1,not reported,No,not reported,Not Reported,,Not Reported,Not Reported,Not Reported,not reported,not reported,not reported,Not Reported,Not confident at all,not reported,not reported,Not Reported,No,Morphology; Syntax,Not Reported,Not Reported,Not Reported,Not Reported,Not confident at all,not reported,Not Reported,Not Reported,not reported,Not Reported,Not Reported,Not Reported,Not Reported,Not Reported,Not Reported,Not Reported,Not Reported,Not Reported,Not Reported,Not Reported,Not confident at all,Not Reported,Not Reported,Not Reported,Not Reported,No,Not Reported,Not Reported,Not Reported,Not Reported,Not Reported,Not Reported,Not Reported,Not Reported,,Not confident at all,Not Reported,,Not Reported,,Not Reported,,Adrian.stegovec@uconn.edu,I think there was no actual experiment but the author simply consulted speakers to arrive at the judgments he includes in his paper,DD
"Ionin, Luchkina_2018_focus_on_russian",1,Tania Ionin; Tatiana Luchkina,2018.0,"Focus on Russian Scope: An Experimental Investigation of the Relationship between Quantifier Scope, Prosody, and Information Structure",Linguistic Inquiry,https://www.jstor.org/stable/26858265,acceptability judgment; sentence judgment; syntactic judgment,,,,Not Reported,Not Reported,Not Reported,Not Reported,Not Reported,1,1,,,,Within-subjects,,Not Reported,Not Reported,Not Reported,,0,0,Not Reported,,,,Not Reported,,Not Reported,Not Reported,Not Reported,Not Reported,Not Reported,,,Not Reported,Not Reported,,Isolation,Written,Not Reported,Not Reported,Not Reported,Not Reported,Not Reported,Not Reported,Not Reported,Not Reported,Not Reported,,,Not Reported,Not Reported,Not Reported,No,Not Reported,Not Reported,Not Reported,Not Reported,Not Reported,Not Reported,Not Reported,Not Reported,,,Not Reported,,Not Reported,,Not Reported,,,"The fields have NOT been filled out as this article concerns an ""auditory sentence-picture verification task"" in which participants judge whether the meaning of a sentence matches what's depicted in a picture. Hence, this does not constitute a rating of grammaticality, so the paper should be excluded from the analyses.",LR
"Ackerman, Frazier, Yoshida_2018_resumptive_pronouns_can",1,Lauren Ackerman; Michael Frazier; Masaya Yoshida,2018.0,Resumptive Pronouns Can Ameliorate Illicit Island Extractions,Linguistic Inquiry,https://www.jstor.org/stable/26858268,Likert scale; acceptability judgment; acceptability rating; grammaticality judgment; grammaticality rating; magnitude estimation; sentence judgment; syntactic judgment,80,80,40,Other non-students,Online platform,Paid directly,Region,English,6,1,2,No,12,Within-subjects,,Not Reported,Not Reported,Not Reported,108,0,0,Yes,Slightly confident,24,12,96,No,Syntax,Not Reported,Not Reported,Not Reported,No,Slightly confident,"In the FC task, the two sentences were presented together, as illustrated in (3), and the participants were asked to choose the more acceptable sentence of the pair.",acceptability,Dichotomous (Binary),2,Variant Comparison,Written,Not Reported,Not Reported,Not Reported,Not Reported,Not Reported,Not Reported,Not Reported,Not Reported,Not Reported,Fairly confident,Dichotomous,Centering,R,Mixed-Effects Regression,No,Participant; Items,Yes,Not Reported,Not Reported,Not Reported,Not Reported,Not Reported,Not Reported,,,Not Reported,,Not Reported,,Not Reported,,lauren.ackerman@ncl.ac.uk,"The article talks about 6 experiments, but one could argue that it presents one big design with multiple between-subject manipulations. One of the manipulations has to do with the instrument which is not straightforward to implement in our questionnaire, so I've stuck with the framing of the article and considered the datacollections as separate experiments.",LR
"Ackerman, Frazier, Yoshida_2018_resumptive_pronouns_can",3,Lauren Ackerman; Michael Frazier; Masaya Yoshida,2018.0,Resumptive Pronouns Can Ameliorate Illicit Island Extractions,Linguistic Inquiry,https://www.jstor.org/stable/26858268,Likert scale; acceptability judgment; acceptability rating; grammaticality judgment; grammaticality rating; magnitude estimation; sentence judgment; syntactic judgment,80,80,40,Other non-students,Online platform,Paid directly,Region,English,6,3,2,No,12,Within-subjects,,Not Reported,Not Reported,Not Reported,108,0,0,Yes,Slightly confident,24,12,96,No,Syntax,Not Reported,Not Reported,Not Reported,No,Slightly confident,"In the FC task, the two sentences were presented together, as illustrated in (3), and the participants were asked to choose the more acceptable sentence of the pair.",acceptability,Dichotomous (Binary),2,Variant Comparison,Written,Not Reported,Not Reported,Not Reported,Not Reported,Not Reported,Not Reported,Not Reported,Not Reported,Not Reported,Fairly confident,Dichotomous,Centering,R,Mixed-Effects Regression,No,Participant; Items,Yes,Not Reported,Not Reported,Not Reported,Not Reported,Not Reported,Not Reported,,,Not Reported,,Not Reported,,Not Reported,,lauren.ackerman@ncl.ac.uk,"The article talks about 6 experiments, but one could argue that it presents one big design with multiple between-subject manipulations. One of the manipulations has to do with the instrument which is not straightforward to implement in our questionnaire, so I've stuck with the framing of the article and considered the datacollections as separate experiments.",LR
"Ackerman, Frazier, Yoshida_2018_resumptive_pronouns_can",4,Lauren Ackerman; Michael Frazier; Masaya Yoshida,2018.0,Resumptive Pronouns Can Ameliorate Illicit Island Extractions,Linguistic Inquiry,https://www.jstor.org/stable/26858268,Likert scale; acceptability judgment; acceptability rating; grammaticality judgment; grammaticality rating; magnitude estimation; sentence judgment; syntactic judgment,80,80,40,Other non-students,Online platform,Paid directly,Region,English,6,4,2,No,12,Within-subjects,,Not Reported,Not Reported,Not Reported,108,0,0,Yes,Slightly confident,24,12,96,No,Syntax,Not Reported,Not Reported,Not Reported,No,Slightly confident,Participants were asked to choose which of the two phrases best fit the incomplete sentence.,other,Dichotomous (Binary),2,Variant Comparison,Written,Not Reported,Not Reported,Not Reported,Not Reported,Not Reported,Not Reported,Not Reported,Not Reported,Not Reported,Fairly confident,Dichotomous,Centering,R,Mixed-Effects Regression,No,Participant; Items,Yes,Not Reported,Not Reported,Not Reported,Not Reported,Not Reported,Not Reported,,,Not Reported,,Not Reported,,Not Reported,,lauren.ackerman@ncl.ac.uk,"The article talks about 6 experiments, but one could argue that it presents one big design with multiple between-subject manipulations. One of the manipulations has to do with the instrument which is not straightforward to implement in our questionnaire, so I've stuck with the framing of the article and considered the datacollections as separate experiments.",LR
"Ackerman, Frazier, Yoshida_2018_resumptive_pronouns_can",5,Lauren Ackerman; Michael Frazier; Masaya Yoshida,2018.0,Resumptive Pronouns Can Ameliorate Illicit Island Extractions,Linguistic Inquiry,https://www.jstor.org/stable/26858268,Likert scale; acceptability judgment; acceptability rating; grammaticality judgment; grammaticality rating; magnitude estimation; sentence judgment; syntactic judgment,80,80,40,Other non-students,Online platform,Paid directly,Region,English,6,5,2,No,12,Within-subjects,,Not Reported,Not Reported,Not Reported,108,0,0,Yes,Slightly confident,24,12,96,No,Syntax,Not Reported,Not Reported,Not Reported,No,Slightly confident,Participants were asked to choose which of the two phrases best fit the incomplete sentence.,other,Dichotomous (Binary),2,Variant Comparison,Written,Not Reported,Not Reported,Not Reported,Not Reported,Not Reported,Not Reported,Not Reported,Not Reported,Not Reported,Fairly confident,Dichotomous,Centering,R,Mixed-Effects Regression,No,Participant; Items,Yes,Not Reported,Not Reported,Not Reported,Not Reported,Not Reported,Not Reported,,,Not Reported,,Not Reported,,Not Reported,,lauren.ackerman@ncl.ac.uk,"The article talks about 6 experiments, but one could argue that it presents one big design with multiple between-subject manipulations. One of the manipulations has to do with the instrument which is not straightforward to implement in our questionnaire, so I've stuck with the framing of the article and considered the datacollections as separate experiments.",LR
"Ackerman, Frazier, Yoshida_2018_resumptive_pronouns_can",6,Lauren Ackerman; Michael Frazier; Masaya Yoshida,2018.0,Resumptive Pronouns Can Ameliorate Illicit Island Extractions,Linguistic Inquiry,https://www.jstor.org/stable/26858268,Likert scale; acceptability judgment; acceptability rating; grammaticality judgment; grammaticality rating; magnitude estimation; sentence judgment; syntactic judgment,80,80,40,Other non-students,Online platform,Paid directly,Region,English,6,6,2,No,12,Within-subjects,NA,Not Reported,Not Reported,Not Reported,108,0,0,Yes,Slightly confident,24,12,96,No,Syntax,Not Reported,Not Reported,Not Reported,No,Slightly confident,Participants were asked to choose which of the two phrases best fit the incomplete sentence.,other,Dichotomous (Binary),2,Variant Comparison,Written,Not Reported,Not Reported,Not Reported,Not Reported,Not Reported,Not Reported,Not Reported,Not Reported,Not Reported,Fairly confident,Dichotomous,Centering,R,Mixed-Effects Regression,No,Participant; Items,Yes,Not Reported,Not Reported,Not Reported,Not Reported,Not Reported,Not Reported,NA,,Not Reported,NA,Not Reported,NA,Not Reported,NA,lauren.ackerman@ncl.ac.uk,"The article talks about 6 experiments, but one could argue that it presents one big design with multiple between-subject manipulations. One of the manipulations has to do with the instrument which is not straightforward to implement in our questionnaire, so I've stuck with the framing of the article and considered the datacollections as separate experiments.",LR
Pertsova_2016_transderivational_relations_and,1,Katya Pertsova,2016.0,Transderivational relations and paradigm gaps in Russian verbs,Glossa,https://doi.org/10.5334/gjgl.59,Likert scale; acceptability judg(e)ment; acceptability rating; grammaticality judg(e)ment; grammaticality rating; linguistic intuition judg(e)ment; linguistic intuition rating; sentence judg(e)ment,,,,Not Reported,Not Reported,Not Reported,Not Reported,Not Reported,1,1,,,,Within-subjects,NA,Not Reported,Not Reported,Not Reported,,0,0,Not Reported,,,,Not Reported,,Not Reported,Not Reported,Not Reported,Not Reported,Not Reported,,,Not Reported,Not Reported,,Isolation,Written,Not Reported,Not Reported,Not Reported,Not Reported,Not Reported,Not Reported,Not Reported,Not Reported,Not Reported,,,Not Reported,Not Reported,Not Reported,No,Not Reported,Not Reported,Not Reported,Not Reported,Not Reported,Not Reported,Not Reported,Not Reported,NA,,Not Reported,NA,Not Reported,NA,Not Reported,NA,,"Exclude; Used fill-in-the blank cloze reading task, not Acceptability Judgments",JG
Calhoun_2017_exclusives_equatives_and,1,Sasha Calhoun,2017.0,"Exclusives, equatives and prosodic phrases in Samoan",Glossa,https://doi.org/10.5334/gjgl.196,acceptability judg(e)ment; acceptability rating; grammaticality judg(e)ment; grammaticality rating; linguistic intuition judg(e)ment; linguistic intuition rating; magnitude estimation; naturalness judg(e)ment; naturalness rating; naïve rating; oridnal rating(s); sentence judg(e)ment; syntactic judg(e)ment,14,Not Reported,Not Reported,Not Reported,Not Reported,Not compensated,Gender / Sex; Age; Region; Language background; Education,Samoan,1,1,13?,No,Not Reported,Within-subjects,NA,Not Reported,Blocks,Semi-random,208,0,0,Not Reported,Slightly confident,208,28,180,Yes,Phonology; Semantics; Syntax,Fully Constructed,Not Reported,Not Reported,No,Fairly confident,"For each sentence, participants were asked to judge ’O le ā le tūlaga e iai lea fuai’upu i le gagana Sāmoa, e tusa ai ma lau fa’afofoga? (‘How acceptable is this as a sentence of Samoan?’). ",acceptability,Ordinal (Likert),9,Isolation,Written,Not Reported,Not Reported,Computer-based,Not Reported,No,Not Reported,Not Reported,Not Reported,Not Reported,Fairly confident,Ordinal,Not Reported,R,Mixed-Effects Regression,No,Participant; Items,Not Reported,Not Reported,Not Reported,Not Reported,Not Reported,Not Reported,Yes,prosody production data,Fairly confident,Published in supplement,https://doi.org/10.5334/gjgl.196.s1,Not Reported,NA,Not Reported,NA,Sasha.Calhoun@vuw.ac.nz,Exact condition numbers unclear; mix of conditions and analysis,JG
Mikkelsen_2011_on_prosody_and,1,Line Mikkelsen,2011.0,On Prosody and Focus in Object Shift,Syntax,https://doi.org/10.1111/j.1467-9612.2011.00152.x,grammaticality judgment; grammaticality rating; intuitive judgment; linguistic intuition judgment; linguistic intuition rating; naive rating; sentence judgment; syntactic judgment,11,Not Reported,11,Linguists (students or otherwise),Personal / professional network,Not Reported,Not Reported,Danish,3,1,8,No,Mixed,Within-subjects,NA,Yes,Blocks,Not Reported,20,0,0,Not Reported,Fairly confident,20,20,Not Reported,Yes,Syntax; Phonology,Fully Constructed,Not Reported,Not Reported,Not Reported,Fairly confident,Not Reported,Not Reported,Ordinal (Likert),4,Isolation,Written,Not Reported,Not Reported,Not Reported,Not Reported,No,Not Reported,Not Reported,Not Reported,Not Reported,Fairly confident,Ordinal,Not Reported,Not Reported,Descriptive only,No,Not Reported,Not Reported,Not Reported,Not Reported,Not Reported,Not Reported,Not Reported,Not Reported,NA,Very confident,Published in article,NA,Published in article,NA,Not Reported,NA,mikkelsen@berkeley.edu,Just an informal pilot ,JG
Mikkelsen_2011_on_prosody_and,2,Line Mikkelsen,2011.0,On Prosody and Focus in Object Shift,Syntax,https://doi.org/10.1111/j.1467-9612.2011.00152.x,grammaticality judgment; grammaticality rating; intuitive judgment; linguistic intuition judgment; linguistic intuition rating; naive rating; sentence judgment; syntactic judgment,18,Not Reported,11,Linguists (students or otherwise),Personal / professional network,Not Reported,Age; Language background; Region,Danish,3,1,48,Yes,1,Within-subjects,NA,Yes,Blocks,Semi-random,96,0,5,Not Reported,Fairly confident,48,48,48,Yes,Syntax; Phonology,Fully Constructed,Not Reported,Not Reported,Not Reported,Fairly confident,"Subjects entered their responses via keyboard and had three choices for each response: 1 for ‘‘grammatical’’ (something a native speaker would say), 7 for ‘‘ungrammatical’’ (not something a native speaker would say), and 4 for ‘‘I don't know.’’ ",grammaticality,Dichotomous (Binary),3,Isolation,Audio,Not Reported,Not Reported,Not Reported,Not Reported,No,Not Reported,Not Reported,Not Reported,Not Reported,Fairly confident,Dichotomous,Not Reported,Not Reported,Simple Regression,No,Not Reported,Not Reported,Not Reported,Not Reported,Not Reported,Not Reported,Not Reported,Yes,Stress assignment task,Very confident,Published in supplement,NA,Not Reported,NA,Not Reported,NA,mikkelsen@berkeley.edu,"Response was dichotomous with a third ""I don't know"" value, which were excluded.",JG
"Sprouse, Fukuda, Ono et al._2011_reverse_island_effects",2,Jon Sprouse; Shin Fukuda; Hajime Ono; Robert Kluender,2011.0,Reverse Island Effects and the Backward Search for a Licensor in Multiple Wh-Questions,Syntax,https://doi.org/10.1111/j.1467-9612.2011.00153.x,acceptability judgment; acceptability rating; grammaticality judgment; grammaticality rating; magnitude estimation; naturalness judgment; naturalness rating; sentence judgment; syntactic judgment,47,Not Reported,Not Reported,Mixed,Online platform,Paid directly,Language background,English,3,2,10,No,1,Within-subjects,NA,Yes,Intermixed,Semi-random,96,9,0,Not Reported,Fairly confident,10,10,86,No,Syntax,Fully Constructed,Not Reported,Not Reported,Not Reported,Fairly confident,"Not Reported. ""Participants are asked to use the standard to estimate the acceptability of the experimental items.""",acceptability,Continuous,ME,Isolation,Written,Not Reported,Not Reported,Computer-based,Not Reported,No,Not Reported,Not Reported,Not Reported,Not Reported,Slightly confident,Continuous,Z-score,R,Mixed-Effects Regression,No,Participant; Items,Not Reported,Not Reported,Not Reported,Not Reported,Not Reported,Not Reported,Not Reported,NA,Fairly confident,Not Reported,NA,Not Reported,NA,Not Reported,NA,jsprouse@uci.edu,"Items for this experiment were ""interleaved"" with items from Experiment 1. So for this experiment, all other items are fillers. The total number of is unclear, and it's also unclear how these items fit in with the ""fillers"" from Exp 1.",JG
"Sprouse, Fukuda, Ono et al._2011_reverse_island_effects",3,Jon Sprouse; Shin Fukuda; Hajime Ono; Robert Kluender,2011.0,Reverse Island Effects and the Backward Search for a Licensor in Multiple Wh-Questions,Syntax,https://doi.org/10.1111/j.1467-9612.2011.00153.x,acceptability judgment; acceptability rating; grammaticality judgment; grammaticality rating; magnitude estimation; naturalness judgment; naturalness rating; sentence judgment; syntactic judgment,54,Not Reported,Not Reported,Linguists (students or otherwise),University affiliation,Not Reported,Language background,Japanese,3,3,24,Yes,8,Within-subjects,NA,Yes,Intermixed,Semi-random,54,0,0,Not Reported,Fairly confident,192,24,30,No,Syntax,Fully Constructed,Not Reported,Not Reported,Not Reported,Fairly confident,"Not Reported. ""Participants are asked to use the standard to estimate the acceptability of the experimental items.""",acceptability,Continuous,ME,Isolation,Written,Not Reported,Not Reported,Computer-based,Not Reported,No,Not Reported,Not Reported,Not Reported,Not Reported,Slightly confident,Continuous,Z-score,R,Mixed-Effects Regression,No,Participant; Items,Not Reported,Not Reported,Not Reported,Not Reported,Not Reported,Not Reported,Not Reported,NA,Fairly confident,Not Reported,NA,Not Reported,NA,Not Reported,NA,jsprouse@uci.edu,Study cites 24 conditions but only provides 16 examples of those conditions,JG
"Nambu, Nakatani_2023_an_experimental_study",1,Satoshi Nambu; Kentaro Nakatani,2023.0,An experimental study of the adjacency constraint on the genitive subject in Japanese,Glossa,https://doi.org/10.16995/glossa.9509,Likert scale; acceptability judg(e)ment; acceptability rating; grammaticality judg(e)ment; grammaticality rating; naturalness judg(e)ment; naturalness rating; sentence judg(e)ment; syntactic judg(e)ment,40,Not Reported,Not Reported,Not Reported,University affiliation,Not Reported,Language background,Japanese,5,1,4,Yes,16,Within-subjects,NA,Yes,Intermixed,Semi-random,48,5,0,Not Reported,Fairly confident,64,16,32,Yes,Syntax,Fully Constructed,Not Reported,Not Reported,Not Reported,Fairly confident,Not Reported,naturalness,Ordinal (Likert),5,Isolation,Written,Not Reported,Not Reported,Paper,Not Reported,Not Reported,Not Reported,Not Reported,Not Reported,Not Reported,Fairly confident,Continuous,Z-score,R,Mixed-Effects Regression,No,Participant; Items,Not Reported,Not Reported,Not Reported,Not Reported,Not Reported,Not Reported,Not Reported,NA,Fairly confident,Not Reported,NA,Public Repository,https://osf.io/v9ery,Not Reported,NA,satoshi.nambu@monash.edu,"participants were ""recruited at a university in Japan""; minimal information about items, oddly",JG
"Nambu, Nakatani_2023_an_experimental_study",2,Satoshi Nambu; Kentaro Nakatani,2023.0,An experimental study of the adjacency constraint on the genitive subject in Japanese,Glossa,https://doi.org/10.16995/glossa.9509,Likert scale; acceptability judg(e)ment; acceptability rating; grammaticality judg(e)ment; grammaticality rating; naturalness judg(e)ment; naturalness rating; sentence judg(e)ment; syntactic judg(e)ment,67,Not Reported,Not Reported,Not Reported,University affiliation,Not Reported,Language background,Japanese,5,2,4,Yes,16,Within-subjects,NA,Yes,Intermixed,Semi-random,48,5,0,Not Reported,Fairly confident,64,16,32,Yes,Syntax,Fully Constructed,Not Reported,Not Reported,Not Reported,Fairly confident,Not Reported,naturalness,Ordinal (Likert),5,Isolation,Written,Not Reported,Not Reported,Paper,Not Reported,Not Reported,Not Reported,Not Reported,Not Reported,Not Reported,Fairly confident,Continuous,Z-score,R,Mixed-Effects Regression,No,Participant; Items,Not Reported,Not Reported,Not Reported,Not Reported,Not Reported,Not Reported,Not Reported,NA,Fairly confident,Not Reported,NA,Public Repository,https://osf.io/v9ery,Not Reported,NA,satoshi.nambu@monash.edu,"participants were ""recruited at a university in Japan""; minimal information about items, oddly",JG
"Sprouse, Fukuda, Ono et al._2011_reverse_island_effects",1,Jon Sprouse; Shin Fukuda; Hajime Ono; Robert Kluender,2011.0,Reverse Island Effects and the Backward Search for a Licensor in Multiple Wh-Questions,Syntax,https://doi.org/10.1111/j.1467-9612.2011.00153.x,acceptability judgment; acceptability rating; grammaticality judgment; grammaticality rating; magnitude estimation; naturalness judgment; naturalness rating; sentence judgment; syntactic judgment,47,Not Reported,Not Reported,Mixed,Online platform,Paid directly,Language background,English,3,1,24,No,12,Within-subjects,NA,Yes,Intermixed,Semi-random,96,9,0,Not Reported,Fairly confident,288,48,48,No,Syntax,Fully Constructed,Not Reported,Not Reported,Not Reported,Fairly confident,"Not Reported. ""Participants are asked to use the standard to estimate the acceptability of the experimental items.""",acceptability,Continuous,ME,Magnitude Estimation,Written,Not Reported,Not Reported,Computer-based,Not Reported,No,Not Reported,Not Reported,Not Reported,Not Reported,Slightly confident,Continuous,Z-score,R,Mixed-Effects Regression,No,Participant; Items,Not Reported,Not Reported,Not Reported,Not Reported,Not Reported,Not Reported,Not Reported,NA,Fairly confident,Not Reported,NA,Not Reported,NA,Not Reported,NA,jsprouse@uci.edu,,JG
"Sprouse, Fukuda, Ono et al._2011_reverse_island_effects",4,Jon Sprouse; Shin Fukuda; Hajime Ono; Robert Kluender,2011.0,Reverse Island Effects and the Backward Search for a Licensor in Multiple Wh-Questions,Syntax,https://doi.org/10.1111/j.1467-9612.2011.00153.x,acceptability judgment; acceptability rating; grammaticality judgment; grammaticality rating; magnitude estimation; naturalness judgment; naturalness rating; sentence judgment; syntactic judgment,47,Not Reported,Not Reported,Mixed,Online platform,Paid directly,Language background,English,3,1,24,No,12,Within-subjects,NA,Yes,Intermixed,Semi-random,96,9,0,Not Reported,Fairly confident,288,48,48,No,Syntax,Fully Constructed,Not Reported,Not Reported,Not Reported,Fairly confident,"Not Reported. ""Participants are asked to use the standard to estimate the acceptability of the experimental items.""",acceptability,Continuous,ME,Magnitude Estimation,Written,Not Reported,Not Reported,Computer-based,Not Reported,No,Not Reported,Not Reported,Not Reported,Not Reported,Slightly confident,Continuous,Z-score,R,Mixed-Effects Regression,No,Participant; Items,Not Reported,Not Reported,Not Reported,Not Reported,Not Reported,Not Reported,Not Reported,NA,Fairly confident,Not Reported,NA,Not Reported,NA,Not Reported,NA,jsprouse@uci.edu,,JG
"Bondevik, Lohndal_2023_extraction_from_finite",2,Ingrid Bondevik; Terje Lohndal,2023.0,Extraction from finite adjunct clauses: an investigation of relative clause dependencies in Norwegian,Glossa,https://doi.org/10.16995/glossa.9033,Likert scale; acceptability judg(e)ment; acceptability rating; grammaticality judg(e)ment; grammaticality rating; oridnal rating(s); sentence judg(e)ment; syntactic judg(e)ment,100,56,56,Mixed,Mixed,Paid directly,Region; Age; Language background,Norwegian,2,2,4,Yes,4,Within-subjects,NA,Yes,Intermixed,Semi-random,128,2,0,Not Reported,Fairly confident,64,64,64,No,Syntax,Fully Constructed,Other; Semantics,Not Reported,Not Reported,Fairly confident,"""participants were instructed to imagine a context in which the sentence was uttered by someone in their own dialect. Moreover, the instructions specified that long sentences are not necessarily unacceptable and short sentences are not necessarily acceptable. An example of a grammatical, but long sentence was shown and rated 7, and an example of a short, but ungrammatical sentence, rated 1.""",acceptability,Ordinal (Likert),7,Isolation,Written,Not Reported,Not Reported,Computer-based,Yes,No,Not Reported,Not Reported,Not Reported,Not Reported,Fairly confident,Continuous,Z-score,R,Mixed-Effects Regression,No,Participant; Items,Yes,Not Reported,Not Reported,Not Reported,Not Reported,Yes,Not Reported,NA,Fairly confident,Not Reported,NA,Public Repository,https://osf.io/d6wfe,Not Reported,NA,ingrid.bondevik@ntnu.no,"Examined 'satiation' effects, which I've coded under ""propensity""; Used the differences-in-differences effect size approach",JG
"Bondevik, Lohndal_2023_extraction_from_finite",1,Ingrid Bondevik; Terje Lohndal,2023.0,Extraction from finite adjunct clauses: an investigation of relative clause dependencies in Norwegian,Glossa,https://doi.org/10.16995/glossa.9033,Likert scale; acceptability judg(e)ment; acceptability rating; grammaticality judg(e)ment; grammaticality rating; oridnal rating(s); sentence judg(e)ment; syntactic judg(e)ment,100,76,Not Reported,Mixed,Online platform,Paid directly,Region; Age; Language background,Norwegian,2,1,20,No,Not Reported,Within-subjects,NA,Yes,Intermixed,Semi-random,128,2,0,Not Reported,Fairly confident,256,64,64,No,Syntax,Fully Constructed,Other; Semantics,Not Reported,Not Reported,Fairly confident,"""participants were instructed to imagine a context in which the sentence was uttered by someone in their own dialect. Moreover, the instructions specified that long sentences are not necessarily unacceptable and short sentences are not necessarily acceptable. An example of a grammatical, but long sentence was shown and rated 7, and an example of a short, but ungrammatical sentence, rated 1.""",acceptability,Ordinal (Likert),7,Isolation,Written,Not Reported,Not Reported,Computer-based,Yes,No,Not Reported,Not Reported,Not Reported,Not Reported,Fairly confident,Continuous,Z-score,R,Mixed-Effects Regression,No,Participant; Items,Yes,Not Reported,Not Reported,Not Reported,Not Reported,Yes,Not Reported,NA,Fairly confident,Not Reported,NA,Public Repository,https://osf.io/d6wfe,Not Reported,NA,ingrid.bondevik@ntnu.no,"Examined 'satiation' effects, which I've coded under ""propensity""; Used the differences-in-differences effect size approach",JG
"Portele, Bader_2023_strong_semantic_biases",1,Yvonne Portele; Markus Bader,2023.0,Strong semantic biases make demonstrative pronouns act like personal pronouns,Glossa,https://doi.org/10.16995/glossa.8832,acceptability judg(e)ment; acceptability rating; naïve rating; oridnal rating(s); sentence judg(e)ment; syntactic judg(e)ment,18,Not Reported,Not Reported,Students (unspecified),University affiliation,Not Reported,Language background,German,4,4,4,Yes,20,Within-subjects,NA,Yes,Intermixed,Not Reported,40,0,0,Not Reported,Fairly confident,80,20,20,No,Syntax; Semantics,Edited Authentic,Not Reported,Not Reported,Not Reported,Fairly confident,'A short instruction told participants that 1 corresponds to “totally unacceptable” and 7 to “totally acceptable”.' [Not Exact],acceptability,Ordinal (Likert),7,Isolation,Written,Not Reported,Not Reported,Computer-based,Not Reported,Not Reported,Not Reported,Not Reported,Not Reported,Not Reported,Fairly confident,Ordinal,Not Reported,R,Mixed-Effects Regression,No,Participant; Items,Yes,Not Reported,Not Reported,Not Reported,Not Reported,Not Reported,Not Reported,NA,Fairly confident,Not Reported,NA,Not Reported,https://osf.io/ft256,Not Reported,NA,y.portele@gmail.com,"A view-only link is provided to an OSF, but there are no files.",JG
"Diesing, Zec_2017_getting_in_the",1,Molly Diesing; Draga Zec,2017.0,Getting in the first word: Prosody and predicate initial sentences in Serbian,Glossa,https://doi.org/10.5334/gjgl.204,acceptability judg(e)ment; sentence judg(e)ment; syntactic judg(e)ment,,,,Not Reported,Not Reported,Not Reported,Not Reported,Not Reported,1,1,,,,Within-subjects,NA,Not Reported,Not Reported,Not Reported,,0,0,Not Reported,,,,Not Reported,,Not Reported,Not Reported,Not Reported,Not Reported,Not Reported,,,Not Reported,Not Reported,,Isolation,Written,Not Reported,Not Reported,Not Reported,Not Reported,Not Reported,Not Reported,Not Reported,Not Reported,Not Reported,,,Not Reported,Not Reported,Not Reported,No,Not Reported,Not Reported,Not Reported,Not Reported,Not Reported,Not Reported,Not Reported,Not Reported,NA,,Not Reported,NA,Not Reported,NA,Not Reported,NA,md20@cornell.edu,Exclude; This paper reports on experimental results from previous studies ,JG
Gonzálvez-García_2011_metaphor_and_metonymy,1,Francisco Gonzálvez-García,2011.0,Metaphor and metonymy do not render coercion superfluous: Evidence from the subjective-transitive construction,Linguistics,https://doi.org/10.1515/ling.2011.037,acceptability judgement; acceptability rating; grammaticality judgement; grammaticality rating; sentence judgement; syntactic judgement,30,Not Reported,Not Reported,Mixed,Not Reported,Not Reported,Age; Region; Language background,English,2,1,Not Reported,No,Not Reported,Within-subjects,NA,Not Reported,Not Reported,Not Reported,Not Reported,0,0,Not Reported,Slightly confident,Not Reported,Not Reported,Not Reported,No,Semantics,Fully Constructed,Not Reported,Not Reported,Not Reported,Slightly confident,"The native speakers were given the following instructions as to how to interpret the acceptability labels above. “Acceptable” was taken to mean “the sentence is possible in English”, while “unacceptable” was intended to reflect that “the sentence is impossible  in  English”.  Moreover,  the  “marginally  acceptable”  label  was meant to capture the following acceptability judgements: (a) “the sentence is not altogether impossible but does not sound completely OK either” and/or (b) “I’m not quite sure about whether this sentence is acceptable or unacceptable”.",acceptability,Ordinal (Likert),3,Isolation,Not Reported,Not Reported,Not Reported,Not Reported,Not Reported,Not Reported,Not Reported,Not Reported,Not Reported,Not Reported,Slightly confident,Ordinal,Not Reported,Not Reported,Descriptive only,No,Not Reported,Not Reported,Not Reported,Not Reported,Not Reported,Not Reported,Not Reported,Not Reported,NA,Fairly confident,Published in article,NA,Not Reported,NA,Not Reported,NA,,"No formal study was described: "" all the English and Spanish examples reproduced in this paper were previously rated as (a) acceptable, (b) marginally acceptable or (c) unac-ceptable by a group of 30 educated British and American native speakers aged between 20 and 50 and a group of 30 university students of English Philology at the University of Almería, aged between 21 and 23""",JG
Gonzálvez-García_2011_metaphor_and_metonymy,2,Francisco Gonzálvez-García,2011.0,Metaphor and metonymy do not render coercion superfluous: Evidence from the subjective-transitive construction,Linguistics,https://doi.org/10.1515/ling.2011.037,acceptability judgement; acceptability rating; grammaticality judgement; grammaticality rating; sentence judgement; syntactic judgement,30,Not Reported,Not Reported,Students (unspecified),University affiliation,Not Reported,Age; Region; Language background,Spanish,2,2,Not Reported,No,Not Reported,Within-subjects,NA,Not Reported,Not Reported,Not Reported,Not Reported,0,0,Not Reported,Slightly confident,Not Reported,Not Reported,Not Reported,No,Semantics,Fully Constructed,Not Reported,Not Reported,Not Reported,Slightly confident,"The native speakers were given the following instructions as to how to interpret the acceptability labels above. “Acceptable” was taken to mean “the sentence is possible in English”, while “unacceptable” was intended to reflect that “the sentence is impossible  in  English”.  Moreover,  the  “marginally  acceptable”  label  was meant to capture the following acceptability judgements: (a) “the sentence is not altogether impossible but does not sound completely OK either” and/or (b) “I’m not quite sure about whether this sentence is acceptable or unacceptable”.",acceptability,Ordinal (Likert),3,Isolation,Not Reported,Not Reported,Not Reported,Not Reported,Not Reported,Not Reported,Not Reported,Not Reported,Not Reported,Not Reported,Slightly confident,Ordinal,Not Reported,Not Reported,Descriptive only,No,Not Reported,Not Reported,Not Reported,Not Reported,Not Reported,Not Reported,Not Reported,Not Reported,NA,Fairly confident,Published in article,NA,Not Reported,NA,Not Reported,NA,,"No formal study was described: "" all the English and Spanish examples reproduced in this paper were previously rated as (a) acceptable, (b) marginally acceptable or (c) unac-ceptable by a group of 30 educated British and American native speakers aged between 20 and 50 and a group of 30 university students of English Philology at the University of Almería, aged between 21 and 23""",JG
Kapia_2012_clitic_doubling_and,1,Enkeleida Kapia,2012.0,Clitic doubling and information structure in Albanian,Linguistics,https://doi.org/10.1515/ling-2012-0028,grammaticality judgment; sentence judgment; syntactic judgment,27,Not Reported,27,Not Reported,Not Reported,Not compensated,Age; Language background; Education,Albanian,2,1,32,Yes,1,Within-subjects,NA,Yes,Intermixed,Semi-random,40,4,0,Not Reported,Fairly confident,32,32,8,Yes,Not Reported,Not Reported,Not Reported,Not Reported,Yes,Fairly confident,"The participants were asked to judge whether ‘Toni’s sentence sounds like Albanian.’ If ‘yes’, then they were asked to circle ‘yes’ in their test booklet. If ‘no’, they were asked to circle ‘no’ and also underline the section of Toni’s sentence which did not sound like Albanian. [exact instructions not provided]",other,Dichotomous (Binary),2,Isolation,Written,Not Reported,Not Reported,Paper,Yes,Yes,Not Reported,Not Reported,Not Reported,Not Reported,Fairly confident,Continuous,Not Reported,Not Reported,Descriptive only,No,Not Reported,Not Reported,Not Reported,Not Reported,Not Reported,Not Reported,Not Reported,Not Reported,NA,Fairly confident,Not Reported,NA,Not Reported,NA,Not Reported,NA,ekapia@bu.edu,Also ran a production experiment with different items,JG
"Kretzschmar, Prenner, Primus et al._2022_semanticrole_prominence_is",1,Franziska Kretzschmar; Maria Katarzyna Prenner; Beatrice Primus; Daniel Bunčić,2022.0,Semantic-role prominence is contingent on referent prominence in discourse: Experimental evidence from impersonals and passives in Polish,Glossa,https://doi.org/10.16995/glossa.5697,Likert scale; acceptability judg(e)ment; acceptability rating; grammaticality judg(e)ment; grammaticality rating; naturalness judg(e)ment; naturalness rating; oridnal rating(s); sentence judg(e)ment; syntactic judg(e)ment,102,92,Not Reported,Not Reported,Personal / professional network,Not Reported,Gender / Sex; Age; Education; Language background,Polish,2,1,10,Yes,40,Within-subjects,NA,Yes,Intermixed,Semi-random,52,0,0,Not Reported,Fairly confident,400,40,12,Yes,Syntax; Semantics,Fully Constructed,Frequency; Semantics,Not Reported,Not Reported,Fairly confident,,acceptability,Ordinal (Likert),6,Isolation,Written,Not Reported,Self-paced,Computer-based,Not Reported,No,Not Reported,Not Reported,Not Reported,Not Reported,Fairly confident,Ordinal,Not Reported,R,Mixed-Effects Regression,No,Participant; Items,Yes,Not Reported,Not Reported,Not Reported,Not Reported,Not Reported,Not Reported,NA,Fairly confident,Public Repository,https://osf.io/q438j/,Public Repository,https://osf.io/q438j/,Not Reported,NA,daniel.buncic@uni-koeln.de,,JG
"Kretzschmar, Prenner, Primus et al._2022_semanticrole_prominence_is",2,Franziska Kretzschmar; Maria Katarzyna Prenner; Beatrice Primus; Daniel Bunčić,2022.0,Semantic-role prominence is contingent on referent prominence in discourse: Experimental evidence from impersonals and passives in Polish,Glossa,https://doi.org/10.16995/glossa.5697,Likert scale; acceptability judg(e)ment; acceptability rating; grammaticality judg(e)ment; grammaticality rating; naturalness judg(e)ment; naturalness rating; oridnal rating(s); sentence judg(e)ment; syntactic judg(e)ment,81,76,Not Reported,Not Reported,Personal / professional network,Not Reported,Gender / Sex; Age; Education; Language background,Polish,2,2,10,Yes,40,Within-subjects,NA,Yes,Intermixed,Semi-random,52,0,0,Not Reported,Fairly confident,400,40,12,Yes,Syntax; Semantics,Fully Constructed,Frequency; Semantics,Not Reported,Not Reported,Fairly confident,Not Reported,acceptability,Ordinal (Likert),6,Isolation,Written,Not Reported,Self-paced,Computer-based,Not Reported,No,Not Reported,Not Reported,Not Reported,Not Reported,Fairly confident,Ordinal,Not Reported,R,Mixed-Effects Regression,No,Participant; Items,Yes,Not Reported,Not Reported,Not Reported,Not Reported,Not Reported,Not Reported,NA,Fairly confident,Public Repository,https://osf.io/q438j/,Public Repository,https://osf.io/q438j/,Not Reported,NA,daniel.buncic@uni-koeln.de,,JG
Adli_2013_syntactic_variation_in,1,Aria Adli,2013.0,Syntactic variation in French Wh-questions: A quantitative study from the angle of Bourdieu's sociocultural theory,Linguistics,https://doi.org/10.1515/ling-2013-0018,acceptability judgement; acceptability judgment; acceptability rating; grammaticality judgement; grammaticality judgment; grammaticality rating; intuitive judgement; intuitive judgment; linguistic intuition judgement; linguistic intuition judgment; linguistic intuition rating; magnitude estimation; naïve rating; sentence judgement; sentence judgment; syntactic judgement; syntactic judgment,195,78,Not Reported,Students (unspecified),University affiliation,Not Reported,Gender / Sex; Age; Education; Other,French,1,1,4,No,4,Mixed,Various social factors,Not Reported,Not Reported,Not Reported,16,0,0,Not Reported,Slightly confident,16,Not Reported,Not Reported,No,Syntax,Fully Constructed,Other,Not Reported,Yes,Fairly confident,"Subjects express their judgments by drawing a line on a bipolar scale, between the two endpoints “clearly well-formed” and “clearly ungrammatical”. ",grammaticality,Continuous,VZ,Isolation,Written,Not Reported,Not Reported,Paper,Not Reported,Yes,Yes,Not Reported,Not Reported,Not Reported,Slightly confident,Continuous,Not Reported,SPSS,ANOVA,No,Not Reported,Not Reported,Not Reported,Yes,Not Reported,Not Reported,Not Reported,Not Reported,NA,Fairly confident,Published in article,NA,Not Reported,NA,Not Reported,NA,aria.adli@hu-berlin.de,Very complex study; AJT not very clearly described,JG
"Konrad, Burattin, Cecchetto et al._2021_avoiding_gaps_in",1,Ingrid Konrad; Massimo Burattin; Carlo Cecchetto; Francesca Foppolo; Adrian Staub; Caterina Donati,2021.0,Avoiding Gaps in Romance: Evidence from Italian and French for a Structural Parsing Principle,Syntax,https://doi.org/10.1111/synt.12209,acceptability judgment; acceptability rating; grammaticality judgment; grammaticality rating; likert scale; linguistic intuition judgment; linguistic intuition rating; naturalness judgment; naturalness rating; ordinal rating; sentence judgment; syntactic judgment,67,Not Reported,Not Reported,Mixed,Online platform,Not Reported,Age; Region; Language background,Italian,4,1,3,Yes,24,Within-subjects,NA,Yes,Intermixed,Random,144,9,0,Not Reported,Fairly confident,72,72,72,No,Syntax,Fully Constructed,Not Reported,Not Reported,Not Reported,Slightly confident,Participants were asked to judge each sentence on a seven-point Likert scale in which 1 meant “not natural at all” and 7 meant “perfectly natural.”,naturalness,Ordinal (Likert),7,Isolation,Written,Not Reported,Not Reported,Computer-based,Yes,No,Not Reported,Not Reported,Not Reported,Not Reported,Fairly confident,Ordinal,Not Reported,R,Mixed-Effects Regression,No,Participant; Items,Yes,Not Reported,Not Reported,Not Reported,Not Reported,Not Reported,Yes,self-paced reading task,Fairly confident,Published in article,NA,Not Reported,NA,Not Reported,NA,konrad.ingrid4@gmail.com,"items were sets of 3 sentences, same as fillers. Recruitment via Facebook and social networks",JG
"Konrad, Burattin, Cecchetto et al._2021_avoiding_gaps_in",2,Ingrid Konrad; Massimo Burattin; Carlo Cecchetto; Francesca Foppolo; Adrian Staub; Caterina Donati,2021.0,Avoiding Gaps in Romance: Evidence from Italian and French for a Structural Parsing Principle,Syntax,https://doi.org/10.1111/synt.12209,acceptability judgment; acceptability rating; grammaticality judgment; grammaticality rating; likert scale; linguistic intuition judgment; linguistic intuition rating; naturalness judgment; naturalness rating; ordinal rating; sentence judgment; syntactic judgment,70,Not Reported,Not Reported,Mixed,Online platform,Not Reported,Age; Region; Language background,French,4,3,3,Yes,24,Within-subjects,NA,Yes,Intermixed,Random,144,9,0,Not Reported,Fairly confident,72,72,72,No,Syntax,Fully Constructed,Not Reported,Not Reported,Not Reported,Slightly confident,"Each sentence appeared in the center of the screen, and participants were asked to judge it on an 11-point Likert scale in which 0 meant “not natural at all” and 10 meant “perfectly natural.”",naturalness,Ordinal (Likert),11,Isolation,Written,Not Reported,Not Reported,Computer-based,Yes,No,Not Reported,Not Reported,Not Reported,Not Reported,Fairly confident,Ordinal,Not Reported,R,Mixed-Effects Regression,No,Participant; Items,Yes,Not Reported,Not Reported,Not Reported,Not Reported,Not Reported,Yes,self-paced reading task,Fairly confident,Published in article,NA,Not Reported,NA,Not Reported,NA,konrad.ingrid4@gmail.com,"items were sets of 3 sentences, same as fillers.",JG
Li_2020_will_it_really,1,Heng Li,2020.0,Will it really happen? Disambiguating of the hypothetical and real “Next Wednesday's meeting” question in Mandarin speakers,Lingua,https://doi.org/10.1016/j.lingua.2020.102806,Likert scale; acceptability judgement; acceptability judgment; sentence judgement; sentence judgment,60,Not Reported,30,Students (unspecified),University affiliation,Not Reported,Language background,Mandarin,3,1,2,Yes,1,Between-subjects,verb-preposition,Yes,Blocks,Fixed,2,0,0,Not Reported,Fairly confident,2,2,Not Reported,Yes,Syntax,Fully Constructed,Not Reported,Not Reported,Not Reported,Fairly confident,"we invited 60 participants from the same universities to rate the acceptability of each sentence on a 5-point Likert-type scale (1 = very bad, 5 = fine).",other,Ordinal (Likert),5,Isolation,Written,Not Reported,Not Reported,Not Reported,Not Reported,Not Reported,Not Reported,Not Reported,Not Reported,Not Reported,Fairly confident,Continuous,Not Reported,Not Reported,t-test,No,Not Reported,Not Reported,Not Reported,Not Reported,Not Reported,Not Reported,Not Reported,Not Reported,NA,Fairly confident,Published in article,NA,Not Reported,NA,Not Reported,NA,leehem168@163.com,Only used AJT to validate 2 items for a different study.,JG
Skilton_2021_demonstratives_and_visibility,1,Amalia Skilton,2021.0,Demonstratives and visibility: Data from Ticuna and implications for theories of deixis,Language,https://doi.org/10.1353/lan.2021.0065,acceptability judgment; naturalness judgment; sentence judgment,10,Not Reported,10,Mixed,Advertisement / Word of mouth,Not Reported,Language background; Region; Gender / Sex; Age,Ticuna,1,1,4,No,25,Within-subjects,NA,Not Reported,Not Reported,Not Reported,100,0,0,Not Reported,Slightly confident,100,100,Not Reported,No,Semantics; Lexis,Fully Constructed,Not Reported,Not Reported,Not Reported,Slightly confident,Unclear,Not Reported,Dichotomous (Binary),2,Isolation,Not Reported,Not Reported,Not Reported,Spoken/Signed,Not Reported,Not Reported,Not Reported,Not Reported,Not Reported,Not Reported,Slightly confident,Dichotomous,Not Reported,Not Reported,Descriptive only,No,Not Reported,Not Reported,Not Reported,Not Reported,Not Reported,Not Reported,Not Reported,Not Reported,NA,Slightly confident,Published in supplement,https://escholarship.org/uc/item,Published in supplement,https://escholarship.org/uc/item,Not Reported,NA,amalia.skilton@cornell.edu,"Confusing description of procedure and design. Participants first did a forced-choice of 1 of 4 variants, then rated the variants not chosen (I think). ",JG
Kawahara_2013_testing_japanese_loanword,1,Shigeto Kawahara,2013.0,Testing Japanese loanword devoicing: Addressing task effects,Linguistics,https://doi.org/10.1515/ling-2013-0050,acceptability judgment; acceptability rating; grammaticality judgment; grammaticality rating; linguistic intuition judgment; linguistic intuition rating; naturalness judgment; naturalness rating; naïve rating; syntactic judgment,33,Not Reported,Not Reported,Mixed,Online platform,Not Reported,Language background,Japanese,3,1,8,No,9,Within-subjects,NA,Not Reported,Blocks,Random,72,0,0,Not Reported,Slightly confident,72,72,Not Reported,No,Phonology,Fully Constructed,Other,Not Reported,Not Reported,Fairly confident,the participants were presented with one stimulus item and asked to judge the naturalness of the form that undergoes devoicing of word-internal consonants,naturalness,Ordinal (Likert),5,Isolation,Written,Not Reported,Not Reported,Computer-based,Not Reported,No,Not Reported,Not Reported,Not Reported,Not Reported,Fairly confident,Continuous,Not Reported,R,Mixed-Effects Regression,No,Not Reported,Not Reported,Not Reported,Not Reported,Not Reported,Not Reported,Not Reported,Not Reported,NA,Fairly confident,Published in article,NA,Not Reported,NA,Not Reported,NA,kawahara@icl.keio.ac.jp,Mentioned four conditions but crossed with real vs nonce words,JG
Kawahara_2013_testing_japanese_loanword,2,Shigeto Kawahara,2013.0,Testing Japanese loanword devoicing: Addressing task effects,Linguistics,https://doi.org/10.1515/ling-2013-0050,acceptability judgment; acceptability rating; grammaticality judgment; grammaticality rating; linguistic intuition judgment; linguistic intuition rating; naturalness judgment; naturalness rating; naïve rating; syntactic judgment,37,Not Reported,Not Reported,Mixed,Online platform,Not Reported,Language background,Japanese,3,1,8,No,9,Within-subjects,NA,Not Reported,Blocks,Random,72,0,0,Not Reported,Slightly confident,72,72,Not Reported,No,Phonology,Fully Constructed,Other,Not Reported,Not Reported,Fairly confident,it instead asked native speakers whether devoicing in each of the four grammatical conditions is possible or not using a binary yes/no format.,Not Reported,Dichotomous (Binary),2,Isolation,Written,Not Reported,Not Reported,Computer-based,Not Reported,No,Not Reported,Not Reported,Not Reported,Not Reported,Fairly confident,Dichotomous,Not Reported,R,Mixed-Effects Regression,No,Not Reported,Not Reported,Not Reported,Not Reported,Not Reported,Not Reported,Not Reported,Not Reported,NA,Fairly confident,Published in article,NA,Not Reported,NA,Not Reported,NA,kawahara@icl.keio.ac.jp,Mentioned four conditions but crossed with real vs nonce words,JG
Kawahara_2013_testing_japanese_loanword,3,Shigeto Kawahara,2013.0,Testing Japanese loanword devoicing: Addressing task effects,Linguistics,https://doi.org/10.1515/ling-2013-0050,acceptability judgment; acceptability rating; grammaticality judgment; grammaticality rating; linguistic intuition judgment; linguistic intuition rating; naturalness judgment; naturalness rating; naïve rating; syntactic judgment,25,Not Reported,Not Reported,Not Reported,Not Reported,Not Reported,Language background,Japanese,3,2,8,No,9,Within-subjects,NA,Not Reported,Blocks,Random,72,0,0,Not Reported,Slightly confident,72,72,Not Reported,No,Phonology,Fully Constructed,Other,Not Reported,Not Reported,Fairly confident,They were asked whether the second form is a possible pronunciation of the original form or not.,plausibility,Dichotomous (Binary),2,Isolation,Audio,Not Reported,Self-paced,Computer-based,Not Reported,Yes,Not Reported,Not Reported,Not Reported,Not Reported,Fairly confident,Dichotomous,Not Reported,R,Mixed-Effects Regression,No,Not Reported,Not Reported,Not Reported,Not Reported,Not Reported,Not Reported,Not Reported,Not Reported,NA,Fairly confident,Published in article,NA,Not Reported,NA,Not Reported,NA,kawahara@icl.keio.ac.jp,Mentioned four conditions but crossed with real vs nonce words,JG
"Munson, Ryherd, Kemper_2017_implicit_and_explicit",1,Benjamin Munson; Kayleigh Ryherd; Sara Kemper,2017.0,Implicit and explicit gender priming in English lingual sibilant fricative perception,Linguistics,https://doi.org/10.1515/ling-2017-0021,Likert scale; acceptability judgment; acceptability rating; grammaticality judgment; grammaticality rating; naïve rating; ordinal rating(s); sentence judgment; syntactic judgment,80,Not Reported,Not Reported,Mixed,University affiliation,Paid directly,Age; Gender / Sex; Region; Language background; Other,English,1,1,12,No,10,Mixed,implicit vs explicit gender,Yes,Blocks,Semi-random,40,0,0,Not Reported,Fairly confident,60,20,0,Yes,Phonology,Fully Constructed,Length; Semantics; Other,Yes,Not Reported,Fairly confident,"After hearing each sentence, participants were asked to click on one of two boxes on the computer screen, labeled “WAS grammatical” and “WAS NOT grammatical,” according to their judgment of the sentence’s grammaticality.",grammaticality,Dichotomous (Binary),2,Isolation,Audio,Not Reported,Not Reported,Paper,Not Reported,Yes,Not Reported,Not Reported,Not Reported,Not Reported,Slightly confident,Dichotomous,Not Reported,Not Reported,Not Reported,No,Not Reported,Not Reported,Not Reported,Not Reported,Not Reported,Not Reported,Not Reported,Not Reported,NA,Slightly confident,Published in article,NA,Not Reported,NA,Not Reported,NA,munso005@umn.edu,Complicated mixed design: grammaticality (2 factors) and gender (3 factors) are within- and implicit/explicit (2 factors) are between-subjects,JG
"Alonso-Ovalle, Murillo_2023_concessive_scalar_particles",1,Luis Alonso-Ovalle; Elizabeth Heredia Murillo,2023.0,Concessive scalar particles: Symmetric vs. nonsymmetric alternatives. The case of Spanish siquiera,Glossa,https://doi.org/10.16995/glossa.8574,acceptability judg(e)ment; grammaticality judg(e)ment; linguistic intuition judg(e)ment; sentence judg(e)ment; syntactic judg(e)ment,23,Not Reported,Not Reported,Not Reported,Not Reported,Not Reported,Language background,Andean Spanish,1,1,2,Yes,Not Reported,Within-subjects,NA,Not Reported,Not Reported,Not Reported,Not Reported,0,0,Not Reported,Slightly confident,Not Reported,Not Reported,Not Reported,No,Semantics,Fully Constructed,Not Reported,Not Reported,Yes,Slightly confident,were asked to judge whether the siquiera-sentence was accepted in the context and to justify their answer.,acceptability,Dichotomous (Binary),2,Isolation,Written,Not Reported,Not Reported,Not Reported,Not Reported,Yes,Not Reported,Not Reported,Not Reported,Not Reported,Slightly confident,Not Reported,Not Reported,Not Reported,Not Reported,No,Not Reported,Not Reported,Not Reported,Not Reported,Not Reported,Not Reported,Not Reported,Not Reported,NA,Fairly confident,Not Reported,NA,Not Reported,NA,Not Reported,NA,luis.alonso-ovalle@mcgill.ca,Experiment described only briefly in fn 6,JG
"Czypionka, Spalek, Wartenburger et al._2017_on_the_interplay",1,Anna Czypionka; Katharina Spalek; Isabell Wartenburger; Manfred Krifka,2017.0,On the interplay of object animacy and verb type during sentence comprehension in German: ERP evidence from the processing of transitive dative and accusative constructions,Linguistics,https://doi.org/10.1515/ling-2017-0031,acceptability judgment; acceptability rating; grammaticality judgment; grammaticality rating; linguistic intuition judgment; linguistic intuition rating; sentence judgment; syntactic judgment,351,Not Reported,Not Reported,Mixed,Online platform,Not Reported,Age; Language background; Gender / Sex,German,2,1,4,Yes,32,Within-subjects,NA,Yes,Not Reported,Not Reported,192,0,0,Not Reported,Slightly confident,192,128,64,Yes,Morphology; Semantics,Fully Constructed,Not Reported,Not Reported,Not Reported,Fairly confident,sentences were rated for acceptability in an online study [...] using a 6-point scale with 1 the best and 6 the worst rating. ,acceptability,Ordinal (Likert),6,Isolation,Written,Not Reported,Not Reported,Computer-based,Not Reported,No,Not Reported,Not Reported,Not Reported,Not Reported,Slightly confident,Continuous,Not Reported,Not Reported,ANOVA,No,Not Reported,Not Reported,Not Reported,Not Reported,Not Reported,Not Reported,Not Reported,Yes,EEG responses,Slightly confident,Published in article,NA,Not Reported,NA,Not Reported,NA,anna.czypionka@uni-konstanz.de,AJT conducted as pilot for EEG stimuli,JG
Letuchiy_2017_on_tense_and,1,Alexander Letuchiy,2017.0,On tense and irrealis marking in triclausal constructions (and what distinguishes them from biclausal constructions),Linguistics,https://doi.org/10.1515/ling-2017-0034,acceptability judgment; grammaticality judgment; linguistic intuition judgment; sentence judgment; syntactic judgment,20-50,Not Reported,Not Reported,Mixed,Online platform,Not Reported,Not Reported,Russian,Not Reported,1,Not Reported,No,Not Reported,Within-subjects,NA,Not Reported,Not Reported,Not Reported,Not Reported,0,0,Not Reported,Fairly confident,Not Reported,Not Reported,Not Reported,No,Syntax,Fully Constructed,Not Reported,Not Reported,Not Reported,Slightly confident, I only invited answers like “grammatical” and “ungrammatical”; no scale of acceptability was employed.,grammaticality,Dichotomous (Binary),2,Isolation,Written,Not Reported,Not Reported,Computer-based,Not Reported,No,Not Reported,Not Reported,Not Reported,Not Reported,Fairly confident,Dichotomous,Not Reported,Not Reported,Not Reported,No,Not Reported,Not Reported,Not Reported,Not Reported,Not Reported,Not Reported,Not Reported,Not Reported,NA,Fairly confident,Not Reported,NA,Not Reported,NA,Not Reported,NA,aletuchiy@hse.ru,"Just mentioned running several (unclear how many) surveys: no mention of exact numbers of participants, conditions, items, etc, or of procedures",JG
"Verhagen, Mos, Schilperoord et al._2019_variation_is_information",1,Véronique Verhagen; Maria Mos; Joost Schilperoord; Ad Backus,2019.0,"Variation is information: Analyses of variation across items, participants, time, and methods in metalinguistic judgment data",Linguistics,https://doi.org/10.1515/ling-2018-0036,Likert scale; acceptability judgement; acceptability judgment; acceptability rating; grammaticality judgement; grammaticality judgment; grammaticality rating; magnitude estimation; meta-linguistic judgement; meta-linguistic judgment; meta-linguistic rating; ordinal rating(s); sentence judgement; sentence judgment; syntactic judgement; syntactic judgment,91,,91,Mixed,Online platform,Not Reported,Gender / Sex; Age; Language background; Education,Dutch,1,1,4,Yes,79,Mixed,Rating scale,Yes,Not Reported,Not Reported,158,0,0,Not Reported,Slightly confident,79,79,Not Reported,Yes,Syntax,Fully Constructed,Frequency,Not Reported,Not Reported,Slightly confident," it was explained that their task was to indicate how familiar various word combinations are to them. In line with earlier studies using familiarity ratings (Juhasz et al. 2015; Williams
and Morris 2004), our instructions read that the more you use and encounter a particular word combination, the more familiar it is to you, and the higher the score you assign to it.",other,Ordinal (Likert),7,Isolation,Written,Not Reported,Not Reported,Computer-based,Not Reported,No,Not Reported,Not Reported,Built-in breaks,Yes,Slightly confident,Continuous,Z-score,R,Mixed-Effects Regression,No,Participant; Items,Yes,Not Reported,Not Reported,Not Reported,Not Reported,Not Reported,Yes,corpus frequency,Fairly confident,Published in article,NA,Not Reported,NA,Not Reported,NA,v.a.y.verhagen@tilburguniversity.edu,Task rated Familiarity; one factor was Task: Likert vs Magnitude Estimation; Participants rated items over two time periods; extensive documentation of models but no code or raw data,JG
Featherston_2005_magnitude_estimation_and,1,Sam Featherston,2005.0,Magnitude estimation and what it can do for your syntax: some wh-constraints in German,Lingua,https://doi.org/10.1016/j.lingua.2004.07.003,acceptability judgement; acceptability judgment; acceptability rating; grammaticality judgement; grammaticality judgment; grammaticality rating; intuitive judgement; intuitive judgment; linguistic intuition judgement; linguistic intuition judgment; linguistic intuition rating; magnitude estimation; naturalness judgement; naturalness judgment; naturalness rating; sentence judgement; sentence judgment; syntactic judgement ; syntactic judgment,38,Not Reported,Not Reported,Mixed,Online platform,Not Reported,Gender / Sex; Age; Language background; Region; Education,German,1,1,26,No,26,Within-subjects,NA,Not Reported,Not Reported,Not Reported,44,0,0,Not Reported,Slightly confident,676,26,18,No,Syntax,Fully Constructed,Frequency; Length,Not Reported,Not Reported,Slightly confident,"subjects were asked whether the experimental sentences ‘‘sounded natural’’, to avoid triggering any feeling that they were being asked for normative judgements. ",naturalness,Continuous,ME,Magnitude Estimation,Written,Not Reported,Not Reported,Computer-based,Not Reported,No,Not Reported,Not Reported,Not Reported,Not Reported,Fairly confident,Continuous,Z-score,Not Reported,ANOVA,No,Items; Participant,Not Reported,Not Reported,Not Reported,Not Reported,Not Reported,Not Reported,Not Reported,NA,Fairly confident,Not Reported,NA,Not Reported,NA,Not Reported,NA,sam.featherston@uni-tuebingen.de,"Further details included in another paper: Featherston S. Universals and grammaticality: Wh-constraints in German and English. Linguistics 43(4), in press",JG
"Feldhausen, Buchczyk_2021_revisiting_subjunctive_obviation",1,Ingo Feldhausen; Sebastian Buchczyk,2021.0,Revisiting subjunctive obviation in French: a formal acceptability judgment study,Glossa,https://doi.org/10.5334/gjgl.1219,Likert scale; acceptability judg(e)ment; acceptability rating; grammaticality judg(e)ment; grammaticality rating; intuitive judg(e)ment; linguistic intuition judg(e)ment; linguistic intuition rating; naïve rating; sentence judg(e)ment; syntactic judg(e)ment,88,Not Reported,Not Reported,Mixed,Online platform,Not Reported,Gender / Sex; Age; Education; Language background,French,1,1,6,Yes,8,Within-subjects,NA,Yes,Blocks,Semi-random,96,Unclear,0,Not Reported,Fairly confident,48,48,48,Yes,Not Reported; Syntax,Not Reported,Not Reported,Not Reported,Not Reported,Fairly confident,"The scale ranged from grammatical (right, value 6) to ungrammatical (value 0), with ni l’un ni l’autre ‘neither one nor the other’ in the middle of the scale (value 3; Figure 1). ",grammaticality,Ordinal (Likert),7,Isolation,Written,Not Reported,Not Reported,Computer-based,Yes,No,Not Reported,Not Reported,Built-in breaks,Not Reported,Fairly confident,Continuous,Z-score,R,ANOVA,No,Not Reported,Yes,Not Reported,Not Reported,Not Reported,Not Reported,Not Reported,Not Reported,NA,Fairly confident,Published in supplement,https://doi.org/10.5334/gjgl.1219.s1,Not Reported,NA,Not Reported,NA,ingo.feldhausen@univ-lorraine.fr,,JG
Huumo_2019_why_monday_is,1,Tuomas Huumo,2019.0,Why Monday is not in front of Tuesday: On the uses of English and Finnish front adpositions in sequence metaphors of time,Linguistics,https://doi.org/10.1515/ling-2019-0010,Likert scale; acceptability rating; grammaticality rating; linguistic intuition rating,63,59,,Students (unspecified),University affiliation,Not Reported,Gender / Sex; Age; Language background; Education,Finnish,1,1,4,No,1,Within-subjects,NA,Yes,Not Reported,Fixed,Not Reported,0,0,Not Reported,Slightly confident,4?,4?,Unclear,No,Syntax; Morphology,Fully Constructed,Not Reported,Yes,Not Reported,Slightly confident,"The participants were told to use a scale from 1 to 5 to rate the acceptability of the sentences, with 1 marking the lowest degree of acceptability (the sentence is either ill-formed or inapt to describe the situation), and 5 the highest degree of acceptability (the sentence is fully acceptable and compatible with the situation).",acceptability,Ordinal (Likert),5,Isolation,Written,Not Reported,Not Reported,Paper,Not Reported,Not Reported,Yes,Not Reported,Not Reported,Not Reported,Slightly confident,Continuous,Not Reported,Not Reported,t-test,No,Not Reported,Not Reported,Not Reported,Not Reported,Not Reported,Not Reported,Not Reported,Not Reported,NA,Fairly confident,Not Reported,NA,Not Reported,NA,Not Reported,NA,thuumo@utu.fi,Limited explanation of items and design,JG
Wood_2019_quantifying_geographical_variation,1,Jim Wood,2019.0,Quantifying geographical variation in acceptability judgments in regional American English dialect syntax,Linguistics,https://doi.org/10.1515/ling-2019-0031,Likert scale; acceptability judgment; acceptability rating; grammaticality judgment; grammaticality rating; sentence judgment; syntactic judgment,Mixed,Not Reported,Not Reported,Mixed,Online platform,Paid directly,Region,American English,Not Reported,1,,,,Within-subjects,NA,Not Reported,Not Reported,Not Reported,,0,0,Not Reported,,15,,30,,Not Reported,Not Reported,Not Reported,Not Reported,Not Reported,,"You will be presented with a sentence, or with a context plus a sentence. You will then judge the acceptability of that sentence on a scale of 1–5, with 1 being unacceptable and 5 being acceptable. [Verbatim instructions]",acceptability,Ordinal (Likert),5,Isolation,Written,Not Reported,Not Reported,Not Reported,Not Reported,Not Reported,Not Reported,Not Reported,Not Reported,Not Reported,,Ordinal,Not Reported,Not Reported,Other,No,Not Reported,Not Reported,Not Reported,Not Reported,Not Reported,Not Reported,Not Reported,Not Reported,NA,Slightly confident,Not Reported,NA,Not Reported,NA,Not Reported,NA,jim.wood@yale.edu,Exclude. The article aggregates numerous surveys (unclear how many) to run geospatial analysis.,JG
"Sleeman, Ihsane_2020_convergence_and_divergence",1,Petra Sleeman; Tabea Ihsane,2020.0,"Convergence and divergence in the expression of partitivity in French, Dutch, and German",Linguistics,https://doi.org/10.1515/ling-2020-0090,acceptability judgment; grammaticality judgment; linguistic intuition judgment; sentence judgment; syntactic judgment,,,,Not Reported,Not Reported,Not Reported,Not Reported,Not Reported,1,1,,,,Within-subjects,NA,Not Reported,Not Reported,Not Reported,,0,0,Not Reported,,,,Not Reported,,Not Reported,Not Reported,Not Reported,Not Reported,Not Reported,,,Not Reported,Not Reported,,Isolation,Written,Not Reported,Not Reported,Not Reported,Not Reported,Not Reported,Not Reported,Not Reported,Not Reported,Not Reported,,,Not Reported,Not Reported,Not Reported,No,Not Reported,Not Reported,Not Reported,Not Reported,Not Reported,Not Reported,Not Reported,Not Reported,NA,,Not Reported,NA,Not Reported,NA,Not Reported,NA,,Exclude; study focused on L2 learners ,JG
"Primus, Kretzschmar, Heusinger et al._2020_relating_agent_prominence",1,Beatrice Primus; Franziska Kretzschmar; Klaus Von Heusinger; Nikolaus P. Himmelmann,2020.0,Relating agent prominence to discourse prominence: DO-clefts in German,Linguistics,https://doi.org/10.1515/ling-2020-0276,acceptability judgment; acceptability rating; intuitive judgment; naïve rating; ordinal rating(s); sentence judgment; syntactic judgment,,,,Not Reported,Not Reported,Not Reported,Not Reported,Not Reported,1,1,,,,Within-subjects,NA,Not Reported,Not Reported,Not Reported,,0,0,Not Reported,,,,Not Reported,,Not Reported,Not Reported,Not Reported,Not Reported,Not Reported,,,Not Reported,Not Reported,,Isolation,Written,Not Reported,Not Reported,Not Reported,Not Reported,Not Reported,Not Reported,Not Reported,Not Reported,Not Reported,,,Not Reported,Not Reported,Not Reported,No,Not Reported,Not Reported,Not Reported,Not Reported,Not Reported,Not Reported,Not Reported,Not Reported,NA,,Not Reported,NA,Not Reported,NA,Not Reported,NA,,Exclude; does not conduct original AJ experiments,JG
"Scontras, Polinsky, Fuchs_2018_in_support_of",1,Gregory Scontras; Maria Polinsky; Zuzanna Fuchs,2018.0,In support of representational economy: Agreement in heritage Spanish,Glossa,https://doi.org/10.5334/gjgl.164,acceptability judg(e)ment; acceptability rating; grammaticality judg(e)ment; grammaticality rating; sentence judg(e)ment; syntactic judg(e)ment,160,71,,Mixed,Online platform,Paid directly,Region; Language background; Age,Spanish,1,1,64,No,16,Within-subjects,NA,Yes,Intermixed,Random,48,0,0,Not Reported,Slightly confident,1024,32,16,No,Syntax; Morphology,Fully Constructed,Not Reported,Not Reported,Not Reported,Not confident at all,Participants were instructed to indicate the acceptability of the sentences they heard on a scale from 1 (completamente inaceptable ‘completely unacceptable’) to 5 (completamente aceptable ‘completely acceptable’),acceptability,Ordinal (Likert),5,Isolation,Audio,Not Reported,Not Reported,Computer-based,Not Reported,No,Not Reported,Not Reported,Not Reported,Not Reported,Slightly confident,Continuous,Not Reported,Not Reported,Mixed-Effects Regression,No,Not Reported,Yes,Not Reported,Not Reported,Not Reported,Not Reported,Not Reported,Not Reported,NA,Slightly confident,Published in supplement,NA,Not Reported,NA,Not Reported,NA,g.scontras@uci.edu,"The design is very confusing and complicated (4x4x4 conditions, I think). not clear how grammatical and ungrammatical items were balanced for presentation",JG
"Ellsiepen, Bader_2018_constraints_on_argument",1,Emilia Ellsiepen; Markus Bader,2018.0,Constraints on Argument Linearization in German,Glossa,https://doi.org/10.5334/gjgl.258,Likert scale; acceptability judg(e)ment; acceptability rating; grammaticality judg(e)ment; grammaticality rating; linguistic intuition judg(e)ment; linguistic intuition rating; magnitude estimation; oridnal rating(s); sentence judg(e)ment; syntactic judg(e)ment,64,Not Reported,Not Reported,Students (unspecified),University affiliation,Mixed,Language background; Region; Education,German,4,1,8,No,32,Within-subjects,NA,Yes,Intermixed,Not Reported,159,10,0,Not Reported,Fairly confident,256,Not Reported,29,No,Syntax,Fully Constructed,Length,Not Reported,Not Reported,Slightly confident,"participants were acquainted with the method by judging the length of lines and the acceptability of ten training sentences, and the experimental phase. 
In each phase, participants first assigned a numerical value to the reference stimulus (either a line or a sentence).",Not Reported,Continuous,ME,Magnitude Estimation,Written,Not Reported,Not Reported,Not Reported,Yes,Yes,Not Reported,Not Reported,Not Reported,Not Reported,Slightly confident,Continuous,Z-score,R,Mixed-Effects Regression,No,Participant; Items,Yes,Not Reported,Not Reported,Not Reported,Not Reported,Not Reported,Not Reported,NA,Fairly confident,Published in supplement,NA,Not Reported,NA,Not Reported,NA,emilia.ellsiepen@gmail.com,"Design is confusing, esp. number of items and trials. Also used log-transformed ratings",JG
"Ellsiepen, Bader_2018_constraints_on_argument",3,Emilia Ellsiepen; Markus Bader,2018.0,Constraints on Argument Linearization in German,Glossa,https://doi.org/10.5334/gjgl.258,Likert scale; acceptability judg(e)ment; acceptability rating; grammaticality judg(e)ment; grammaticality rating; linguistic intuition judg(e)ment; linguistic intuition rating; magnitude estimation; oridnal rating(s); sentence judg(e)ment; syntactic judg(e)ment,28,Not Reported,Not Reported,Students (unspecified),University affiliation,Mixed,Language background; Region; Education,German,4,3a,4,No,24,Within-subjects,NA,Yes,Intermixed,Not Reported,115,10,0,Not Reported,Fairly confident,96,40,Not Reported,No,Syntax,Fully Constructed,Length,Not Reported,Not Reported,Slightly confident,"participants were acquainted with the method by judging the length of lines and the acceptability of ten training sentences, and the experimental phase. 
In each phase, participants first assigned a numerical value to the reference stimulus (either a line or a sentence).",Not Reported,Continuous,ME,Magnitude Estimation,Written,Not Reported,Not Reported,Not Reported,Yes,Yes,Not Reported,Not Reported,Not Reported,Not Reported,Slightly confident,Continuous,Z-score,R,Mixed-Effects Regression,No,Participant; Items,Yes,Not Reported,Not Reported,Not Reported,Not Reported,Not Reported,Not Reported,NA,Fairly confident,Published in supplement,NA,Not Reported,NA,Not Reported,NA,emilia.ellsiepen@gmail.com,"Design is confusing, esp. number of items and trials. Also used log-transformed ratings",JG
"Ellsiepen, Bader_2018_constraints_on_argument",4,Emilia Ellsiepen; Markus Bader,2018.0,Constraints on Argument Linearization in German,Glossa,https://doi.org/10.5334/gjgl.258,Likert scale; acceptability judg(e)ment; acceptability rating; grammaticality judg(e)ment; grammaticality rating; linguistic intuition judg(e)ment; linguistic intuition rating; magnitude estimation; oridnal rating(s); sentence judg(e)ment; syntactic judg(e)ment,28,Not Reported,Not Reported,Students (unspecified),University affiliation,Mixed,Language background; Region; Education,German,4,3b,4,No,24,Within-subjects,NA,Yes,Intermixed,Not Reported,115,10,0,Not Reported,Fairly confident,96,24,Not Reported,No,Syntax,Fully Constructed,Length,Not Reported,Not Reported,Slightly confident,"participants were acquainted with the method by judging the length of lines and the acceptability of ten training sentences, and the experimental phase. 
In each phase, participants first assigned a numerical value to the reference stimulus (either a line or a sentence).",Not Reported,Continuous,ME,Magnitude Estimation,Written,Not Reported,Not Reported,Not Reported,Yes,Yes,Not Reported,Not Reported,Not Reported,Not Reported,Slightly confident,Continuous,Z-score,R,Mixed-Effects Regression,No,Participant; Items,Yes,Not Reported,Not Reported,Not Reported,Not Reported,Not Reported,Not Reported,NA,Fairly confident,Published in supplement,NA,Not Reported,NA,Not Reported,NA,emilia.ellsiepen@gmail.com,"Design is confusing, esp. number of items and trials. Also used log-transformed ratings",JG
"Ellsiepen, Bader_2018_constraints_on_argument",2,Emilia Ellsiepen; Markus Bader,2018.0,Constraints on Argument Linearization in German,Glossa,https://doi.org/10.5334/gjgl.258,Likert scale; acceptability judg(e)ment; acceptability rating; grammaticality judg(e)ment; grammaticality rating; linguistic intuition judg(e)ment; linguistic intuition rating; magnitude estimation; oridnal rating(s); sentence judg(e)ment; syntactic judg(e)ment,52,Not Reported,Not Reported,Students (unspecified),University affiliation,Mixed,Language background; Region; Education,German,4,3c,4,No,24,Within-subjects,NA,Yes,Intermixed,Not Reported,115,10,0,Not Reported,Fairly confident,96,24,Not Reported,No,Syntax,Fully Constructed,Length,Not Reported,Not Reported,Slightly confident,"participants were acquainted with the method by judging the length of lines and the acceptability of ten training sentences, and the experimental phase. 
In each phase, participants first assigned a numerical value to the reference stimulus (either a line or a sentence).",Not Reported,Continuous,ME,Magnitude Estimation,Written,Not Reported,Not Reported,Not Reported,Yes,Yes,Not Reported,Not Reported,Not Reported,Not Reported,Slightly confident,Continuous,Z-score,R,Mixed-Effects Regression,No,Participant; Items,Yes,Not Reported,Not Reported,Not Reported,Not Reported,Not Reported,Not Reported,NA,Fairly confident,Published in supplement,NA,Not Reported,NA,Not Reported,NA,emilia.ellsiepen@gmail.com,"Design is confusing, esp. number of items and trials. Also used log-transformed ratings",JG
"Ellsiepen, Bader_2018_constraints_on_argument",6,Emilia Ellsiepen; Markus Bader,2018.0,Constraints on Argument Linearization in German,Glossa,https://doi.org/10.5334/gjgl.258,Likert scale; acceptability judg(e)ment; acceptability rating; grammaticality judg(e)ment; grammaticality rating; linguistic intuition judg(e)ment; linguistic intuition rating; magnitude estimation; oridnal rating(s); sentence judg(e)ment; syntactic judg(e)ment,20,Not Reported,Not Reported,Students (unspecified),University affiliation,Mixed,Language background; Region; Education,German,4,4,4,No,24,Within-subjects,NA,Yes,Intermixed,Not Reported,Not Reported,10,0,Not Reported,Fairly confident,96,Not Reported,61,No,Syntax,Fully Constructed,Length,Not Reported,Not Reported,Slightly confident,"participants were acquainted with the method by judging the length of lines and the acceptability of ten training sentences, and the experimental phase. 
In each phase, participants first assigned a numerical value to the reference stimulus (either a line or a sentence).",Not Reported,Continuous,ME,Magnitude Estimation,Written,Not Reported,Not Reported,Not Reported,Yes,Yes,Not Reported,Not Reported,Not Reported,Not Reported,Slightly confident,Continuous,Z-score,R,Mixed-Effects Regression,No,Participant; Items,Yes,Not Reported,Not Reported,Not Reported,Not Reported,Not Reported,Not Reported,NA,Fairly confident,Published in supplement,NA,Not Reported,NA,Not Reported,NA,emilia.ellsiepen@gmail.com,"Design is confusing, esp. number of items and trials. Also used log-transformed ratings",JG
"Barbosa, Cat_2019_intervention_effects_in",1,Pilar Barbosa; Cécile De Cat,2019.0,Intervention effects in wh-chains: the combined effect of syntax and processing,Glossa,https://doi.org/10.5334/gjgl.1005,acceptability judg(e)ment; acceptability rating; grammaticality judg(e)ment; grammaticality rating; intuitive judg(e)ment; linguistic intuition judg(e)ment; linguistic intuition rating; oridnal rating(s); sentence judg(e)ment; syntactic judg(e)ment,60,Not Reported,Not Reported,Not Reported,Not Reported,Not Reported,Region; Language background; Gender / Sex,French,1,1,24,No,Mixed,Within-subjects,NA,Not Reported,Intermixed,Fixed,68,0,0,Not Reported,Fairly confident,45,45,20,Yes,Syntax,Fully Constructed,Not Reported,Not Reported,Yes,Fairly confident,Participants recorded their judgment by choosing one of 5 options,plausibility,Ordinal (Likert),5,Isolation,Audio,Not Reported,Not Reported,Not Reported,Not Reported,Yes,Not Reported,Not Reported,Not Reported,Not Reported,Fairly confident,Ordinal,Not Reported,R,Mixed-Effects Regression,No,Participant; Items,Yes,Not Reported,Not Reported,Not Reported,Not Reported,Not Reported,Not Reported,NA,Fairly confident,Published in supplement,NA,Not Reported,NA,Not Reported,NA,pbarbosa@ilch.uminho.pt,Also used random forests and Ctrees; Design description is very complex and number of items per condition varies,JG
"Martí, Ionin_2019_wide_scope_indefinites",2,Luisa Martí; Tania Ionin,2019.0,Wide scope indefinites in Russian: an experimental investigation,Glossa,https://doi.org/10.5334/gjgl.612,Likert scale; acceptability judg(e)ment; acceptability rating; linguistic intuition judg(e)ment; linguistic intuition rating; oridnal rating(s); sentence judg(e)ment; syntactic judg(e)ment,83,83,83,Mixed,Mixed,Not Reported,Not Reported,Russian,7,1.2,6,No,4,Between-subjects,form of the indefinite,Yes,Intermixed,Random,104,0,0,Not Reported,Fairly confident,24,24,68,No,Semantics; Morphology; Syntax,Fully Constructed,Not Reported,Not Reported,Not Reported,Fairly confident," participants rated the acceptability of the second sentence in each pair as a continuation to the first sentence, on a scale from 1 (unacceptable) to 4 (acceptable)",acceptability,Ordinal (Likert),4,Isolation,Written,Not Reported,Not Reported,Not Reported,Not Reported,Not Reported,Not Reported,Not Reported,Not Reported,Not Reported,Fairly confident,Ordinal,Not Reported,R,Mixed-Effects Regression,No,Participant; Items,Yes,Not Reported,Not Reported,Not Reported,Not Reported,Not Reported,Not Reported,NA,Fairly confident,Not Reported,NA,Not Reported,NA,Not Reported,NA,luisa.marti@qmul.ac.uk,Mixed several experiments into one so numbers of items and trials is confusing,JG
"Martí, Ionin_2019_wide_scope_indefinites",1,Luisa Martí; Tania Ionin,2019.0,Wide scope indefinites in Russian: an experimental investigation,Glossa,https://doi.org/10.5334/gjgl.612,Likert scale; acceptability judg(e)ment; acceptability rating; linguistic intuition judg(e)ment; linguistic intuition rating; oridnal rating(s); sentence judg(e)ment; syntactic judg(e)ment,83,83,Not Reported,Mixed,Mixed,Not Reported,Not Reported,Russian,7,1.1,6,No,4,Between-subjects,form of the indefinite,Yes,Intermixed,Random,104,0,0,Not Reported,Fairly confident,24,24,68,No,Semantics; Morphology; Syntax,Fully Constructed,Not Reported,Not Reported,Not Reported,Fairly confident," participants rated the acceptability of the second sentence in each pair as a continuation to the first sentence, on a scale from 1 (unacceptable) to 4 (acceptable)",acceptability,Ordinal (Likert),4,Isolation,Written,Not Reported,Not Reported,Not Reported,Not Reported,Not Reported,Not Reported,Not Reported,Not Reported,Not Reported,Fairly confident,Ordinal,Not Reported,R,Mixed-Effects Regression,No,Participant; Items,Yes,Not Reported,Not Reported,Not Reported,Not Reported,Not Reported,Not Reported,NA,Fairly confident,Not Reported,NA,Not Reported,NA,Not Reported,NA,luisa.marti@qmul.ac.uk,Mixed several experiments into one so numbers of items and trials is confusing,JG
"Martí, Ionin_2019_wide_scope_indefinites",3,Luisa Martí; Tania Ionin,2019.0,Wide scope indefinites in Russian: an experimental investigation,Glossa,https://doi.org/10.5334/gjgl.612,Likert scale; acceptability judg(e)ment; acceptability rating; linguistic intuition judg(e)ment; linguistic intuition rating; oridnal rating(s); sentence judg(e)ment; syntactic judg(e)ment,83,83,Mixed,Mixed,Mixed,Not Reported,Not Reported,Russian,7,1.3,6,No,4,Between-subjects,form of the indefinite,Yes,Intermixed,Random,104,0,0,Not Reported,Fairly confident,24,24,68,No,Semantics; Morphology; Syntax,Fully Constructed,Not Reported,Not Reported,Not Reported,Fairly confident," participants rated the acceptability of the second sentence in each pair as a continuation to the first sentence, on a scale from 1 (unacceptable) to 4 (acceptable)",acceptability,Ordinal (Likert),4,Isolation,Written,Not Reported,Not Reported,Not Reported,Not Reported,Not Reported,Not Reported,Not Reported,Not Reported,Not Reported,Fairly confident,Ordinal,Not Reported,R,Mixed-Effects Regression,No,Participant; Items,Yes,Not Reported,Not Reported,Not Reported,Not Reported,Not Reported,Not Reported,NA,Fairly confident,Not Reported,NA,Not Reported,NA,Not Reported,NA,luisa.marti@qmul.ac.uk,Mixed several experiments into one so numbers of items and trials is confusing,JG
"Martí, Ionin_2019_wide_scope_indefinites",4,Luisa Martí; Tania Ionin,2019.0,Wide scope indefinites in Russian: an experimental investigation,Glossa,https://doi.org/10.5334/gjgl.612,Likert scale; acceptability judg(e)ment; acceptability rating; linguistic intuition judg(e)ment; linguistic intuition rating; oridnal rating(s); sentence judg(e)ment; syntactic judg(e)ment,53,53,Mixed,Other non-students,Not Reported,Not Reported,Region,Russian,7,2.1,9,No,4,Between-subjects,form of the indefinite,Yes,Intermixed,Random,132,0,0,Not Reported,Fairly confident,36,12,120,No,Semantics; Morphology; Syntax,Fully Constructed,Not Reported,Not Reported,Not Reported,Fairly confident," participants rated the acceptability of the second sentence in each pair as a continuation to the first sentence, on a scale from 1 (unacceptable) to 4 (acceptable)",acceptability,Ordinal (Likert),4,Isolation,Written,Not Reported,Not Reported,Not Reported,Not Reported,Not Reported,Not Reported,Not Reported,Not Reported,Not Reported,Fairly confident,Ordinal,Not Reported,R,Mixed-Effects Regression,No,Participant; Items,Yes,Not Reported,Not Reported,Not Reported,Not Reported,Not Reported,Not Reported,NA,Fairly confident,Not Reported,NA,Not Reported,NA,Not Reported,NA,luisa.marti@qmul.ac.uk,Mixed several experiments into one so numbers of items and trials is confusing,JG
"Martí, Ionin_2019_wide_scope_indefinites",5,Luisa Martí; Tania Ionin,2019.0,Wide scope indefinites in Russian: an experimental investigation,Glossa,https://doi.org/10.5334/gjgl.612,Likert scale; acceptability judg(e)ment; acceptability rating; linguistic intuition judg(e)ment; linguistic intuition rating; oridnal rating(s); sentence judg(e)ment; syntactic judg(e)ment,53,53,Mixed,Other non-students,Not Reported,Not Reported,Region,Russian,7,2.2,9,No,4,Between-subjects,form of the indefinite,Yes,Intermixed,Random,132,0,0,Not Reported,Fairly confident,36,12,120,No,Semantics; Morphology; Syntax,Fully Constructed,Not Reported,Not Reported,Not Reported,Fairly confident," participants rated the acceptability of the second sentence in each pair as a continuation to the first sentence, on a scale from 1 (unacceptable) to 4 (acceptable)",acceptability,Ordinal (Likert),4,Isolation,Written,Not Reported,Not Reported,Not Reported,Not Reported,Not Reported,Not Reported,Not Reported,Not Reported,Not Reported,Fairly confident,Ordinal,Not Reported,R,Mixed-Effects Regression,No,Participant; Items,Yes,Not Reported,Not Reported,Not Reported,Not Reported,Not Reported,Not Reported,NA,Fairly confident,Not Reported,NA,Not Reported,NA,Not Reported,NA,luisa.marti@qmul.ac.uk,Mixed several experiments into one so numbers of items and trials is confusing,JG
"Martí, Ionin_2019_wide_scope_indefinites",6,Luisa Martí; Tania Ionin,2019.0,Wide scope indefinites in Russian: an experimental investigation,Glossa,https://doi.org/10.5334/gjgl.612,Likert scale; acceptability judg(e)ment; acceptability rating; linguistic intuition judg(e)ment; linguistic intuition rating; oridnal rating(s); sentence judg(e)ment; syntactic judg(e)ment,53,53,Mixed,Other non-students,Not Reported,Not Reported,Region,Russian,7,2.3,9,No,4,Between-subjects,form of the indefinite,Yes,Intermixed,Random,132,0,0,Not Reported,Fairly confident,36,12,120,No,Semantics; Morphology; Syntax,Fully Constructed,Not Reported,Not Reported,Not Reported,Fairly confident," participants rated the acceptability of the second sentence in each pair as a continuation to the first sentence, on a scale from 1 (unacceptable) to 4 (acceptable)",acceptability,Ordinal (Likert),4,Isolation,Written,Not Reported,Not Reported,Paper,Not Reported,Not Reported,Not Reported,Not Reported,Not Reported,Not Reported,Fairly confident,Ordinal,Not Reported,R,Mixed-Effects Regression,No,Participant; Items,Yes,Not Reported,Not Reported,Not Reported,Not Reported,Not Reported,Not Reported,NA,Fairly confident,Not Reported,NA,Not Reported,NA,Not Reported,NA,luisa.marti@qmul.ac.uk,Mixed several experiments into one so numbers of items and trials is confusing,JG
"Martí, Ionin_2019_wide_scope_indefinites",7,Luisa Martí; Tania Ionin,2019.0,Wide scope indefinites in Russian: an experimental investigation,Glossa,https://doi.org/10.5334/gjgl.612,Likert scale; acceptability judg(e)ment; acceptability rating; linguistic intuition judg(e)ment; linguistic intuition rating; oridnal rating(s); sentence judg(e)ment; syntactic judg(e)ment,53,53,Mixed,Other non-students,Not Reported,Not Reported,Region,Russian,7,2.4,9,No,4,Between-subjects,form of the indefinite,Yes,Intermixed,Random,132,0,0,Not Reported,Fairly confident,36,12,120,No,Semantics; Morphology; Syntax,Fully Constructed,Not Reported,Not Reported,Not Reported,Fairly confident," participants rated the acceptability of the second sentence in each pair as a continuation to the first sentence, on a scale from 1 (unacceptable) to 4 (acceptable)",acceptability,Ordinal (Likert),4,Isolation,Written,Not Reported,Not Reported,Paper,Not Reported,Yes,Not Reported,Not Reported,Not Reported,Not Reported,Fairly confident,Ordinal,Not Reported,R,Mixed-Effects Regression,No,Participant; Items,Yes,Not Reported,Not Reported,Not Reported,Not Reported,Not Reported,Not Reported,NA,Fairly confident,Not Reported,NA,Not Reported,NA,Not Reported,NA,luisa.marti@qmul.ac.uk,Mixed several experiments into one so numbers of items and trials is confusing,JG
"White, Rawlins_2020_frequency_acceptability_and",1,Aaron Steven White; Kyle Rawlins,2020.0,"Frequency, acceptability, and selection: A case study of clause-embedding",Glossa,https://doi.org/10.5334/gjgl.1001,Likert scale; acceptability judg(e)ment; acceptability rating; grammaticality judg(e)ment; grammaticality rating; magnitude estimation; naturalness judg(e)ment; naturalness rating; naïve rating; oridnal rating(s); sentence judg(e)ment; syntactic judg(e)ment; thermometer rating(s),727,723,Mixed,Not Reported,Online platform,Paid directly,Language background,English,1,1,50,No,Mixed,Within-subjects,NA,Yes,Intermixed,Random,50,0,0,Not Reported,Fairly confident,50000,50,Not Reported,No,Syntax; Lexis,Not Reported,Not Reported,Not Reported,Not Reported,Fairly confident,"[Exact] In this task, you'll be reading 50 English sentences and judging whether they are acceptable. An ""acceptable"" sentence is something a native speaker of English would say, even if the situation the sentence describes sounds vague or implausible.",acceptability,Ordinal (Likert),7,Isolation,Written,Not Reported,Not Reported,Computer-based,Not Reported,No,Yes,Not Reported,Not Reported,Not Reported,Fairly confident,Ordinal,Other,Not Reported,Not Reported,No,Not Reported,Not Reported,Not Reported,Not Reported,Not Reported,Not Reported,Not Reported,Yes,Corpus frequency,Slightly confident,Public Repository,https://megaattitude.io/projects/mega-acceptability/,Public Repository,https://megaattitude.io/projects/mega-acceptability/,Not Reported,NA,aaron.white@rochester.edu,This was a mega-AJ study looking to correlate ratings with corpus frequency patterns,JG
Hirayama_2018_revisiting_a_null,1,Hitomi Hirayama,2018.0,Revisiting a null pronominal account for parasitic gaps in Japanese,Glossa,https://doi.org/10.5334/gjgl.522,acceptability judg(e)ment; acceptability rating; grammaticality judg(e)ment; grammaticality rating; linguistic intuition judg(e)ment; linguistic intuition rating; sentence judg(e)ment; syntactic judg(e)ment,32,Not Reported,Not Reported,Mixed,Online platform,Not Reported,Not Reported,Japanese,2,1,4,No,Not Reported,Within-subjects,NA,Not Reported,Not Reported,Not Reported,40,0,0,Not Reported,Fairly confident,16,Not Reported,34,Yes,Syntax,Fully Constructed,Not Reported,Not Reported,Not Reported,Fairly confident,The task was a 7-point scale acceptability judgment.,acceptability,Ordinal (Likert),7,Isolation,Written,Not Reported,Not Reported,Computer-based,Not Reported,No,Not Reported,Not Reported,Not Reported,Not Reported,Fairly confident,Continuous,Z-score,Not Reported,Not Reported,No,Not Reported,Not Reported,Not Reported,Not Reported,Not Reported,Not Reported,Not Reported,Not Reported,NA,Fairly confident,Not Reported,NA,Not Reported,NA,Not Reported,NA,hhirayam@ucsc.edu,Very minimal description of experiments,JG
Hirayama_2018_revisiting_a_null,2,Hitomi Hirayama,2018.0,Revisiting a null pronominal account for parasitic gaps in Japanese,Glossa,https://doi.org/10.5334/gjgl.522,acceptability judg(e)ment; acceptability rating; grammaticality judg(e)ment; grammaticality rating; linguistic intuition judg(e)ment; linguistic intuition rating; sentence judg(e)ment; syntactic judg(e)ment,18,Not Reported,Not Reported,Mixed,Online platform,Not Reported,Language background; Age,Japanese,2,2,3,No,24,Within-subjects,NA,Yes,Not Reported,Not Reported,50,0,0,Not Reported,Fairly confident,72,24,26,Yes,Syntax,Fully Constructed,Not Reported,Not Reported,Not Reported,Fairly confident,The task was a 7-point scale acceptability judgment.,acceptability,Ordinal (Likert),7,Isolation,Written,Not Reported,Not Reported,Computer-based,Not Reported,No,Not Reported,Not Reported,Not Reported,Not Reported,Fairly confident,Continuous,Not Reported,Not Reported,Non-parametric test,No,Not Reported,Not Reported,Not Reported,Not Reported,Not Reported,Not Reported,Not Reported,Not Reported,NA,Fairly confident,Not Reported,NA,Not Reported,NA,Not Reported,NA,hhirayam@ucsc.edu,Very minimal description of experiments,JG
Parker_2018_a_memorybased_explanation,1,Dan Parker,2018.0,A memory-based explanation of antecedent-ellipsis mismatches: New insights from computational modeling,Glossa,https://doi.org/10.5334/gjgl.621,Likert scale; acceptability judg(e)ment; acceptability rating; grammaticality judg(e)ment; grammaticality rating; magnitude estimation; sentence judg(e)ment; syntactic judg(e)ment,36,,,Mixed,Online platform,Paid directly,Region; Language background; Other,English,2,1,6,No,12,Within-subjects,NA,Yes,Intermixed,Random,36,0,0,Not Reported,Fairly confident,72,36,Not Reported,No,Not Reported; Syntax,Fully Constructed,Not Reported,Yes,Not Reported,Fairly confident,"Participants were instructed to rate the acceptability of each sentence using a 7-point scale (7 = most acceptable, 1 = least acceptable).",acceptability,Ordinal (Likert),7,Isolation,Written,Not Reported,Not Reported,Computer-based,Yes,No,Not Reported,Not Reported,Not Reported,Not Reported,Fairly confident,Continuous,Not Reported,R,Mixed-Effects Regression,No,Participant; Items,Yes,Not Reported,Not Reported,Yes,Not Reported,Not Reported,Yes,Computational model,Fairly confident,Published in supplement,NA,Not Reported,NA,Not Reported,NA,parker.1758@osu.edu,Used items from previous study,JG
"Hinterwimmer, Patil_2022_the_interpretative_options",2,Stefan Hinterwimmer; Umesh Patil,2022.0,The interpretative options of anaphoric complex demonstratives,Glossa,https://doi.org/10.16995/glossa.5700,Likert scale; acceptability judg(e)ment; acceptability rating; linguistic intuition judg(e)ment; linguistic intuition rating; oridnal rating(s); sentence judg(e)ment; syntactic judg(e)ment,45,Not Reported,Not Reported,Mixed,Online platform,Paid directly,Gender / Sex; Age; Language background,German,3,1b,4,Yes,7?,Within-subjects,NA,Not Reported,Not Reported,Not Reported,76?,0,0,Yes,Slightly confident,28?,28?,48,Yes,Syntax,Fully Constructed,Not Reported,Not Reported,Yes,Slightly confident,"Participants were presented with two sentence short stories as in (14) and had to judge how the second sentence sounds as a continuation of the first and then rate it on the 1–7 Likert scale (1 = completely unacceptable, 7 = completely acceptable).",acceptability,Ordinal (Likert),7,Isolation,Written,Not Reported,Not Reported,Computer-based,Not Reported,No,Not Reported,Not Reported,Not Reported,Not Reported,Fairly confident,Ordinal,Not Reported,R,Mixed-Effects Regression,Yes,Participant; Items,Yes,.05,Not Reported,Not Reported,Not Reported,Not Reported,Not Reported,NA,Fairly confident,Not Reported,NA,Not Reported,NA,Not Reported,NA,hinterwimmer@uni-wuppertal.de,Not clear if there are 28 or 7 sentences per condition ,JG
"Hinterwimmer, Patil_2022_the_interpretative_options",1,Stefan Hinterwimmer; Umesh Patil,2022.0,The interpretative options of anaphoric complex demonstratives,Glossa,https://doi.org/10.16995/glossa.5700,Likert scale; acceptability judg(e)ment; acceptability rating; linguistic intuition judg(e)ment; linguistic intuition rating; oridnal rating(s); sentence judg(e)ment; syntactic judg(e)ment,52,44,Not Reported,Students (unspecified),University affiliation,University credit,Gender / Sex; Age; Language background,German,3,1c,12,Yes,Mixed,Within-subjects,NA,Not Reported,Not Reported,Not Reported,76?,0,0,Yes,Slightly confident,68?,68?,0,Yes,Syntax,Fully Constructed,Not Reported,Not Reported,Yes,Slightly confident,"Participants were presented with two sentence short stories as in (14) and had to judge how the second sentence sounds as a continuation of the first and then rate it on the 1–7 Likert scale (1 = completely unacceptable, 7 = completely acceptable).",acceptability,Ordinal (Likert),7,Isolation,Written,Not Reported,Not Reported,Computer-based,Not Reported,No,Not Reported,Not Reported,Not Reported,Not Reported,Fairly confident,Ordinal,Not Reported,R,Mixed-Effects Regression,Yes,Participant; Items,Yes,.05,Not Reported,Not Reported,Not Reported,Not Reported,Not Reported,NA,Fairly confident,Not Reported,NA,Not Reported,NA,Not Reported,NA,hinterwimmer@uni-wuppertal.de,Not clear if there are 28 or 7 sentences per condition ,JG
Schoenmakers_2021_linguistic_judgments_in,1,Gert-Jan Schoenmakers,2021.0,"Linguistic judgments in 3D: the aesthetic quality, linguistic acceptability, and surface probability of stigmatized and non-stigmatized variation",Linguistics,https://doi.org/10.1515/ling-2021-0179,acceptability judgment; acceptability rating; grammaticality judgment; grammaticality rating; intuitive judgment; linguistic intuition judgment; linguistic intuition rating; naturalness judgment; naturalness rating; naïve rating; sentence judgment; syntactic judgment,204,153,Not Reported,Mixed,Mixed,Not Reported,Gender / Sex; Age; Language background,Dutch,1,1,12,No,Not Reported,Mixed,Experimental Instructions,Yes,Intermixed,Semi-random,108,0,0,Not Reported,Fairly confident,60,60,48,No,Syntax; Other,Fully Constructed,Not Reported,Not Reported,Yes,Fairly confident,"participants were asked to carefully read the general instructions of the experiment. These general instructions explained what the experiment would look like and what was expected from the participant, i.e., to carefully read the stories and to rate a sentence in a given dimension (depending on the version of the experiment) on a scale from 0 to 100%, and to follow their first intuition. ",acceptability; plausibility; other,Continuous,100,Isolation,Written,Not Reported,Not Reported,Computer-based,Not Reported,No,Not Reported,Not Reported,Not Reported,Not Reported,Fairly confident,Continuous,Z-score,R,Mixed-Effects Regression,No,Participant; Items,Yes,Not Reported,Not Reported,Not Reported,Not Reported,Not Reported,Not Reported,NA,Fairly confident,Public Repository,https://doi.org/10.34973/k01s-ez17,Public Repository,https://doi.org/10.34973/k01s-ez17,Not Reported,NA,gert-jan.schoenmakers@ru.nl,"between subjects is 3 groups, but within subjects condition numbers are unclear; rated for acceptability, 'goodness', and 'niceness'",JG
"Shlonsky, Villata, Franck_2020_covert_movement_in",1,Ur Shlonsky; Sandra Villata; Julie Franck,2020.0,Covert Movement in Multiple-Wh Questions: Experimental and Theoretical Investigations,Syntax,https://doi.org/10.1111/synt.12192,acceptability judgment; acceptability rating; grammaticality judgment; grammaticality rating; likert scale; naive rating; ordinal rating; sentence judgment; syntactic judgment,49,Not Reported,Not Reported,Students (unspecified),University affiliation,University credit,Language background,French,1,1,4,Yes,24,Within-subjects,NA,Yes,Intermixed,Random,68,10,0,Not Reported,Fairly confident,96,24,176,No,Not Reported; Syntax,Fully Constructed,Semantics,Not Reported,Not Reported,Fairly confident,participants were asked to make acceptability judgments on the basis of a 1–7 Likert scale (with 1corresponding to a completely unacceptable sentence and 7 to a fully acceptable one),acceptability,Ordinal (Likert),7,Isolation,Written,Not Reported,Self-paced,Computer-based,Not Reported,Not Reported,Not Reported,Not Reported,Not Reported,Not Reported,Fairly confident,Continuous,Not Reported,R,Mixed-Effects Regression,No,Participant; Items,Yes,Not Reported,Not Reported,Not Reported,Not Reported,Not Reported,Not Reported,NA,Fairly confident,Not Reported,NA,Not Reported,NA,Not Reported,NA,ur.shlonsky@unige.ch,,JG
Lipták_2020_fragments_with_correction,1,Anikó Lipták,2020.0,Fragments with Correction,Linguistic Inquiry,https://www.muse.jhu.edu/article/746390,linguistic intuition judgment; linguistic intuition rating; naturalness judgment; naturalness rating; syntactic judgment,25,Not Reported,Not Reported,Mixed,Online platform,Not Reported,Language background,Engl,2,1,1,No,Not Reported,Within-subjects,NA,Not Reported,Not Reported,Not Reported,Not Reported,0,0,Not Reported,Slightly confident,3,3,Not Reported,No,Syntax,Fully Constructed,Not Reported,Not Reported,Not Reported,Slightly confident,participants—25 British English and 36 Dutch native speakers—were instructed to evaluate the naturalness of the dialogues in (2) (or their counterparts in Dutch) on a scale from 1 to 5,naturalness,Ordinal (Likert),5,Isolation,Written,Not Reported,Not Reported,Computer-based,Not Reported,No,Not Reported,Not Reported,Not Reported,Not Reported,Slightly confident,Ordinal,Not Reported,Not Reported,Descriptive only,No,Not Reported,Not Reported,Not Reported,Not Reported,Not Reported,Not Reported,Not Reported,Not Reported,NA,Slightly confident,Published in article,NA,Not Reported,NA,Not Reported,NA,,AJT reported cursorily in fn. 1,JG
"Han, Kim, Moulton et al._2020_null_objects_in",1,Chung-Hye Han; Kyeong-Min Kim; Keir Moulton; Jeffrey Lidz,2020.0,Null Objects in Korean: Experimental Evidence for the Argument Ellipsis Analysis,Linguistic Inquiry,https://www.muse.jhu.edu/article/752744,sentence judgment ; syntactic judgment,30,Not Reported,Not Reported,Mixed,Mixed,Paid directly,Language background,Korean,2,2,3,Yes,4,Within-subjects,NA,Yes,Intermixed,Random,12,0,0,Not Reported,Fairly confident,12,12,Not Reported,Yes,Syntax; Semantics,Fully Constructed,Not Reported,Not Reported,Not Reported,Fairly confident,"A truth-value judgment task (Crain and Thornton 1998) was employed. On a computer screen, participants were presented with sentences describing a context, followed by a target sentence. They were then asked to judge whether the target sentence truthfully described the given context by clicking 1 for True and 0 for False (see figure 1).",Not Reported; other,Dichotomous (Binary),2,Isolation,Written,Not Reported,Not Reported,Computer-based,Not Reported,Not Reported,Not Reported,Not Reported,Not Reported,Not Reported,Fairly confident,Dichotomous,Not Reported,R,Mixed-Effects Regression,No,Participant; Items,Yes,Not Reported,Not Reported,Not Reported,Not Reported,Not Reported,Not Reported,NA,Fairly confident,Not Reported,NA,Not Reported,NA,Not Reported,NA,chunghye@sfu.ca,Exclude? Not an AJT but a truth-value judgment task,JG
"Kim, Siloni_2020_the_dative_dispositional",1,Dganit Jenia Kim; Tal Siloni,2020.0,The Dative Dispositional Construction in Russian,Linguistic Inquiry,https://www.muse.jhu.edu/article/752751,acceptability rating; grammaticality rating,89,Not Reported,Not Reported,Not Reported,Not Reported,Not Reported,Language background,Russian,2,1,4,Yes,12,Within-subjects,NA,Not Reported,Not Reported,Not Reported,Not Reported,0,0,Not Reported,Slightly confident,48,Not Reported,Not Reported,No,Syntax,Fully Constructed,Not Reported,Not Reported,Not Reported,Fairly confident,Participants were asked to rate the acceptability of sentences representing these conditions on a scale of 1 to 5.,acceptability,Ordinal (Likert),5,Isolation,Written,Not Reported,Not Reported,Not Reported,Not Reported,Not Reported,Not Reported,Not Reported,Not Reported,Not Reported,Slightly confident,Continuous,Not Reported,Not Reported,Descriptive only,No,Not Reported,Not Reported,Not Reported,Not Reported,Not Reported,Not Reported,Not Reported,Yes,Corpus frequencies,Fairly confident,Not Reported,NA,Not Reported,NA,Not Reported,NA,dganitkim@gmail.com,,JG
"Kim, Siloni_2020_the_dative_dispositional",2,Dganit Jenia Kim; Tal Siloni,2020.0,The Dative Dispositional Construction in Russian,Linguistic Inquiry,https://www.muse.jhu.edu/article/752751,acceptability rating; grammaticality rating,284,Not Reported,Not Reported,Not Reported,Not Reported,Not Reported,Language background,Russian,2,2,5,Yes,3,Within-subjects,NA,Yes,Not Reported,Not Reported,Not Reported,0,0,Not Reported,Slightly confident,15,Not Reported,Not Reported,No,Syntax; Semantics,Fully Constructed,Not Reported,Not Reported,Yes,Fairly confident,"Participants were asked to rate, on a scale of 1 to 5, the appropriateness of using the given DDC sentence to express the intended meaning in the given situation",appropriateness,Ordinal (Likert),5,Isolation,Written,Not Reported,Not Reported,Not Reported,Not Reported,Not Reported,Not Reported,Not Reported,Not Reported,Not Reported,Slightly confident,Continuous,Not Reported,Not Reported,Descriptive only,No,Items,Not Reported,Not Reported,Not Reported,Not Reported,Not Reported,Not Reported,Yes,Corpus frequencies,Fairly confident,Not Reported,NA,Not Reported,NA,Not Reported,NA,dganitkim@gmail.com,,JG
"Neeleman, Payne_2020_ppextraposition_and_the",2,Ad Neeleman; Amanda Payne,2020.0,PP-Extraposition and the Order of Adverbials in English,Linguistic Inquiry,https://www.muse.jhu.edu/article/760252,Likert scale; sentence judgment ; syntactic judgment,80,Not Reported,Not Reported,Mixed,Online platform,Paid directly,Language background; Region,English,8,2,8,No,5,Within-subjects,NA,Yes,Intermixed,Random,Not Reported,0,0,Not Reported,Slightly confident,40,8,Unclear,No,Syntax,Fully Constructed,Not Reported,Not Reported,Not Reported,Fairly confident,Each item was assigned a score on a seven-point Likert scale.,Not Reported,Ordinal (Likert),7,Isolation,Written,Not Reported,Not Reported,Computer-based,Not Reported,No,Not Reported,Not Reported,Not Reported,Yes,Slightly confident,Continuous,Not Reported,Not Reported,ANOVA,No,Participant; Items,Not Reported,Not Reported,Not Reported,Not Reported,Not Reported,Not Reported,Not Reported,NA,Fairly confident,On Request,NA,Not Reported,NA,Not Reported,NA,a.neeleman@ucl.ac.uk,Not clear about fillers or trials,JG
"Neeleman, Payne_2020_ppextraposition_and_the",3,Ad Neeleman; Amanda Payne,2020.0,PP-Extraposition and the Order of Adverbials in English,Linguistic Inquiry,https://www.muse.jhu.edu/article/760252,Likert scale; sentence judgment ; syntactic judgment,80,Not Reported,Not Reported,Mixed,Online platform,Paid directly,Language background; Region,English,8,1,5,Yes,10,Within-subjects,NA,Yes,Intermixed,Random,Not Reported,0,0,Not Reported,Slightly confident,10,Not Reported,Unclear,No,Syntax,Fully Constructed,Not Reported,Not Reported,Not Reported,Fairly confident,Each item was assigned a score on a seven-point Likert scale.,Not Reported,Ordinal (Likert),7,Isolation,Written,Not Reported,Not Reported,Computer-based,Not Reported,No,Not Reported,Not Reported,Not Reported,Yes,Slightly confident,Continuous,Not Reported,Not Reported,ANOVA,No,Participant; Items,Not Reported,Not Reported,Not Reported,Not Reported,Not Reported,Not Reported,Not Reported,NA,Fairly confident,On Request,NA,Not Reported,NA,Not Reported,NA,a.neeleman@ucl.ac.uk,Not clear about fillers or trials or conditions,JG
"Neeleman, Payne_2020_ppextraposition_and_the",4,Ad Neeleman; Amanda Payne,2020.0,PP-Extraposition and the Order of Adverbials in English,Linguistic Inquiry,https://www.muse.jhu.edu/article/760252,Likert scale; sentence judgment ; syntactic judgment,80,Not Reported,Not Reported,Mixed,Online platform,Paid directly,Language background; Region,English,8,4,5,No,10,Within-subjects,NA,Yes,Intermixed,Random,Not Reported,0,0,Not Reported,Slightly confident,50,Not Reported,Unclear,No,Syntax,Fully Constructed,Not Reported,Not Reported,Not Reported,Fairly confident,Each item was assigned a score on a seven-point Likert scale.,Not Reported,Ordinal (Likert),7,Isolation,Written,Not Reported,Not Reported,Computer-based,Not Reported,No,Not Reported,Not Reported,Not Reported,Yes,Slightly confident,Continuous,Not Reported,Not Reported,ANOVA,No,Participant; Items,Not Reported,Not Reported,Not Reported,Not Reported,Not Reported,Not Reported,Not Reported,NA,Fairly confident,On Request,NA,Not Reported,NA,Not Reported,NA,a.neeleman@ucl.ac.uk,Not clear about fillers or trials,JG
"Neeleman, Payne_2020_ppextraposition_and_the",5,Ad Neeleman; Amanda Payne,2020.0,PP-Extraposition and the Order of Adverbials in English,Linguistic Inquiry,https://www.muse.jhu.edu/article/760252,Likert scale; sentence judgment ; syntactic judgment,80,Not Reported,Not Reported,Mixed,Online platform,Paid directly,Language background; Region,English,8,5,5,No,10,Within-subjects,NA,Yes,Intermixed,Random,Not Reported,0,0,Yes,Slightly confident,50,Not Reported,Unclear,No,Syntax,Fully Constructed,Not Reported,Not Reported,Yes,Fairly confident,Each item was assigned a score on a seven-point Likert scale.,Not Reported,Ordinal (Likert),7,Isolation,Written,Not Reported,Not Reported,Computer-based,Not Reported,No,Not Reported,Not Reported,Not Reported,Yes,Slightly confident,Continuous,Not Reported,Not Reported,ANOVA,No,Participant; Items,Not Reported,Not Reported,Not Reported,Not Reported,Not Reported,Not Reported,Not Reported,NA,Fairly confident,On Request,NA,Not Reported,NA,Not Reported,NA,a.neeleman@ucl.ac.uk,Not clear about fillers or trials,JG
"Neeleman, Payne_2020_ppextraposition_and_the",6,Ad Neeleman; Amanda Payne,2020.0,PP-Extraposition and the Order of Adverbials in English,Linguistic Inquiry,https://www.muse.jhu.edu/article/760252,Likert scale; sentence judgment ; syntactic judgment,80,Not Reported,Not Reported,Mixed,Online platform,Paid directly,Language background; Region,English,8,6,4,No,10,Within-subjects,NA,Yes,Intermixed,Random,Not Reported,0,0,Not Reported,Slightly confident,40,Not Reported,Unclear,No,Syntax,Fully Constructed,Not Reported,Not Reported,Not Reported,Fairly confident,Each item was assigned a score on a seven-point Likert scale.,Not Reported,Ordinal (Likert),7,Isolation,Written,Not Reported,Not Reported,Computer-based,Not Reported,No,Not Reported,Not Reported,Not Reported,Yes,Slightly confident,Continuous,Not Reported,Not Reported,ANOVA,No,Participant; Items,Not Reported,Not Reported,Not Reported,Not Reported,Not Reported,Not Reported,Not Reported,NA,Fairly confident,On Request,NA,Not Reported,NA,Not Reported,NA,a.neeleman@ucl.ac.uk,Not clear about fillers or trials,JG
"Neeleman, Payne_2020_ppextraposition_and_the",7,Ad Neeleman; Amanda Payne,2020.0,PP-Extraposition and the Order of Adverbials in English,Linguistic Inquiry,https://www.muse.jhu.edu/article/760252,Likert scale; sentence judgment ; syntactic judgment,80,Not Reported,Not Reported,Mixed,Online platform,Paid directly,Language background; Region,English,8,7,6,No,5,Within-subjects,NA,Yes,Intermixed,Random,Not Reported,0,0,Not Reported,Slightly confident,30,Not Reported,Unclear,No,Syntax,Fully Constructed,Not Reported,Not Reported,Not Reported,Fairly confident,Each item was assigned a score on a seven-point Likert scale.,Not Reported,Ordinal (Likert),7,Isolation,Written,Not Reported,Not Reported,Computer-based,Not Reported,No,Not Reported,Not Reported,Not Reported,Yes,Slightly confident,Continuous,Not Reported,Not Reported,ANOVA,No,Participant; Items,Not Reported,Not Reported,Not Reported,Not Reported,Not Reported,Not Reported,Not Reported,NA,Fairly confident,On Request,NA,Not Reported,NA,Not Reported,NA,a.neeleman@ucl.ac.uk,Not clear about fillers or trials,JG
"Neeleman, Payne_2020_ppextraposition_and_the",1,Ad Neeleman; Amanda Payne,2020.0,PP-Extraposition and the Order of Adverbials in English,Linguistic Inquiry,https://www.muse.jhu.edu/article/760252,Likert scale; sentence judgment ; syntactic judgment,80,Not Reported,Not Reported,Mixed,Online platform,Paid directly,Language background; Region,English,8,1,6,No,5,Within-subjects,NA,Yes,Intermixed,Random,Not Reported,0,0,Not Reported,Slightly confident,30,Not Reported,Unclear,No,Syntax,Fully Constructed,Not Reported,Not Reported,Not Reported,Fairly confident,Each item was assigned a score on a seven-point Likert scale.,Not Reported,Ordinal (Likert),7,Isolation,Written,Not Reported,Not Reported,Computer-based,Not Reported,No,Not Reported,Not Reported,Not Reported,Yes,Slightly confident,Continuous,Not Reported,Not Reported,ANOVA,No,Participant; Items,Not Reported,Not Reported,Not Reported,Not Reported,Not Reported,Not Reported,Not Reported,NA,Fairly confident,On Request,NA,Not Reported,NA,Not Reported,NA,a.neeleman@ucl.ac.uk,Not clear about fillers or trials,JG
"Lu, Thompson, Yoshida_2020_chinese_whinsitu_and",1,Jiayi Lu; Cynthia K. Thompson; Masaya Yoshida,2020.0,Chinese Wh-in-Situ and Islands: A Formal Judgment Study,Linguistic Inquiry,https://www.muse.jhu.edu/article/760257.,acceptability judgment,56,,,Not Reported,Not Reported,Not Reported,Language background; Region,Mandarin Chinese,1,1,8,Yes,24,Within-subjects,NA,Yes,Intermixed,Semi-random,96,0,0,Not Reported,Fairly confident,192,24,72,No,Syntax,Fully Constructed,Not Reported,Not Reported,Not Reported,Fairly confident,"Participants were instructed to rate the naturalness of the given sentences on a scale from 1 to 7, with 1 being unnatural and 7 being perfectly natural.",naturalness,Ordinal (Likert),7,Isolation,Written,Not Reported,Not Reported,Paper,Not Reported,Not Reported,Not Reported,Not Reported,Not Reported,Not Reported,Fairly confident,Ordinal,Not Reported,Not Reported,Mixed-Effects Regression,No,Participant; Items,Yes,Not Reported,Not Reported,Not Reported,Not Reported,Not Reported,Not Reported,NA,Fairly confident,Not Reported,NA,Not Reported,NA,Not Reported,NA,jiayi.lu@northwestern.edu,power analysis was considered and decided against,JG
"Medeiros, Mains, Mcgowan_2021_ceiling_effects_on",1,David J. Medeiros; Paul Mains; Kevin B. Mcgowan,2021.0,Ceiling Effects on Weight in Heavy NP Shift,Linguistic Inquiry,https://www.muse.jhu.edu/article/788376,Likert scale; acceptability judgment; sentence judgment ; syntactic judgment,209,193,Not Reported,Mixed,Online platform,Paid directly,Region; Language background,English,1,1,20,No,10,Within-subjects,NA,Yes,Intermixed,Semi-random,40,2,1,Not Reported,Fairly confident,200,10,30,Yes,Syntax,Fully Constructed,Not Reported,Not Reported,Not Reported,Fairly confident,"Participants were asked to read and then rate each sentence along a 7-point Likert scale, with 1 designated as “not at all natural,” 4 designated as “somewhat natural,” and 7 designated as “very natural.”",naturalness,Ordinal (Likert),7,Isolation,Written,Not Reported,Not Reported,Computer-based,Not Reported,No,Not Reported,Not Reported,Not Reported,Not Reported,Fairly confident,Continuous,Not Reported,R,Mixed-Effects Regression,No,Participant; Items,Yes,Not Reported,Not Reported,Not Reported,Not Reported,Not Reported,Not Reported,NA,Fairly confident,Published in supplement,https://doi.org/10.1162/ling_a_00382,Published in supplement,https://doi.org/10.1162/ling_a_00382,Not Reported,NA,david.medeiros@csun.edu,good use of detail in design,JG
"Rullman, Huijsmans, Matthewson et al._2023_why_plain_futurates",1,Hotze Rullman; Marianne Huijsmans; Lisa Matthewson; Neda Todorović,2023.0,Why Plain Futurates Are Different,Linguistic Inquiry,https://www.muse.jhu.edu/article/875909,Likert scale; acceptability judgment; acceptability rating; sentence judgment,34,Not Reported,Not Reported,Not Reported,Not Reported,Not Reported,Language background,English,1,1,2,No,Not Reported,Within-subjects,NA,Not Reported,Not Reported,Not Reported,Not Reported,0,0,Not Reported,Slightly confident,Not Reported,Not Reported,Not Reported,No,Syntax; Morphology,Fully Constructed,Not Reported,Not Reported,Not Reported,Fairly confident,"Judgments were given on a Likert scale of 1 to 4, with 1 representing maximum acceptability; there was also a ""don't know / no opinion"" option (which was used only twice). ",acceptability,Ordinal (Likert),4,Isolation,Not Reported,Not Reported,Not Reported,Not Reported,Not Reported,Not Reported,Not Reported,Not Reported,Not Reported,Not Reported,Slightly confident,Continuous,Not Reported,R,Non-parametric test,No,Not Reported,Not Reported,Not Reported,Not Reported,Not Reported,Not Reported,Not Reported,Not Reported,NA,Fairly confident,Not Reported,NA,Not Reported,NA,Not Reported,NA,hotze.rullmann@ubc.ca,Very minimal details of design and items,JG
Schlenker_2023_supplements_without_bidimensionalism,2,Philippe Schlenker,2023.0,Supplements without Bidimensionalism,Linguistic Inquiry,https://www.muse.jhu.edu/article/885493,acceptability judgment; sentence judgment ; syntactic judgment,Not Reported,Not Reported,Not Reported,Linguists (students or otherwise),Not Reported,Not Reported,Language background,English,3,2,5,No,Not Reported,Within-subjects,NA,Yes,Intermixed,Fixed,Not Reported,0,0,Not Reported,Slightly confident,Not Reported,Not Reported,Not Reported,No,Syntax,Fully Constructed,Not Reported,Not Reported,Not Reported,Fairly confident,"[Exact] This is a survey pertaining to the acceptability and meaning of appositive relative clauses. You are asked to assess the comparative acceptability of sentences on a 7-point scale, with 1 = worst, 7 = best. In many cases, you will also be asked how strongly you derive a certain inference, also on a 7-point scale, with 1 = no inference, 7 = strongest inference.",Not Reported; other,Ordinal (Likert),7,Isolation,Written,Not Reported,Not Reported,Computer-based,Not Reported,No,Not Reported,Not Reported,Not Reported,Yes,Slightly confident,Continuous,Not Reported,Not Reported,Descriptive only,No,Not Reported,Not Reported,Not Reported,Not Reported,Not Reported,Not Reported,Not Reported,Not Reported,NA,Fairly confident,Published in supplement,https://doi.org/10.1162/ling_a_00442,Published in supplement,https://doi.org/10.1162/ling_a_00442,Not Reported,NA,philippe.schlenker@gmail.com,"Items available in supplement, but no item or participant numbers given in the paper.",JG
Schlenker_2023_supplements_without_bidimensionalism,1,Philippe Schlenker,2023.0,Supplements without Bidimensionalism,Linguistic Inquiry,https://www.muse.jhu.edu/article/885493,acceptability judgment; sentence judgment ; syntactic judgment,Not Reported,Not Reported,Not Reported,Linguists (students or otherwise),Not Reported,Not Reported,Language background,French,3,3,5,No,Not Reported,Within-subjects,NA,Yes,Intermixed,Fixed,Not Reported,0,0,Not Reported,Slightly confident,Not Reported,Not Reported,Not Reported,No,Syntax,Fully Constructed,Not Reported,Not Reported,Not Reported,Fairly confident,"[Exact] This is a survey pertaining to the acceptability and meaning of appositive relative clauses. You are asked to assess the comparative acceptability of sentences on a 7-point scale, with 1 = worst, 7 = best. In many cases, you will also be asked how strongly you derive a certain inference, also on a 7-point scale, with 1 = no inference, 7 = strongest inference.",Not Reported; other,Ordinal (Likert),7,Isolation,Written,Not Reported,Not Reported,Computer-based,Not Reported,No,Not Reported,Not Reported,Not Reported,Yes,Slightly confident,Continuous,Not Reported,Not Reported,Descriptive only,No,Not Reported,Not Reported,Not Reported,Not Reported,Not Reported,Not Reported,Not Reported,Not Reported,NA,Fairly confident,Published in supplement,https://doi.org/10.1162/ling_a_00442,Published in supplement,https://doi.org/10.1162/ling_a_00442,Not Reported,NA,philippe.schlenker@gmail.com,"Items available in supplement, but no item or participant numbers given in the paper.",JG
Goodall_2011_syntactic_satiation_and,1,Grant Goodall,2011.0,Syntactic Satiation and the Inversion Effect in English and Spanish Wh-Questions,Syntax,https://doi.org/10.1111/j.1467-9612.2010.00148.x,acceptability judgment; grammaticality judgment; intuitive judgment; sentence judgment; syntactic judgment,45,Not Reported,Not Reported,Students (unspecified),University affiliation,University credit,Language background; Region,English,2,1,6,No,5,Within-subjects,NA,Yes,Blocks,Random,50,4,0,Not Reported,Fairly confident,50,50,Not Reported,Yes,Syntax,Fully Constructed,Not Reported,Not Reported,Yes,Fairly confident,"Subjects were told that each item in the experiment would consist of a situation and a test sentence, and that they would then have to decide whether the test sentence “sounds right or not” (“se oye bien o mal”). They were instructed to give their initial reaction to each test sentence rather than trying to analyze it, to judge each sentence on its own without trying to remember previous judgments, and to refrain from turning back to look at their previous responses.",other,Dichotomous (Binary),2,Isolation,Written,Not Reported,Not Reported,Paper,Not Reported,Not Reported,Not Reported,Not Reported,Not Reported,Not Reported,Fairly confident,Other,Not Reported,Not Reported,Non-parametric test,No,Not Reported,Not Reported,Not Reported,Not Reported,Not Reported,Not Reported,Not Reported,Not Reported,NA,Fairly confident,Not Reported,NA,Not Reported,NA,Not Reported,NA,goodall@ling.ucsd.edu,Not a standard AJT. Looked at satiation among individuals rather than relative acceptability across conditions,JG
Goodall_2011_syntactic_satiation_and,2,Grant Goodall,2011.0,Syntactic Satiation and the Inversion Effect in English and Spanish Wh-Questions,Syntax,https://doi.org/10.1111/j.1467-9612.2010.00148.x,acceptability judgment; grammaticality judgment; intuitive judgment; sentence judgment; syntactic judgment,59,Not Reported,Not Reported,Students (unspecified),University affiliation,University credit,Language background; Region,Spanish,2,2,6,No,5,Within-subjects,NA,Yes,Blocks,Random,50,4,0,Not Reported,Fairly confident,50,50,Not Reported,Yes,Syntax,Fully Constructed,Not Reported,Not Reported,Yes,Fairly confident,"Subjects were told that each item in the experiment would consist of a situation and a test sentence, and that they would then have to decide whether the test sentence “sounds right or not” (“se oye bien o mal”). They were instructed to give their initial reaction to each test sentence rather than trying to analyze it, to judge each sentence on its own without trying to remember previous judgments, and to refrain from turning back to look at their previous responses.",other,Dichotomous (Binary),2,Isolation,Written,Not Reported,Not Reported,Paper,Not Reported,Not Reported,Not Reported,Not Reported,Not Reported,Not Reported,Fairly confident,Other,Not Reported,Not Reported,Non-parametric test,No,Not Reported,Not Reported,Not Reported,Not Reported,Not Reported,Not Reported,Not Reported,Not Reported,NA,Fairly confident,Not Reported,NA,Not Reported,NA,Not Reported,NA,goodall@ling.ucsd.edu,Not a standard AJT. Looked at satiation among individuals rather than relative acceptability across conditions,JG
"Hofmeister, Culicover, Winkler_2015_effects_of_processing",1,Philip Hofmeister; Peter Culicover; Susanne Winkler,2015.0,Effects of Processing on the Acceptability of “Frozen” Extraposed Constituents,Syntax,https://doi.org/10.1111/synt.12036,acceptability judgment; acceptability rating; grammaticality judgment; grammaticality rating; intuitive judgment; linguistic intuition judgment; linguistic intuition rating; magnitude estimation; naturalness judgment; naturalness rating; sentence judgment; syntactic judgment,72,68,Not Reported,Mixed,Online platform,Paid directly,Language background,English,1,1,4,No,24,Within-subjects,NA,Yes,Intermixed,Semi-random,72,0,0,Not Reported,Fairly confident,96,24,48,No,Syntax,Fully Constructed,Not Reported,Not Reported,Not Reported,Fairly confident,"Participants were instructed to judge the subsequent sentences in terms of naturalness on a 0–10 scale, with 0 being extremely unnatural and 10 being extremely natural.",naturalness,Ordinal (Likert),11,Isolation,Written,Not Reported,Not Reported,Computer-based,Not Reported,No,Not Reported,Not Reported,Not Reported,Not Reported,Fairly confident,Continuous,Z-score,R,Mixed-Effects Regression,No,Participant; Items,Yes,Not Reported,Not Reported,Not Reported,Not Reported,Not Reported,Not Reported,NA,Fairly confident,Published in article,NA,Not Reported,NA,Not Reported,NA,philip_hofmeister@brown.edu,Also tested Ordinal model; ,JG
"Häussler, Grant, Fanselow et al._2015_superiority_in_english",2,Jana Häussler; Margaret Grant; Gisbert Fanselow; Lyn Frazier,2015.0,Superiority in English and German: Cross-Language Grammatical Differences?,Syntax,https://doi.org/10.1111/synt.12030,acceptability judgment; acceptability rating; grammaticality judgment; grammaticality rating; linguistic intuition judgment; linguistic intuition rating; naturalness judgment; naturalness rating; sentence judgment; syntactic judgment,40,Not Reported,Not Reported,Students (unspecified),University affiliation,Not Reported,Language background,German,7,1b,4,Yes,20,Within-subjects,NA,Yes,Intermixed,Random,104,0,0,Yes,Fairly confident,80,20,84,No,Syntax,Fully Constructed,Not Reported,Not Reported,Not Reported,Fairly confident,Study participants were instructed to rate sentences on a scale from 1 (totally unacceptable) to 7 (perfectly acceptable).,acceptability,Ordinal (Likert),7,Isolation,Written,Not Reported,Not Reported,Paper,Not Reported,Not Reported,Not Reported,Not Reported,Not Reported,Not Reported,Fairly confident,Continuous,Not Reported,R,ANOVA,No,Participant; Items,Not Reported,Not Reported,Not Reported,Not Reported,Not Reported,Not Reported,Not Reported,NA,Fairly confident,Published in article,NA,Published in supplement,NA,Not Reported,NA,jana.haeussler@uni-potsdam.de,compared parallel experiment in English,JG
"Häussler, Grant, Fanselow et al._2015_superiority_in_english",3,Jana Häussler; Margaret Grant; Gisbert Fanselow; Lyn Frazier,2015.0,Superiority in English and German: Cross-Language Grammatical Differences?,Syntax,https://doi.org/10.1111/synt.12030,acceptability judgment; acceptability rating; grammaticality judgment; grammaticality rating; linguistic intuition judgment; linguistic intuition rating; naturalness judgment; naturalness rating; sentence judgment; syntactic judgment,40,Not Reported,Not Reported,Students (unspecified),University affiliation,Not Reported,Language background,English,7,2a,4,Yes,16,Within-subjects,NA,Yes,Intermixed,Random,100,0,0,Yes,Fairly confident,64,16,84,No,Syntax,Fully Constructed,Not Reported,Not Reported,Not Reported,Fairly confident,Study participants were instructed to rate sentences on a scale from 1 (totally unacceptable) to 7 (perfectly acceptable).,acceptability,Ordinal (Likert),7,Isolation,Written,Not Reported,Not Reported,Computer-based,Not Reported,Not Reported,Not Reported,Not Reported,Not Reported,Not Reported,Fairly confident,Continuous,Not Reported,R,ANOVA,No,Participant; Items,Not Reported,Not Reported,Not Reported,Not Reported,Not Reported,Not Reported,Not Reported,NA,Fairly confident,Published in article,NA,Published in supplement,NA,Not Reported,NA,jana.haeussler@uni-potsdam.de,compared parallel experiment in German,JG
"Häussler, Grant, Fanselow et al._2015_superiority_in_english",4,Jana Häussler; Margaret Grant; Gisbert Fanselow; Lyn Frazier,2015.0,Superiority in English and German: Cross-Language Grammatical Differences?,Syntax,https://doi.org/10.1111/synt.12030,acceptability judgment; acceptability rating; grammaticality judgment; grammaticality rating; linguistic intuition judgment; linguistic intuition rating; naturalness judgment; naturalness rating; sentence judgment; syntactic judgment,40,Not Reported,Not Reported,Students (unspecified),University affiliation,Not Reported,Language background,German,7,2b,4,Yes,16,Within-subjects,NA,Yes,Intermixed,Random,100,0,0,Yes,Fairly confident,64,16,84,No,Syntax,Fully Constructed,Not Reported,Not Reported,Not Reported,Fairly confident,Study participants were instructed to rate sentences on a scale from 1 (totally unacceptable) to 7 (perfectly acceptable).,acceptability,Ordinal (Likert),7,Isolation,Written,Not Reported,Not Reported,Paper,Not Reported,Not Reported,Not Reported,Not Reported,Not Reported,Not Reported,Fairly confident,Continuous,Not Reported,R,ANOVA,No,Participant; Items,Not Reported,Not Reported,Not Reported,Not Reported,Not Reported,Not Reported,Not Reported,NA,Fairly confident,Published in article,NA,Published in supplement,NA,Not Reported,NA,jana.haeussler@uni-potsdam.de,compared parallel experiment in English,JG
"Häussler, Grant, Fanselow et al._2015_superiority_in_english",1,Jana Häussler; Margaret Grant; Gisbert Fanselow; Lyn Frazier,2015.0,Superiority in English and German: Cross-Language Grammatical Differences?,Syntax,https://doi.org/10.1111/synt.12030,acceptability judgment; acceptability rating; grammaticality judgment; grammaticality rating; linguistic intuition judgment; linguistic intuition rating; naturalness judgment; naturalness rating; sentence judgment; syntactic judgment,40,Not Reported,Not Reported,Students (unspecified),University affiliation,Not Reported,Language background,English,7,3,4,Yes,6,Within-subjects,NA,Yes,Intermixed,Random,Not Reported,0,0,Not Reported,Fairly confident,24,24,Not Reported,Yes,Syntax,Fully Constructed,Not Reported,Not Reported,Not Reported,Fairly confident,A total of 48 participants rated the naturalness of the sentences on a scale ranging from 1 (totally unnatural) to 5 (perfectly natural).,naturalness,Ordinal (Likert),5,Isolation,Written,Not Reported,Not Reported,Computer-based,Not Reported,Not Reported,Not Reported,Not Reported,Not Reported,Not Reported,Fairly confident,Continuous,Not Reported,R,ANOVA,No,Participant; Items,Not Reported,Not Reported,Not Reported,Not Reported,Not Reported,Not Reported,Not Reported,NA,Fairly confident,Published in supplement,NA,Published in supplement,NA,Not Reported,NA,jana.haeussler@uni-potsdam.de,Not clear about fillers or trial numbers,JG
"Ionin, Grolla, Santos_2018_another_look_at",1,Tania Ionin; Elaine Grolla; Hélade Santos,2018.0,Another Look at the Acceptability of Bare Singular NPs in Episodic Sentences in Brazilian Portuguese,Syntax,https://doi.org/10.1111/synt.12163,acceptability judgment; acceptability rating; grammaticality judgment; grammaticality rating; intuitive judgment; likert scale; linguistic intuition rating; sentence judgment; syntactic judgment,72,Not Reported,Not Reported,Mixed,Not Reported,Not Reported,Language background; Age; Education,Brazilian Portuguese,1,1,18,Yes,12,Mixed,NP number,Yes,Not Reported,Not Reported,132,0,0,Not Reported,Fairly confident,216,36,96,No,Syntax; Morphology,Fully Constructed,Not Reported,Not Reported,Yes,Fairly confident,Participants were asked to rate the acceptability of the sentence in the context of the story on a scale from 1 (unacceptable) to 4 (acceptable).,acceptability,Ordinal (Likert),4,Isolation,Written,Not Reported,Not Reported,Not Reported,Not Reported,Not Reported,Not Reported,Not Reported,Not Reported,Not Reported,Fairly confident,Continuous,Not Reported,R,Mixed-Effects Regression,No,Participant; Items,Yes,Not Reported,Not Reported,Not Reported,Not Reported,Not Reported,Not Reported,NA,Fairly confident,Published in supplement,NA,Not Reported,NA,Not Reported,NA,tionin@illinois.edu,,JG
"Frazier, Jr., Rich et al._2018_anticipating_negation_the",2,Lyn Frazier; Charles Clifton Jr.; Stephanie Rich; John Duff,2018.0,Anticipating Negation: The Dos and Don'ts of Neg Raising,Syntax,https://doi.org/10.1111/synt.12151,acceptability judgment; acceptability rating; grammaticality judgment; grammaticality rating; intuitive judgment; linguistic intuition judgment; linguistic intuition rating; naive rating; naturalness judgment; naturalness rating; sentence judgment; syntactic judgment,40,33,Not Reported,Mixed,Online platform,Paid directly,Age; Region; Language background,English,6,2,2,No,16,Within-subjects,NA,Yes,Intermixed,Random,Not Reported,3,0,Not Reported,Fairly confident,36,Not Reported,19,No,Syntax,Fully Constructed,Not Reported,Not Reported,Not Reported,Slightly confident,"participants received instructions to read the sentences and rate them on a seven-point scale, with lower values being “bad” and higher values being “good.” They were instructed to give a sentence a high rating “if it sounds like a good sentence of English, something a native speaker might say in some context or other.” ",other,Ordinal (Likert),7,Isolation,Written,Not Reported,Not Reported,Computer-based,Not Reported,No,Not Reported,Not Reported,Not Reported,Not Reported,Fairly confident,Continuous,Not Reported,R,Mixed-Effects Regression,No,Participant; Items,Yes,.05,Not Reported,Not Reported,Not Reported,Not Reported,Not Reported,NA,Fairly confident,Published in article,NA,Not Reported,NA,Not Reported,NA,lyn@linguist.umass.edu,Numbers of items and trials don't match.,JG
"Frazier, Jr., Rich et al._2018_anticipating_negation_the",3,Lyn Frazier; Charles Clifton Jr.; Stephanie Rich; John Duff,2018.0,Anticipating Negation: The Dos and Don'ts of Neg Raising,Syntax,https://doi.org/10.1111/synt.12151,acceptability judgment; acceptability rating; grammaticality judgment; grammaticality rating; intuitive judgment; linguistic intuition judgment; linguistic intuition rating; naive rating; naturalness judgment; naturalness rating; sentence judgment; syntactic judgment,41,Not Reported,Not Reported,Mixed,Online platform,Paid directly,Age; Region; Language background,English,6,3,4,No,16,Within-subjects,NA,Yes,Intermixed,Random,unclear,3,0,Not Reported,Fairly confident,64,16,26,No,Syntax,Fully Constructed,Not Reported,Not Reported,Not Reported,Slightly confident,"participants received instructions to read the sentences and rate them on a seven-point scale, with lower values being “bad” and higher values being “good.” They were instructed to give a sentence a high rating “if it sounds like a good sentence of English, something a native speaker might say in some context or other.” ",other,Ordinal (Likert),7,Isolation,Written,Not Reported,Not Reported,Computer-based,Not Reported,No,Not Reported,Not Reported,Not Reported,Not Reported,Fairly confident,Continuous,Not Reported,R,Mixed-Effects Regression,No,Participant; Items,Yes,.05,Not Reported,Not Reported,Not Reported,Not Reported,Not Reported,NA,Fairly confident,Published in article,NA,Not Reported,NA,Not Reported,NA,lyn@linguist.umass.edu,"Numbers of items, fillers and trials don't match.",JG
"Frazier, Jr., Rich et al._2018_anticipating_negation_the",4,Lyn Frazier; Charles Clifton Jr.; Stephanie Rich; John Duff,2018.0,Anticipating Negation: The Dos and Don'ts of Neg Raising,Syntax,https://doi.org/10.1111/synt.12151,acceptability judgment; acceptability rating; grammaticality judgment; grammaticality rating; intuitive judgment; linguistic intuition judgment; linguistic intuition rating; naive rating; naturalness judgment; naturalness rating; sentence judgment; syntactic judgment,60,54,Not Reported,Mixed,Online platform,Paid directly,Age; Region; Language background,English,6,4,6,No,24,Within-subjects,NA,Yes,Intermixed,Random,49,3,0,Not Reported,Fairly confident,144,24,25,No,Syntax,Fully Constructed,Not Reported,Not Reported,Not Reported,Slightly confident,"participants received instructions to read the sentences and rate them on a seven-point scale, with lower values being “bad” and higher values being “good.” They were instructed to give a sentence a high rating “if it sounds like a good sentence of English, something a native speaker might say in some context or other.” ",other,Ordinal (Likert),7,Isolation,Written,Not Reported,Not Reported,Computer-based,Not Reported,No,Not Reported,Not Reported,Not Reported,Not Reported,Fairly confident,Continuous,Not Reported,R,Mixed-Effects Regression,No,Participant; Items,Yes,.05,Not Reported,Not Reported,Not Reported,Not Reported,Not Reported,NA,Fairly confident,Published in article,NA,Not Reported,NA,Not Reported,NA,lyn@linguist.umass.edu,Numbers of items and trials don't match.,JG
"Frazier, Jr., Rich et al._2018_anticipating_negation_the",1,Lyn Frazier; Charles Clifton Jr.; Stephanie Rich; John Duff,2018.0,Anticipating Negation: The Dos and Don'ts of Neg Raising,Syntax,https://doi.org/10.1111/synt.12151,acceptability judgment; acceptability rating; grammaticality judgment; grammaticality rating; intuitive judgment; linguistic intuition judgment; linguistic intuition rating; naive rating; naturalness judgment; naturalness rating; sentence judgment; syntactic judgment,61,Not Reported,Not Reported,Mixed,Online platform,Paid directly,Age; Region; Language background,English,6,5,6,No,24,Within-subjects,NA,Yes,Intermixed,Random,49,3,0,Not Reported,Fairly confident,144,24,25,No,Syntax,Fully Constructed,Not Reported,Not Reported,Not Reported,Slightly confident,"participants received instructions to read the sentences and rate them on a seven-point scale, with lower values being “bad” and higher values being “good.” They were instructed to give a sentence a high rating “if it sounds like a good sentence of English, something a native speaker might say in some context or other.” ",other,Ordinal (Likert),7,Isolation,Written,Not Reported,Not Reported,Computer-based,Not Reported,No,Not Reported,Not Reported,Not Reported,Not Reported,Fairly confident,Continuous,Not Reported,R,Mixed-Effects Regression,No,Participant; Items,Yes,.05,Not Reported,Not Reported,Not Reported,Not Reported,Not Reported,NA,Fairly confident,Published in article,NA,Not Reported,NA,Not Reported,NA,lyn@linguist.umass.edu,Numbers of items and trials don't match.,JG
"Frazier, Jr., Rich et al._2018_anticipating_negation_the",5,Lyn Frazier; Charles Clifton Jr.; Stephanie Rich; John Duff,2018.0,Anticipating Negation: The Dos and Don'ts of Neg Raising,Syntax,https://doi.org/10.1111/synt.12151,acceptability judgment; acceptability rating; grammaticality judgment; grammaticality rating; intuitive judgment; linguistic intuition judgment; linguistic intuition rating; naive rating; naturalness judgment; naturalness rating; sentence judgment; syntactic judgment,61,Not Reported,Not Reported,Mixed,Online platform,Paid directly,Age; Region; Language background,English,6,5,6,No,24,Within-subjects,NA,Yes,Intermixed,Random,49,3,0,Not Reported,Fairly confident,144,24,25,No,Syntax,Fully Constructed,Not Reported,Not Reported,Not Reported,Slightly confident,"participants received instructions to read the sentences and rate them on a seven-point scale, with lower values being “bad” and higher values being “good.” They were instructed to give a sentence a high rating “if it sounds like a good sentence of English, something a native speaker might say in some context or other.” ",other,Ordinal (Likert),7,Isolation,Written,Not Reported,Not Reported,Computer-based,Not Reported,No,Not Reported,Not Reported,Not Reported,Not Reported,Fairly confident,Continuous,Not Reported,R,Mixed-Effects Regression,No,Participant; Items,Yes,.05,Not Reported,Not Reported,Not Reported,Not Reported,Not Reported,NA,Fairly confident,Published in article,NA,Not Reported,NA,Not Reported,NA,lyn@linguist.umass.edu,Numbers of items and trials don't match.,JG
"Frazier, Jr., Rich et al._2018_anticipating_negation_the",6,Lyn Frazier; Charles Clifton Jr.; Stephanie Rich; John Duff,2018.0,Anticipating Negation: The Dos and Don'ts of Neg Raising,Syntax,https://doi.org/10.1111/synt.12151,acceptability judgment; acceptability rating; grammaticality judgment; grammaticality rating; intuitive judgment; linguistic intuition judgment; linguistic intuition rating; naive rating; naturalness judgment; naturalness rating; sentence judgment; syntactic judgment,48,Not Reported,Not Reported,Students (unspecified),University affiliation,University credit,Age; Region; Language background,English,6,6,4,No,16,Within-subjects,NA,Yes,Intermixed,Random,112,3,0,Not Reported,Fairly confident,64,16,96,No,Syntax,Fully Constructed,Not Reported,Not Reported,Not Reported,Slightly confident,"Each was followed by a seven-point rating scale, ranging from “very unnatural” (1) to “very natural” (7). ",naturalness,Ordinal (Likert),7,Isolation,Written,Not Reported,Not Reported,Computer-based,Not Reported,No,Not Reported,Not Reported,Not Reported,Not Reported,Fairly confident,Continuous,Not Reported,R,Mixed-Effects Regression,No,Participant; Items,Yes,.05,Not Reported,Not Reported,Not Reported,Not Reported,Not Reported,NA,Fairly confident,Published in article,NA,Not Reported,NA,Not Reported,NA,lyn@linguist.umass.edu,,JG
"Frascarelli, Jiménez-Fernández_2019_understanding_partiality_in",1,Mara Frascarelli; Ángel L. Jiménez-Fernández,2019.0,Understanding Partiality in pro-Drop Languages: An Information-Structure Approach,Syntax,https://doi.org/10.1111/synt.12184,acceptability judgment; acceptability rating; grammaticality judgment; grammaticality rating; sentence judgment; syntactic judgment,264,Not Reported,Not Reported,Not Reported,Not Reported,Not Reported,Gender / Sex; Age; Region; Language background; Education,Spanish,1,1,12,Yes,2,Within-subjects,NA,Yes,Intermixed,Random,32,0,0,Not Reported,Fairly confident,24,24,8,Yes,Syntax,Fully Constructed,Not Reported,Not Reported,Yes,Fairly confident,"Informants could express their grammaticality judgment on the target sentence as either sí ‘yes’, no ‘no’, or me parece rara ‘it seems strange to me’.",grammaticality,Ordinal (Likert),3,Isolation,Written,Not Reported,Not Reported,Computer-based,Not Reported,No,Not Reported,Not Reported,Not Reported,Not Reported,Fairly confident,Continuous,Not Reported,Not Reported,Other,No,Not Reported,Not Reported,Not Reported,Not Reported,Not Reported,Not Reported,Not Reported,Not Reported,NA,Slightly confident,Not Reported,NA,Not Reported,NA,Not Reported,NA,ajimfer@us.es,,JG
Szczesniak_2013_you_cant_cry,1,Konrad Szczesniak,2013.0,You can't cry your way to candy: Motion events and paths in the x's way construction,Cognitive Linguistics,https://doi.org/10.1515/cog-2013-0006,acceptability judgment; grammaticality judgment; linguistic intuition judgment; naturalness judgment; sentence judgment; syntactic judgment,94,Not Reported,Not Reported,Not Reported,Not Reported,Not Reported,Not Reported,English,1,1,3,No,Not Reported,Within-subjects,NA,Yes,Intermixed,Random,8,0,0,Not Reported,Fairly confident,8,Not Reported,Not Reported,Yes,Syntax,Fully Constructed,Not Reported,Not Reported,Not Reported,Fairly confident,"The survey contained eight short sentences, each accompanied with a 5-point scale, by means of which the subjects rated the sentences from 1 (odd) to 5 (natural).",naturalness,Ordinal (Likert),5,Isolation,Written,Not Reported,Not Reported,Computer-based,Not Reported,Not Reported,Not Reported,Not Reported,Not Reported,Not Reported,Fairly confident,Continuous,Not Reported,Not Reported,Descriptive only,No,Not Reported,Not Reported,Not Reported,Not Reported,Not Reported,Not Reported,Not Reported,Not Reported,NA,Slightly confident,Published in article,NA,Not Reported,NA,Not Reported,NA,konrad.szczesniak@us.edu.pl,Minimal reporting of data collection and statistical analysis.,JG
"Robenalt, Goldberg_2015_judgment_evidence_for",1,Clarice Robenalt; Adele E. Goldberg,2015.0,"Judgment evidence for statistical preemption: It is relatively better to vanish than to disappear a rabbit, but a lifeguard can equally well backstroke or swim children to shore",Cognitive Linguistics,https://doi.org/10.1515/cog-2015-0004,Likert scale; acceptability judgment; acceptability rating; grammaticality judgment; grammaticality rating ; magnitude estimation; naïve rating; sentence judgment; syntactic judgment,108,Not Reported,Not Reported,Mixed,Online platform,Paid directly,Not Reported,English,2,1,6?,No,Mixed,Within-subjects,NA,Yes,Intermixed,Semi-random,28,0,0,Not Reported,Fairly confident,56,28,Not Reported,No,Syntax,Fully Constructed,Not Reported,Yes,Not Reported,Fairly confident,Participants rated sentences for grammatical acceptability using a five point Likert scale.,acceptability,Ordinal (Likert),5,Isolation,Written,Not Reported,Not Reported,Computer-based,Not Reported,No,Not Reported,Not Reported,Not Reported,Not Reported,Fairly confident,Continuous,Not Reported,Not Reported,Mixed-Effects Regression,No,Participant; Items,Yes,Not Reported,Not Reported,Not Reported,Not Reported,Not Reported,Not Reported,NA,Fairly confident,Published in article,NA,Not Reported,NA,Not Reported,NA,adele@princeton.edu,,JG
"Robenalt, Goldberg_2015_judgment_evidence_for",2,Clarice Robenalt; Adele E. Goldberg,2015.0,"Judgment evidence for statistical preemption: It is relatively better to vanish than to disappear a rabbit, but a lifeguard can equally well backstroke or swim children to shore",Cognitive Linguistics,https://doi.org/10.1515/cog-2015-0004,Likert scale; acceptability judgment; acceptability rating; grammaticality judgment; grammaticality rating ; magnitude estimation; naïve rating; sentence judgment; syntactic judgment,50,Not Reported,Not Reported,Mixed,Online platform,Paid directly,Not Reported,English,2,2,4,No,10,Within-subjects,NA,Yes,Intermixed,Semi-random,26,0,0,Yes,Fairly confident,40,10,16,No,Syntax,Fully Constructed,Not Reported,Yes,Not Reported,Fairly confident," For each sentence in the survey, participants were asked to provide an acceptability rating, a plausibility rating, and a paraphrase of the sentence if they felt there was a more natural way to express its meaning.",acceptability; plausibility,Ordinal (Likert),7,Isolation,Written,Not Reported,Not Reported,Computer-based,Yes,No,Not Reported,Not Reported,Not Reported,Not Reported,Fairly confident,Continuous,Not Reported,Not Reported,Mixed-Effects Regression,No,Participant; Items,Yes,Not Reported,Not Reported,Not Reported,Not Reported,Not Reported,Not Reported,NA,Fairly confident,Published in article,NA,Not Reported,NA,Not Reported,NA,adele@princeton.edu,"Task was actually three tasks: acceptability, plausibility and paraphrase",JG
Fishman_2020_english_similarity_predicates,1,Alon Fishman,2020.0,English similarity predicates construe particular dimensions of similarity,Cognitive Linguistics,https://doi.org/10.1515/cog-2018-0086,acceptability judgment; acceptability rating; linguistic intuition judgment; linguistic intuition rating; ordinal ratings; sentence judgment; syntactic judgment,30,30,Not Reported,Mixed,Online platform,Paid directly,Language background,English,1,1,9,No,15,Within-subjects,NA,Not Reported,Intermixed,Random,Not Reported,0,0,Not Reported,Fairly confident,135,45,Not Reported,No,Semantics,Fully Constructed,Not Reported,Yes,Not Reported,Fairly confident,"Participants were told that they were going to see sentences presented in different contexts, and were instructed to rate the acceptability of the sentences in each context, on a scale of 1 (not at all acceptable) to 5 (very acceptable). An acceptable sentence was defined as “a sentence that seems natural, one that you would not be surprised to hear spoken” and an unacceptable sentence as “one that seems awkward or foreign, that you would not expect to hear spoken”.",acceptability; naturalness,Ordinal (Likert),5,Isolation,Written,Not Reported,Not Reported,Computer-based,Not Reported,No,Not Reported,Not Reported,Not Reported,Not Reported,Fairly confident,Ordinal,Not Reported,R,Mixed-Effects Regression,No,Participant; Items,Yes,Not Reported,Not Reported,Not Reported,Not Reported,Not Reported,Not Reported,NA,Fairly confident,Published in supplement,NA,Not Reported,NA,Not Reported,NA,alonfishman@mail.tau.ac.il,,JG
"Janda, Reynolds_2019_construal_vs_redundancy",1,Laura A. Janda; Robert J. Reynolds,2019.0,Construal vs. redundancy: Russian aspect in context,Cognitive Linguistics,https://doi.org/10.1515/cog-2017-0084,acceptability rating; grammaticality rating ; linguistic intuition rating; ordinal ratings,501,501,Not Reported,Mixed,Mixed,Other incentive,Language background; Age,Russian,1,1,2,No,Not Reported,Within-subjects,NA,Yes,Not Reported,Fixed,Not Reported,0,0,Not Reported,Fairly confident,Not Reported,Not Reported,Not Reported,No,Not Reported,Fully Authentic,Length; Semantics,Not Reported,Not Reported,Fairly confident,"Participants were instructed to rate the acceptability of verb forms as “Excellent”, “Acceptable”, or “Impossible”, and it was possible to give both verbs the same rating. ",acceptability,Ordinal (Likert),3,Isolation,Written,Yes,Self-paced,Computer-based,Not Reported,No,Not Reported,Not Reported,Not Reported,Not Reported,Fairly confident,Ordinal,Not Reported,R,Mixed-Effects Regression,No,Participant,Yes,Not Reported,Not Reported,Not Reported,Not Reported,Not Reported,Yes,"Corpus usage (""matches original"")",Slightly confident,Public Repository,https://doi.org/10.18710/BFFMPH,Public Repository,https://doi.org/10.18710/BFFMPH,Not Reported,NA,laura.janda@uit.no,items were full text in which test pairs were inserted. Not clear how many pairs are in a text,JG
"Chaves, King_2019_a_usagebased_account",1,Rui P. Chaves; Adriana King,2019.0,A usage-based account of subextraction effects,Cognitive Linguistics,https://doi.org/10.1515/cog-2018-0135,Likert scale; acceptability judgement; acceptability judgment; acceptability rating; grammaticality judgement; grammaticality judgment; grammaticality rating ; intuitive judgement; intuitive judgment; linguistic intuition judgement; linguistic intuition judgment; linguistic intuition rating; magnitude estimation; naïve rating; ordinal ratings; sentence judgement; sentence judgment; syntactic judgement ; syntactic judgment,62,60,,Mixed,Online platform,Paid directly,Language background,English,2,1,2,Yes,20,Within-subjects,NA,Yes,Intermixed,Random,60,0,0,Not Reported,Fairly confident,40,20,40,Yes,Syntax,Not Reported,Not Reported,Yes,Not Reported,Fairly confident,"Participants were asked to judge how natural each sentence was, by giving it a number from 1 (very unnatural) to 5 (very natural).",naturalness,Ordinal (Likert),5,Isolation,Written,Not Reported,Not Reported,Computer-based,Not Reported,No,Not Reported,Not Reported,Not Reported,Yes,Fairly confident,Continuous,Not Reported,R,Mixed-Effects Regression,No,Participant; Items; Other,Yes,Not Reported,Not Reported,Not Reported,Not Reported,Not Reported,Not Reported,NA,Fairly confident,Published in article,NA,Not Reported,NA,Not Reported,NA,rchaves@buffalo.edu,,JG
"Chaves, King_2019_a_usagebased_account",2,Rui P. Chaves; Adriana King,2019.0,A usage-based account of subextraction effects,Cognitive Linguistics,https://doi.org/10.1515/cog-2018-0135,Likert scale; acceptability judgement; acceptability judgment; acceptability rating; grammaticality judgement; grammaticality judgment; grammaticality rating ; intuitive judgement; intuitive judgment; linguistic intuition judgement; linguistic intuition judgment; linguistic intuition rating; magnitude estimation; naïve rating; ordinal ratings; sentence judgement; sentence judgment; syntactic judgement ; syntactic judgment,62,54,Not Reported,Mixed,Online platform,Paid directly,Language background,English,2,1,2,Yes,16,Within-subjects,NA,Yes,Intermixed,Random,48,0,0,Not Reported,Fairly confident,32,16,32,Yes,Syntax,Not Reported,Not Reported,Yes,Not Reported,Fairly confident,"Participants were asked to judge how natural each sentence was, by giving it a number from 1 (very unnatural) to 5 (very natural).",naturalness,Ordinal (Likert),5,Isolation,Written,Not Reported,Not Reported,Computer-based,Not Reported,No,Not Reported,Not Reported,Not Reported,Yes,Fairly confident,Continuous,Not Reported,R,Mixed-Effects Regression,No,Participant; Items; Other,Yes,Not Reported,Not Reported,Not Reported,Not Reported,Not Reported,Not Reported,NA,Fairly confident,Published in article,NA,Not Reported,NA,Not Reported,NA,rchaves@buffalo.edu,,JG
"Verhagen, Mos_2016_stability_of_familiarity",1,Véronique Verhagen; Maria Mos,2016.0,Stability of familiarity judgments: Individual variation and the invariant bigger picture,Cognitive Linguistics,https://doi.org/10.1515/cog-2015-0063,Likert scale; acceptability judgement; acceptability judgment; acceptability rating; grammaticality judgement; grammaticality judgment; grammaticality rating ; linguistic intuition judgement; linguistic intuition judgment; linguistic intuition rating; magnitude estimation; meta-linguistic judgement; meta-linguistic judgment; meta-linguistic rating; sentence judgement; sentence judgment; syntactic judgement ; syntactic judgment,86,86,86,Students (unspecified),University affiliation,University credit,Age; Language background,Dutch,1,1,4,Yes,44,Within-subjects,NA,Yes,Blocks,Random,44,Unclear,0,Not Reported,Fairly confident,44,44,Not Reported,Yes,Lexis; Syntax,Fully Authentic,Not Reported,Not Reported,Yes,Fairly confident,[Exact] Participants were asked to rate familiarity using Magnitude Estimation: (“Hoe vertrouwd vind je deze combinatie van woorden?” – ‘How familiar do you consider this combination of words?’),other,Continuous,ME,Magnitude Estimation,Written,Not Reported,Not Reported,Computer-based,Not Reported,Yes,Not Reported,Not Reported,Not Reported,Not Reported,Fairly confident,Continuous,Z-score,R,Mixed-Effects Regression,No,Participant; Items,Yes,Not Reported,Not Reported,Not Reported,Not Reported,Not Reported,Yes,Corpus frequency,Fairly confident,Published in article,NA,Not Reported,NA,Not Reported,NA,v.a.y.verhagen@tilburguniversity.edu,,JG
"Kim, Yoon_2009_longdistance_bound_local",1,Ji-Hye Kim; James H. Yoon,2009.0,Long-distance bound local anaphors in Korean—An empirical study of the Korean anaphor caki-casin,Lingua,https://doi.org/10.1016/j.lingua.2008.10.002,Likert scale; acceptability judgement; acceptability judgment; acceptability rating; grammaticality judgement; grammaticality judgment; grammaticality rating; linguistic intuition judgement; linguistic intuition judgment; linguistic intuition rating; sentence judgement; sentence judgment; syntactic judgement ; syntactic judgment,43,Not Reported,Not Reported,Not Reported,Not Reported,Not Reported,Age; Language background; Region,Korean,1,1,Unclear,No,Not Reported,Within-subjects,NA,Yes,Not Reported,Not Reported,100,0,0,Not Reported,Slightly confident,62,62,38,Yes,Syntax; Semantics,Fully Constructed,Not Reported,Not Reported,Not Reported,Fairly confident,The first part of the task asked the subjects to judge the degree of grammaticality of a sentence where caki-casin occurs with a long-distance antecedent.,grammaticality,Ordinal (Likert),5,Isolation,Written,Not Reported,Not Reported,Paper,Not Reported,Not Reported,Not Reported,Not Reported,Not Reported,Not Reported,Fairly confident,Continuous,Not Reported,Not Reported,ANOVA,No,Participant,Not Reported,Not Reported,Not Reported,Not Reported,Not Reported,Not Reported,Yes,Preferential Sentence Interpretation Task,Fairly confident,Not Reported,NA,Not Reported,NA,Not Reported,NA,jkim38ster@gmail.com,Design is confusing; number of items is also confusing,JG
"Konietzko, Winkler_2010_contrastive_ellipsis_mapping",1,Andreas Konietzko; Susanne Winkler,2010.0,Contrastive ellipsis: Mapping between syntax and information structure,Lingua,https://doi.org/10.1016/j.lingua.2008.08.009,acceptability judgement; acceptability judgment; acceptability rating; grammaticality judgement; grammaticality judgment; grammaticality rating; linguistic intuition judgement; linguistic intuition judgment; linguistic intuition rating; magnitude estimation; sentence judgement; sentence judgment; syntactic judgement ; syntactic judgment,40,Not Reported,Not Reported,Students (unspecified),Advertisement / Word of mouth,Paid directly,Not Reported,German,2,1,2,No,32,Within-subjects,NA,Yes,Not Reported,Not Reported,84,14,0,Not Reported,Fairly confident,64,32,52,No,Syntax,Fully Constructed,Not Reported,Not Reported,Not Reported,Fairly confident,Not Reported,Not Reported,Continuous,ME,Magnitude Estimation,Written,Not Reported,Not Reported,Computer-based,Not Reported,Not Reported,Not Reported,Not Reported,Not Reported,Not Reported,Fairly confident,Continuous,Not Reported,Not Reported,t-test,No,Not Reported,Not Reported,Not Reported,Not Reported,Not Reported,Not Reported,Not Reported,Not Reported,NA,Slightly confident,Not Reported,NA,Not Reported,NA,Not Reported,NA,andreas.konietzko@uni-tuebingen.de,very little detail in the analysis,JG
"Konietzko, Winkler_2010_contrastive_ellipsis_mapping",2,Andreas Konietzko; Susanne Winkler,2010.0,Contrastive ellipsis: Mapping between syntax and information structure,Lingua,https://doi.org/10.1016/j.lingua.2008.08.009,acceptability judgement; acceptability judgment; acceptability rating; grammaticality judgement; grammaticality judgment; grammaticality rating; linguistic intuition judgement; linguistic intuition judgment; linguistic intuition rating; magnitude estimation; sentence judgement; sentence judgment; syntactic judgement ; syntactic judgment,20,Not Reported,Not Reported,Students (unspecified),Advertisement / Word of mouth,Paid directly,Not Reported,German,2,2,4,Yes,28,Within-subjects,NA,Yes,Not Reported,Not Reported,85,0,0,Yes,Fairly confident,112,28,57,No,Syntax; Phonology,Fully Constructed,Not Reported,Not Reported,Not Reported,Fairly confident,Participants had to assign to each sentence a value from 1 to 7 representing their perceived wellformedness of the sentence,other,Ordinal (Likert),7,Isolation,Audio,Not Reported,Not Reported,Computer-based,Yes,Yes,Not Reported,Not Reported,Not Reported,Not Reported,Fairly confident,Continuous,Not Reported,Not Reported,t-test,No,Not Reported,Not Reported,Not Reported,Not Reported,Not Reported,Not Reported,Not Reported,Not Reported,NA,Slightly confident,Published in article,NA,Not Reported,NA,Not Reported,NA,andreas.konietzko@uni-tuebingen.de,very little detail in the analysis,JG
Overfelt_2015_unbounded_successivecyclic_rightward,1,Jason Overfelt,2015.0,Unbounded successive-cyclic rightward DP-movement,Lingua,https://doi.org/10.1016/j.lingua.2015.04.002,Likert scale; acceptability judgement; acceptability judgment; acceptability rating; grammaticality judgement; grammaticality judgment; grammaticality rating; intuitive judgement; intuitive judgment; naturalness judgement; naturalness judgment; naturalness rating; sentence judgement; sentence judgment; syntactic judgement ; syntactic judgment,64,Not Reported,Not Reported,Mixed,Online platform,Paid directly,Language background; Age; Gender / Sex; Region,English,1,1,8,Yes,16,Within-subjects,NA,Yes,Intermixed,Random,54,Unclear,0,Not Reported,Fairly confident,128,16,38,No,Syntax,Fully Constructed,Other; Semantics,Not Reported,Not Reported,Fairly confident,Participants were told that they would be reading sentences and evaluating their acceptability as sentences of English. They then received a short guided practice for using a 7-point Likert-scale where 1 corresponded to ‘‘Completely Unacceptable’’ and 7 corresponded to ‘‘Completely Acceptable’’.,acceptability,Ordinal (Likert),7,Isolation,Written,Not Reported,Not Reported,Computer-based,Yes,No,Not Reported,Not Reported,Not Reported,Not Reported,Fairly confident,Continuous,Not Reported,R,Mixed-Effects Regression,No,Participant; Items,Yes,Not Reported,Not Reported,Not Reported,Not Reported,Not Reported,Not Reported,NA,Fairly confident,Published in article,NA,Not Reported,NA,Not Reported,NA,joverfel@linguist.umass.edu,,JG
Lee_2011_gradients_in_korean,1,Hanjung Lee,2011.0,Gradients in Korean case ellipsis: An experimental investigation,Lingua,https://doi.org/10.1016/j.lingua.2010.07.002,acceptability judgement; acceptability judgment; acceptability rating; grammaticality judgement; grammaticality judgment; grammaticality rating; naturalness judgement; naturalness judgment; naturalness rating; sentence judgement; sentence judgment; syntactic judgement ; syntactic judgment,90,Not Reported,Not Reported,Students (unspecified),Not Reported,Not Reported,Language background; Age,Korean,2,1,3,No,20,Within-subjects,NA,Yes,Not Reported,Not Reported,Not Reported,0,0,Yes,Fairly confident,60,Not Reported,Not Reported,Yes,Syntax,Fully Constructed,Semantics; Other,Not Reported,Not Reported,Fairly confident,"Each participant was asked to fill in a questionnaire, which contained short conversations between two speakers, providing contexts for the choice of case-marked and case-ellipsed forms of an object.",other,Dichotomous (Binary),2,Variant Comparison,Written,Not Reported,Not Reported,Not Reported,Yes,Not Reported,Not Reported,Not Reported,Not Reported,Not Reported,Fairly confident,Dichotomous,Not Reported,Not Reported,Other,No,Not Reported,Not Reported,Not Reported,Not Reported,Not Reported,Not Reported,Not Reported,Not Reported,NA,Fairly confident,Published in supplement,NA,Not Reported,NA,Not Reported,NA,hanjung@skku.edu,Left details to prior publication; Used chi-squared tests for analysis,JG
Lee_2011_gradients_in_korean,2,Hanjung Lee,2011.0,Gradients in Korean case ellipsis: An experimental investigation,Lingua,https://doi.org/10.1016/j.lingua.2010.07.002,acceptability judgement; acceptability judgment; acceptability rating; grammaticality judgement; grammaticality judgment; grammaticality rating; naturalness judgement; naturalness judgment; naturalness rating; sentence judgement; sentence judgment; syntactic judgement ; syntactic judgment,56,Not Reported,56,Students (unspecified),Not Reported,Not Reported,Language background; Age,Korean,2,2,6,Yes,20,Within-subjects,NA,Yes,Not Reported,Not Reported,120,0,0,Yes,Fairly confident,120,120,Not Reported,Yes,Syntax,Fully Constructed,Semantics; Other,Not Reported,Not Reported,Fairly confident,"[Exact]. Please read through the following conversations, then make a judgment on the underlined sentences in each conversation by assigning them grades from 1-5. Use the following scale to make your judgments: 1 = Completely Unacceptable; 2 = Unacceptable; 3 = Just Barely Acceptable; 4 = Acceptable; 5 = Completely Acceptable;",acceptability,Ordinal (Likert),5,Variant Comparison,Written,Not Reported,Not Reported,Not Reported,Yes,Not Reported,Not Reported,Not Reported,Not Reported,Not Reported,Fairly confident,Continuous,Not Reported,Not Reported,ANOVA,No,Participant; Items,Not Reported,Not Reported,Not Reported,Not Reported,Not Reported,Not Reported,Not Reported,NA,Fairly confident,Published in supplement,NA,Not Reported,NA,Not Reported,NA,hanjung@skku.edu,Left details to prior publication; Used chi-squared tests for analysis,JG
"Wetzel, Tskhovrebova, Gygax et al._2023_pragmatic_and_syntactic",1,Mathis Wetzel; Ekaterina Tskhovrebova; Pascal M. Gygax; Sandrine Zufferey,2023.0,Pragmatic and syntactic constraints on French causal connectives: An evaluation of native and non-native speakers’ sensitivity,JoPragmatics,https://doi.org/10.1016/j.pragma.2023.03.001,grammaticality judgment,63,Not Reported,Not Reported,Mixed,Online platform,Paid directly,Gender / Sex; Language background; Age,French,2,1,4,No,10,Within-subjects,NA,Yes,Intermixed,Random,Not Reported,0,0,Not Reported,Fairly confident,40,40,Not Reported,Yes,Lexis,Fully Constructed,Not Reported,Not Reported,Not Reported,Fairly confident,"In this task, sentences were presented in which a connective was omitted and replaced by a blank. Participants had to choose the correct connective among four options for each of the sentences. The sentences were presented without further context and in a randomized order. ",correctness,Dichotomous (Binary),2,Variant Comparison,Written,Not Reported,Not Reported,Computer-based,Not Reported,No,Not Reported,Not Reported,Not Reported,Not Reported,Slightly confident,Dichotomous,Not Reported,R,Mixed-Effects Regression,No,Participant; Items,Yes,Not Reported,Not Reported,Not Reported,Not Reported,Not Reported,Not Reported,NA,Fairly confident,Public Repository,https://osf.io/hgfsu/,Public Repository,https://osf.io/hgfsu/,Not Reported,NA,Mathis.wetzel@unibe.ch,"all participants performed the main task of the experiment, a multiple-choice cloze task. Updated by JG (data error) ",MJ
"Moulton, Chan, Cheng et al._2018_focus_on_cataphora",1,Keir Moulton; Queenie Chan; Tanie Cheng; Chung-Hye Han; Kyeong-Min Kim; Sophie Nickel-Thompson,2018.0,Focus on Cataphora: Experiments in Context,Linguistic Inquiry,https://www.jstor.org/stable/26799899,acceptability rating; linguistic intuition rating; naturalness rating,,,,Not Reported,Not Reported,Not Reported,Not Reported,Not Reported,1,1,,,,Within-subjects,NA,Not Reported,Not Reported,Not Reported,,0,0,Not Reported,,,,Not Reported,,Not Reported,Not Reported,Not Reported,Not Reported,Not Reported,,Not Reported,Not Reported,Not Reported,,Isolation,Written,Not Reported,Not Reported,Not Reported,Not Reported,Not Reported,Not Reported,Not Reported,Not Reported,Not Reported,,,Not Reported,Not Reported,Not Reported,No,Not Reported,Not Reported,Not Reported,Not Reported,Not Reported,Not Reported,Not Reported,Not Reported,NA,,Not Reported,NA,Not Reported,NA,Not Reported,NA,,"Exclude. This paper only contains experiments in which participants are to judge whether two pronouns refer to the same person / to which person a pronoun refers (choice of two names) / choose what happened in a short story (two options) to check coreferentiality. Hence, these are not strictly speaking acceptability judgements. None of the above fields have been filled out.",LR
"Divjak, Dąbrowska, Arppe_2016_machine_meets_man",1,Dagmar Divjak; Ewa Dąbrowska; Antti Arppe,2016.0,Machine Meets Man: Evaluating the Psychological Reality of Corpus-based Probabilistic Models,Cognitive Linguistics,https://doi.org/10.1515/cog-2015-0101,acceptability judgment; acceptability rating; grammaticality judgment; grammaticality rating ; linguistic intuition judgment; linguistic intuition rating; meta-linguistic judgment; meta-linguistic rating; naturalness judgment; naturalness rating; naïve rating; sentence judgment; syntactic judgment,159,134,134,Not Reported,Mixed,Not Reported,Language background; Education,Russian,2,1,Unclear,No,Unclear,Within-subjects,NA,Not Reported,Not Reported,Not Reported,60,0,0,Not Reported,Slightly confident,60,60,Not Reported,Yes,Lexis,Fully Authentic,Frequency,Not Reported,Not Reported,Slightly confident,"Exact. You will be presented with 60 sentences from which a verb has been deleted. Read the sentences and the answer options and choose the verb that fits the context best from the list of six options. Work at a quick pace, don’t think too long over one answer, don’t go back and change things: there are no right or wrong answers and we are interested in your first choice.",other,Categorical (Unordered),6,Isolation,Written,Not Reported,Not Reported,Computer-based,Yes,No,Not Reported,Not Reported,Not Reported,Not Reported,Slightly confident,Other,Not Reported,R,Mixed-Effects Regression,No,Participant; Items,Yes,Not Reported,Not Reported,Not Reported,Not Reported,Not Reported,Yes,Corpus model predictions,Slightly confident,Public Repository,http://hdl.handle.net/10037.1/10246,Public Repository,http://hdl.handle.net/10037.1/10246,Not Reported,NA,d.divjak@sheffield.ac.uk,Analysis is very complex; data repository link is no longer working.,JG
"Divjak, Dąbrowska, Arppe_2016_machine_meets_man",2,Dagmar Divjak; Ewa Dąbrowska; Antti Arppe,2016.0,Machine Meets Man: Evaluating the Psychological Reality of Corpus-based Probabilistic Models,Cognitive Linguistics,https://doi.org/10.1515/cog-2015-0101,acceptability judgment; acceptability rating; grammaticality judgment; grammaticality rating ; linguistic intuition judgment; linguistic intuition rating; meta-linguistic judgment; meta-linguistic rating; naturalness judgment; naturalness rating; naïve rating; sentence judgment; syntactic judgment,103,134,134,Not Reported,Mixed,Other incentive,Language background; Education,Russian,2,3,6,Yes,60,Within-subjects,NA,Not Reported,Intermixed,Semi-random,60,0,0,Not Reported,Slightly confident,360,60,Not Reported,Yes,Lexis,Fully Authentic,Frequency,Not Reported,Not Reported,Slightly confident,"Exact. In this experiment you will be asked to rate how natural sentences sound. We are specifically interested in the use of verbs meaning TRY such as probovat’, pytat’sja, starat’sja, silit’sja, norovit’ and poryvat’sja. There are 72 sentences in total and we would like you to rate them on a scale from 1 (sounds very strange) to 10 (sounds completely natural). Work at a quick pace, don’t think too long over one answer, don’t go back and change things: there are no right or wrong answers and we are interested in your first choice.",naturalness,Ordinal (Likert),10,Isolation,Written,Not Reported,Not Reported,Computer-based,Yes,No,Not Reported,Not Reported,Not Reported,Not Reported,Slightly confident,Continuous,Other,R,Descriptive only,No,Not Reported,Not Reported,Not Reported,Not Reported,Not Reported,Not Reported,Not Reported,Yes,Corpus model predictions,Slightly confident,Public Repository,http://hdl.handle.net/10037.1/10246,Public Repository,http://hdl.handle.net/10037.1/10246,Not Reported,NA,d.divjak@sheffield.ac.uk,Analysis is not clear about statistical methods; ratings were residualised and rescaled to 1-10; data repository link is no longer working.,JG
Cable_2017_the_implicatures_of,1,Seth Cable,2017.0,The implicatures of optional past tense in Tlingit and the implications for 'discontinuous past',NL & LT,http://www.jstor.org/stable/45095083,acceptability judgment; acceptability rating; linguistic intuition judgment; linguistic intuition rating; naturalness judgment; naturalness rating; sentence judgment; syntactic judgment,0,0,0,Not Reported,Not Reported,Not Reported,Not Reported,Not Reported,0,0,0,No,0,Not Reported,NA,Not Reported,Not Reported,Not Reported,0,0,0,Not Reported,Very confident,0,0,Not Reported,No,Semantics; Morphology,Not Reported,Not Reported,Not Reported,Not Reported,Very confident,Not Reported,Not Reported,Not Reported,0,Not Reported,Not Reported,Not Reported,Not Reported,Not Reported,Not Reported,Not Reported,Not Reported,Not Reported,Not Reported,Not Reported,Very confident,Not Reported,Not Reported,Not Reported,Not Reported,No,Not Reported,Not Reported,Not Reported,Not Reported,Not Reported,Not Reported,Not Reported,Not Reported,NA,Very confident,Published in article,NA,Not Reported,NA,Not Reported,NA,,Exclude. It looks like only the author judged the stimuli. Many of the stimuli were naturalistic.,DD
"Xiang, Harizanov, Kravtchenko_2011_processing_morphological_ambiguity",1,Ming Xiang; Boris Harizanov; Ekaterina Kravtchenko,2011.0,Processing morphological ambiguity: An experimental investigation of Russian numerical phrases,Lingua,https://doi.org/10.1016/j.lingua.2010.10.016,acceptability judgement; acceptability judgment; acceptability rating; grammaticality judgement; grammaticality judgment; grammaticality rating; linguistic intuition judgement; linguistic intuition judgment; linguistic intuition rating; sentence judgement; sentence judgment; syntactic judgement ; syntactic judgment,37,35,Not Reported,Not Reported,Not Reported,Paid directly,Language background; Age; Gender / Sex; Region,Russian,1,1,12,Yes,60,Within-subjects,NA,Not Reported,Not Reported,Not Reported,Not Reported,0,0,Not Reported,Slightly confident,720,60,108,No,Morphology; Syntax,Fully Constructed,Not Reported,Not Reported,Not Reported,Fairly confident,"The task instruction was to rate each sentence on a 1–7 scale, where 1 represented a completely unacceptable sentence, and 7 represented a fully acceptable one. The participants were instructed to make the judgments based on their intuitions, rather than any prescriptive rules acquired in classroom settings.",acceptability,Ordinal (Likert),7,Isolation,Written,Not Reported,Not Reported,Paper,Not Reported,Not Reported,Not Reported,Not Reported,Not Reported,Not Reported,Slightly confident,Continuous,Not Reported,R,ANOVA,No,Participant; Items,Not Reported,Not Reported,Not Reported,Not Reported,Not Reported,Not Reported,Yes,self-paced reading task,Fairly confident,Not Reported,NA,Not Reported,NA,Not Reported,NA,polinsky@fas.harvard.edu,used a mix of paper and computer-based surveys; no information on randomization or presentation order,JG
"Schumacher, Piñango, Avrutin_2010_reference_assignment_in",1,Petra B. Schumacher; Maria M. Piñango; Sergey Avrutin,2010.0,Reference assignment in Dutch: Evidence for the syntax–discourse divide,Lingua,https://doi.org/10.1016/j.lingua.2009.12.003,acceptability judgement; acceptability judgment; acceptability rating; grammaticality judgement; grammaticality judgment; grammaticality rating; linguistic intuition judgement; linguistic intuition judgment; linguistic intuition rating; sentence judgement; sentence judgment; syntactic judgement ; syntactic judgment,100,100,Not Reported,Students (unspecified),Not Reported,Not Reported,Language background; Age; Gender / Sex,Dutch,2,2,2,No,25,Within-subjects,NA,Yes,Intermixed,Semi-random,95,0,0,Not Reported,Fairly confident,50,25,45,Yes,Syntax,Fully Constructed,Not Reported,Not Reported,Not Reported,Fairly confident,"Each sentence was presented in writing (on paper), up until the reflexive element and then a choice of ‘zich’, ‘zichzelf’, ‘both (zich and zichzelf)’, or ‘neither’ was given, and the participants were instructed to indicate which continuation of the sentence they found most acceptable (Question A). If they chose ‘both’, they had to make a forced-choice decision next and indicate whether they preferred zich or zichzelf (Question B). Furthermore, participants were instructed to base their decisions on their regular language use (i.e. what they would say or imagine somebody else to say) and not on rules they might have learned in school. ",acceptability,Categorical (Unordered),4,Variant Comparison,Written,Not Reported,Not Reported,Paper,Not Reported,Not Reported,Not Reported,Not Reported,Not Reported,Not Reported,Slightly confident,Other,Not Reported,Not Reported,Descriptive only,No,Not Reported,Not Reported,Not Reported,Not Reported,Not Reported,Not Reported,Not Reported,Not Reported,NA,Slightly confident,Published in article,NA,Not Reported,NA,Not Reported,NA,petra.burkhardt@aya.yale.edu,"task is complex, where if one specific option ('both') was chosen, and additional forced choice task was performed.",JG
"Sagarra, Herschensohn_2010_the_role_of",1,Nuria Sagarra; Julia Herschensohn,2010.0,The role of proficiency and working memory in gender and number agreement processing in L1 and L2 Spanish,Lingua,https://doi.org/10.1016/j.lingua.2010.02.004,Likert scale; acceptability judgement; acceptability judgment; acceptability rating; grammaticality judgement; grammaticality judgment; grammaticality rating; sentence judgement; sentence judgment; syntactic judgement ; syntactic judgment,196,,,Students (unspecified),Not Reported,Mixed,Language background; Education; Region,Spanish,1,1,3,No,10,Mixed,L1 vs. L2,Yes,Intermixed,Random,110,4,0,Not Reported,Fairly confident,30,30,80,Yes,Syntax,Fully Constructed,Length; Other,Not Reported,Not Reported,Fairly confident,"The grammaticality judgment task was administered one week after the self-paced reading task and required participants to classify sentences as correct or incorrect, to identify the source of the error in incorrect sentences with a circle on the incorrect word(s), and to rate how confident they were about their answer in a 5-point Likert scale. ",correctness,Dichotomous (Binary),2,Isolation,Written,Not Reported,Not Reported,Not Reported,Not Reported,Not Reported,Not Reported,Yes,Not Reported,Not Reported,Slightly confident,Continuous,Not Reported,Not Reported,ANOVA,No,Participant; Items,Not Reported,Not Reported,Not Reported,Not Reported,Not Reported,Not Reported,Yes,self-paced reading; working memory,Fairly confident,Not Reported,NA,Not Reported,NA,Not Reported,NA,sagarra@psu.edu,Exclude? Includes native and L2 participants; involves multiple set of tasks,JG
"Liu, Shi_2021_verum_shi_sentencefinal",1,Ying Liu; Wenlei Shi,2021.0,"Verum shi, sentence-final de and the emphatic effects in Mandarin",Lingua,https://doi.org/10.1016/j.lingua.2021.103186,acceptability judgement; acceptability judgment; acceptability rating; grammaticality judgement; grammaticality judgment; grammaticality rating; intuitive judgement; intuitive judgment; linguistic intuition judgement; linguistic intuition judgment; linguistic intuition rating; meta-linguistic judgement; meta-linguistic judgment; meta-linguistic rating; sentence judgement; sentence judgment; syntactic judgement ; syntactic judgment,90,Not Reported,6,Students (unspecified),Not Reported,Not Reported,Not Reported; Language background; Age; Gender / Sex,Mandarin Chinese,1,1,15,No,8,Within-subjects,NA,Yes,Intermixed,Semi-random,24,2,0,Not Reported,Fairly confident,120,8,16,Yes,Syntax,Fully Constructed,Not Reported,Not Reported,Not Reported,Fairly confident," The participants were asked to judge how acceptable the conversation is, on a scale from 1 to 5, with 1 being least acceptable.",acceptability,Ordinal (Likert),5,Isolation,Audio,Not Reported,Not Reported,Not Reported,Not Reported,Not Reported,Not Reported,Not Reported,Not Reported,Not Reported,Slightly confident,Continuous,Not Reported,Not Reported,Mixed-Effects Regression,No,Participant; Items,Yes,Not Reported,Not Reported,Not Reported,Not Reported,Not Reported,Not Reported,NA,Fairly confident,Not Reported,NA,Not Reported,NA,Not Reported,NA,wenleishi@zju.edu.cn,,JG
Kawahara_2012_lymans_law_is,1,Shigeto Kawahara,2012.0,Lyman's Law is active in loanwords and nonce words: Evidence from naturalness judgment studies,Lingua,https://doi.org/10.1016/j.lingua.2012.05.008,grammaticality judgement; grammaticality judgment; grammaticality rating; linguistic intuition judgement; linguistic intuition judgment; linguistic intuition rating; naturalness judgement; naturalness judgment; naturalness rating,54,Not Reported,Not Reported,Mixed,Not Reported,Mixed,Language background,Japanese,3,1,3,Yes,12,Within-subjects,NA,Yes,Intermixed,Semi-random,Not Reported,0,0,Not Reported,Fairly confident,36,Not Reported,Not Reported,Yes,Phonology,Fully Constructed,Other,Not Reported,Yes,Fairly confident,the participants were presented with one stimulus and asked to judge the naturalness of Rendaku when the stimulus is used as a second member of a compound.,naturalness,Ordinal (Likert),5,Isolation,Written,Not Reported,Not Reported,Computer-based,Not Reported,No,Not Reported,Not Reported,Not Reported,Not Reported,Fairly confident,Continuous,Not Reported,R,Mixed-Effects Regression,No,Participant; Items,Not Reported,Not Reported,Not Reported,Not Reported,Not Reported,Not Reported,Not Reported,NA,Fairly confident,Published in article,NA,Not Reported,NA,Not Reported,NA,kawahara@rci.rutgers.edu,,JG
Kawahara_2012_lymans_law_is,2,Shigeto Kawahara,2012.0,Lyman's Law is active in loanwords and nonce words: Evidence from naturalness judgment studies,Lingua,https://doi.org/10.1016/j.lingua.2012.05.008,grammaticality judgement; grammaticality judgment; grammaticality rating; linguistic intuition judgement; linguistic intuition judgment; linguistic intuition rating; naturalness judgement; naturalness judgment; naturalness rating,48,Not Reported,Not Reported,Mixed,Not Reported,Mixed,Language background,Japanese,3,2,3,Yes,12,Within-subjects,NA,Yes,Intermixed,Semi-random,Not Reported,0,0,Not Reported,Fairly confident,36,Not Reported,Not Reported,Yes,Phonology,Fully Constructed,Other,Not Reported,Yes,Fairly confident,the participants were presented with one stimulus and asked to judge the naturalness of Rendaku when the stimulus is used as a second member of a compound.,naturalness,Ordinal (Likert),5,Isolation,Written,Not Reported,Not Reported,Computer-based,Not Reported,No,Not Reported,Not Reported,Not Reported,Not Reported,Fairly confident,Continuous,Not Reported,R,Mixed-Effects Regression,No,Participant; Items,Not Reported,Not Reported,Not Reported,Not Reported,Not Reported,Not Reported,Not Reported,NA,Fairly confident,Published in article,NA,Not Reported,NA,Not Reported,NA,kawahara@rci.rutgers.edu,,JG
Kawahara_2012_lymans_law_is,3,Shigeto Kawahara,2012.0,Lyman's Law is active in loanwords and nonce words: Evidence from naturalness judgment studies,Lingua,https://doi.org/10.1016/j.lingua.2012.05.008,grammaticality judgement; grammaticality judgment; grammaticality rating; linguistic intuition judgement; linguistic intuition judgment; linguistic intuition rating; naturalness judgement; naturalness judgment; naturalness rating,54,Not Reported,Not Reported,Mixed,Not Reported,Mixed,Language background,Japanese,3,3,4,Yes,9,Within-subjects,NA,Yes,Blocks,Random,Not Reported,0,0,Not Reported,Fairly confident,36,Not Reported,Not Reported,Yes,Phonology,Fully Constructed,Other,Not Reported,Yes,Fairly confident,the participants were presented with one stimulus and asked to judge the naturalness of Rendaku when the stimulus is used as a second member of a compound.,naturalness,Ordinal (Likert),5,Isolation,Written,Not Reported,Not Reported,Computer-based,Not Reported,No,Not Reported,Not Reported,Built-in breaks,Not Reported,Fairly confident,Continuous,Not Reported,R,Mixed-Effects Regression,No,Participant; Items,Not Reported,Not Reported,Not Reported,Not Reported,Not Reported,Not Reported,Not Reported,NA,Fairly confident,Published in article,NA,Not Reported,NA,Not Reported,NA,kawahara@rci.rutgers.edu,,JG
"Bamyacı, Häussler, Kabak_2014_the_interaction_of",1,Elif Bamyacı; Jana Häussler; Barış Kabak,2014.0,The interaction of animacy and number agreement: An experimental investigation,Lingua,https://doi.org/10.1016/j.lingua.2014.06.005,acceptability judgement; acceptability judgment; acceptability rating; grammaticality judgement; grammaticality judgment; grammaticality rating; linguistic intuition judgement; linguistic intuition judgment; linguistic intuition rating; magnitude estimation; ordinal ratings; sentence judgement; sentence judgment; syntactic judgement ; syntactic judgment,25,22,Not Reported,Not Reported,Not Reported,Paid directly,Language background; Region; Age; Gender / Sex; Education,Turkish,2,1,16,No,16,Within-subjects,NA,Yes,Intermixed,Random,192,10,0,Yes,Slightly confident,256,128,64,Yes,Syntax; Semantics,Fully Constructed,Other,Not Reported,Not Reported,Fairly confident,"The participants were asked to judge each sentence proportionally to the reference stimulus, and to type the numerical value corresponding to their judgment using the keyboard in front of them.",Not Reported,Continuous,ME,Magnitude Estimation,Written,Not Reported,Not Reported,Computer-based,Not Reported,Yes,Not Reported,Not Reported,Not Reported,Not Reported,Slightly confident,Continuous,Z-score,R,Mixed-Effects Regression,No,Participant; Items,Yes,Not Reported,Not Reported,Not Reported,Not Reported,Not Reported,Not Reported,NA,Fairly confident,Not Reported,NA,Not Reported,NA,Not Reported,NA,baris.kabak@uni-wuerzburg.de,,JG
"Bamyacı, Häussler, Kabak_2014_the_interaction_of",2,Elif Bamyacı; Jana Häussler; Barış Kabak,2014.0,The interaction of animacy and number agreement: An experimental investigation,Lingua,https://doi.org/10.1016/j.lingua.2014.06.005,acceptability judgement; acceptability judgment; acceptability rating; grammaticality judgement; grammaticality judgment; grammaticality rating; linguistic intuition judgement; linguistic intuition judgment; linguistic intuition rating; magnitude estimation; ordinal ratings; sentence judgement; sentence judgment; syntactic judgement ; syntactic judgment,25,24,Not Reported,Not Reported,Not Reported,Paid directly,Language background; Region; Age; Gender / Sex; Education,Turkish,2,2,16,No,16,Within-subjects,NA,Yes,Intermixed,Random,192,10,0,Yes,Slightly confident,256,128,64,Yes,Syntax; Semantics,Fully Constructed,Other,Not Reported,Not Reported,Fairly confident,"The participants were asked to judge each sentence proportionally to the reference stimulus, and to type the numerical value corresponding to their judgment using the keyboard in front of them.",Not Reported,Continuous,ME,Magnitude Estimation,Written,Not Reported,Not Reported,Computer-based,Not Reported,Yes,Not Reported,Not Reported,Not Reported,Not Reported,Slightly confident,Continuous,Z-score,R,Mixed-Effects Regression,No,Participant; Items,Yes,Not Reported,Not Reported,Not Reported,Not Reported,Not Reported,Not Reported,NA,Fairly confident,Not Reported,NA,Not Reported,NA,Not Reported,NA,baris.kabak@uni-wuerzburg.de,identical to Exp 1 but with older participants,JG
Gondra_2016_head_external_analysis,1,Ager Gondra,2016.0,"Head external analysis, head raising analysis or matching analysis? Let's ask experimental syntax",Lingua,https://doi.org/10.1016/j.lingua.2016.03.003,grammaticality judgement; grammaticality judgment; sentence judgement; sentence judgment; syntactic judgement ; syntactic judgment,32,,Not Reported,Mixed,Not Reported,Not Reported,Gender / Sex; Language background; Region,Basque,4,1,2,Yes,15,Within-subjects,NA,Yes,Intermixed,Random,60,2,0,Not Reported,Fairly confident,30,Not Reported,30,Yes,Syntax,Fully Constructed,Not Reported,Not Reported,Yes,Fairly confident,participants could choose to say that the answer to the question was either grammatical or ungrammatical. ,grammaticality,Dichotomous (Binary),2,Isolation,Mixed,Not Reported,Not Reported,Spoken/Signed,Not Reported,Yes,Not Reported,Not Reported,Not Reported,Not Reported,Fairly confident,Continuous,Not Reported,Not Reported,ANOVA,No,Not Reported,Not Reported,Not Reported,Not Reported,Not Reported,Not Reported,Not Reported,Not Reported,NA,Fairly confident,Not Reported,NA,Not Reported,NA,Not Reported,NA,ager.gondra@purchase.edu,Other experiments were not judgment studies.,JG
"Graf, Philipp, Primus_2017_the_interaction_between",1,Tim Graf; Markus Philipp; Beatrice Primus,2017.0,The interaction between telicity and agentivity: Experimental evidence from intransitive verbs in German and Chinese,Lingua,https://doi.org/10.1016/j.lingua.2017.08.006,acceptability judgement; acceptability judgment; acceptability rating; grammaticality judgement; grammaticality judgment; grammaticality rating; meta-linguistic judgement; meta-linguistic judgment; meta-linguistic rating; ordinal ratings; sentence judgement; sentence judgment; syntactic judgement ; syntactic judgment,100,95,Not Reported,Students (unspecified),University affiliation,Not Reported,Language background; Gender / Sex; Education,German,3,1,8,Yes,12,Within-subjects,NA,Yes,Intermixed,Semi-random,24,0,0,Not Reported,Fairly confident,96,12,24,Yes,Semantics; Syntax,Fully Constructed,Other; Semantics,Yes,Not Reported,Fairly confident,The participants were asked to judge the items on a bipolar four-point scale regarding linguistic acceptability (“sprachliche Akzeptabilität”).,acceptability,Ordinal (Likert),4,Isolation,Written,Not Reported,Not Reported,Paper,Not Reported,Not Reported,Not Reported,Not Reported,Not Reported,Not Reported,Fairly confident,Ordinal,Not Reported,R,Mixed-Effects Regression,No,Participant; Items,Yes,Not Reported,Not Reported,Not Reported,Not Reported,Not Reported,Not Reported,NA,Fairly confident,Not Reported,NA,Not Reported,NA,Not Reported,NA,tim.graf@uni-koeln.de,,JG
"Graf, Philipp, Primus_2017_the_interaction_between",2,Tim Graf; Markus Philipp; Beatrice Primus,2017.0,The interaction between telicity and agentivity: Experimental evidence from intransitive verbs in German and Chinese,Lingua,https://doi.org/10.1016/j.lingua.2017.08.006,acceptability judgement; acceptability judgment; acceptability rating; grammaticality judgement; grammaticality judgment; grammaticality rating; meta-linguistic judgement; meta-linguistic judgment; meta-linguistic rating; ordinal ratings; sentence judgement; sentence judgment; syntactic judgement ; syntactic judgment,52,52,Not Reported,Students (unspecified),University affiliation,Not Reported,Language background; Gender / Sex; Education,Chinese,3,2,8,Yes,10,Within-subjects,NA,Yes,Intermixed,Semi-random,52,0,0,Not Reported,Fairly confident,80,20,32,Yes,Semantics; Syntax,Fully Constructed,Other; Semantics,Yes,Not Reported,Fairly confident,The participants were asked to judge the items on a bipolar four-point scale regarding their linguistic adequacy.,other,Ordinal (Likert),4,Isolation,Written,Not Reported,Not Reported,Paper,Not Reported,Yes,Not Reported,Not Reported,Not Reported,Not Reported,Fairly confident,Ordinal,Not Reported,R,Mixed-Effects Regression,No,Participant; Items,Yes,Not Reported,Not Reported,Not Reported,Not Reported,Not Reported,Not Reported,NA,Fairly confident,Not Reported,NA,Not Reported,NA,Not Reported,NA,tim.graf@uni-koeln.de,Rate items on 'adequacy',JG
"González-Vilbazo, López_2011_some_properties_of",1,Kay González-Vilbazo; Luis López,2011.0,Some properties of light verbs in code-switching,Lingua,https://doi.org/10.1016/j.lingua.2010.11.011,Likert scale; acceptability judgement; acceptability judgment; grammaticality judgement; grammaticality judgment; linguistic intuition judgement; linguistic intuition judgment; sentence judgement; sentence judgment; syntactic judgement ; syntactic judgment,82,Not Reported,Not Reported,Students (unspecified),Mixed,Not Reported,Age; Region; Language background; Education,Spanish/German,1,1,Not Reported,No,Not Reported,Not Reported,NA,Not Reported,Not Reported,Not Reported,Not Reported,0,0,Not Reported,Slightly confident,Not Reported,Not Reported,Not Reported,No,Syntax,Not Reported,Not Reported,Not Reported,Not Reported,Slightly confident,The subjects filled written grammaticality judgment questionnaires including German/Spanish code-switching stimuli individually,grammaticality,Not Reported,Not Reported,Not Reported,Not Reported,Not Reported,Not Reported,Not Reported,Not Reported,Not Reported,Not Reported,Not Reported,Not Reported,Not Reported,Slightly confident,Not Reported,Not Reported,Not Reported,Not Reported,No,Not Reported,Not Reported,Not Reported,Not Reported,Not Reported,Not Reported,Not Reported,Not Reported,NA,Slightly confident,Not Reported,NA,Not Reported,NA,Not Reported,NA,kgv@uic.edu,"No details of AJTs given. ""The subjects filled written grammaticality judgment questionnaires including German/Spanish code-switching stimuli individually."" 3 additional participants provided judgments on a 1-5 scale",JG
Yoon_2011_a_structural_asymmetry,1,Suwon Yoon,2011.0,A structural asymmetry in intervention effects,Lingua,https://doi.org/10.1016/j.lingua.2010.12.006,acceptability judgement; acceptability judgment; grammaticality judgement; grammaticality judgment; linguistic intuition judgement; linguistic intuition judgment; magnitude estimation; sentence judgement; sentence judgment; syntactic judgement ; syntactic judgment,13,,,Mixed,University affiliation,Not Reported,Language background; Education,Korean,2,1,2,No,6,Within-subjects,NA,Not Reported,Not Reported,Not Reported,12,0,0,Not Reported,Fairly confident,12,12,Not Reported,Yes,Syntax,Fully Constructed,Not Reported,Not Reported,Not Reported,Fairly confident,"the written direction instructed the subjects are required to score each sentence based on their intuition regarding structural well-formedness (i.e., whether a given sentence is a possible Korean sentence) and interpretability (i.e., whether a given sentence obtains the intended reading)",other,Continuous,ME,Magnitude Estimation,Written,Not Reported,Not Reported,Not Reported,Not Reported,Not Reported,Not Reported,Not Reported,Not Reported,Not Reported,Slightly confident,Continuous,Not Reported,Not Reported,Not Reported,No,Not Reported,Not Reported,Not Reported,Not Reported,Not Reported,Not Reported,Not Reported,Not Reported,NA,Slightly confident,Not Reported,NA,Not Reported,NA,Not Reported,NA,suwon@uchicago.edu,"The author clearly states (p947) that they use Magnitude Estimation, yet they report scores (p.948) ranging from 0-6!?",JG
"Lewandowski, Mateu_2020_motion_events_again",1,Wojciech Lewandowski; Jaume Mateu,2020.0,Motion events again: Delimiting constructional patterns,Lingua,https://doi.org/10.1016/j.lingua.2020.102956,Likert scale; acceptability judgement; acceptability judgment; acceptability rating; grammaticality judgement; grammaticality judgment; grammaticality rating; intuitive judgement; intuitive judgment; linguistic intuition judgement; linguistic intuition judgment; linguistic intuition rating; sentence judgement; sentence judgment; syntactic judgement ; syntactic judgment,20,Not Reported,20,Not Reported,Not Reported,Not Reported,Gender / Sex; Age; Language background; Region,Spanish,1,1,2,No,4,Within-subjects,NA,Not Reported,Not Reported,Not Reported,16,0,0,Not Reported,Fairly confident,8,8,8,Yes,Syntax; Semantics,Fully Constructed,Not Reported,Not Reported,Not Reported,Fairly confident,Participants were asked to judge the acceptability of each sentence on a 7-point Likert scale from 1 (totally unacceptable) to 7 (totally acceptable).,acceptability,Ordinal (Likert),7,Isolation,Written,Not Reported,Not Reported,Computer-based,Not Reported,No,Not Reported,Not Reported,Not Reported,Not Reported,Fairly confident,Continuous,Not Reported,Not Reported,Descriptive only,No,Not Reported,Not Reported,Not Reported,Not Reported,Not Reported,Not Reported,Not Reported,Not Reported,NA,Fairly confident,Published in article,NA,Not Reported,NA,Not Reported,NA,woj.lewandowski@gmail.com,,JG
"Ionin, Montrul, Santos_2011_an_experimental_investigation",1,Tania Ionin; Silvina Montrul; Hélade Santos,2011.0,"An experimental investigation of the expression of genericity in English, Spanish and Brazilian Portuguese",Lingua,https://doi.org/10.1016/j.lingua.2010.12.008,acceptability judgement; acceptability judgment; acceptability rating; grammaticality judgement; grammaticality judgment; grammaticality rating; linguistic intuition judgement; linguistic intuition judgment; linguistic intuition rating; naïve rating; sentence judgement; sentence judgment; syntactic judgement ; syntactic judgment,57,Not Reported,Mixed,Not Reported,Not Reported,Not Reported,Language background; Age; Gender / Sex; Region; Education,English; Spanish; Brazilian Portuguese,1,1,20,No,1,Between-subjects,Language,Yes,Blocks,Random,40,0,0,Not Reported,Fairly confident,20,20,20,Yes,Semantics,Fully Constructed,Not Reported,Not Reported,Not Reported,Fairly confident,"The participants were asked to rate each sentence for its (un)acceptability in the context of the story, using a scale from 1 (unacceptable) to 4 (acceptable). ",acceptability,Ordinal (Likert),4,Isolation,Written,Not Reported,Not Reported,Computer-based,Not Reported,No,Not Reported,Not Reported,Not Reported,Not Reported,Fairly confident,Continuous,Not Reported,Not Reported,ANOVA,No,Not Reported,Not Reported,Not Reported,Not Reported,Not Reported,Not Reported,Not Reported,Not Reported,NA,Fairly confident,Not Reported,NA,Not Reported,NA,Not Reported,NA,tionin@illinois.edu,,JG
"Skopeteas, Fanselow_2011_focus_and_the",1,Stavros Skopeteas; Gisbert Fanselow,2011.0,Focus and the exclusion of alternatives: On the interaction of syntactic structure with pragmatic inference,Lingua,https://doi.org/10.1016/j.lingua.2011.05.005,acceptability judgement; acceptability judgment; grammaticality judgement; grammaticality judgment; linguistic intuition judgement; linguistic intuition judgment; sentence judgement; sentence judgment; syntactic judgement ; syntactic judgment,,,,Not Reported,Not Reported,Not Reported,Not Reported,Not Reported,1,1,,,,Within-subjects,NA,Not Reported,Not Reported,Not Reported,,0,0,Not Reported,,,,Not Reported,,Not Reported,Not Reported,Not Reported,Not Reported,Not Reported,,,Not Reported,Not Reported,,Isolation,Written,Not Reported,Not Reported,Not Reported,Not Reported,Not Reported,Not Reported,Not Reported,Not Reported,Not Reported,,,Not Reported,Not Reported,Not Reported,No,Not Reported,Not Reported,Not Reported,Not Reported,Not Reported,Not Reported,Not Reported,Not Reported,NA,,Not Reported,NA,Not Reported,NA,Not Reported,NA,stavros.skopeteas@uni-bielefeld.de,"Exclude; not an acceptability judgment task (""he speakers had to express their judgment on a 7 point scale, with the value 7 expressing that further alternatives are possible and the value 1 expressing that such alternatives are excluded."")",JG
Slioussar_2011_russian_and_the,1,Natalia Slioussar,2011.0,Russian and the EPP requirement in the Tense domain,Lingua,https://doi.org/10.1016/j.lingua.2011.07.009,acceptability judgement; acceptability judgment; acceptability rating; grammaticality judgement; grammaticality judgment; grammaticality rating; linguistic intuition judgement; linguistic intuition judgment; linguistic intuition rating; sentence judgement; sentence judgment; syntactic judgement ; syntactic judgment,20,Not Reported,20,Not Reported,Not Reported,Not Reported,Region; Language background,Russian,1,1,Not Reported,No,Not Reported,Within-subjects,NA,Not Reported,Not Reported,Not Reported,Not Reported,0,0,Not Reported,Slightly confident,23,23,Not Reported,No,Syntax,Fully Constructed,Not Reported,Not Reported,Not Reported,Fairly confident,"The instructions asked them to judge sentences using five symbols: ‘ok’ (normal), ‘?’ (slightly odd), ‘??’ (rather odd, but possible), ‘???’ (almost impossible, but not ungrammatical) and ‘*’ (impossible). ",other,Ordinal (Likert),5,Isolation,Written,Not Reported,Not Reported,Paper,Not Reported,Not Reported,Not Reported,Not Reported,Not Reported,Not Reported,Slightly confident,Ordinal,Not Reported,Not Reported,Not Reported,No,Not Reported,Not Reported,Not Reported,Not Reported,Not Reported,Not Reported,Not Reported,Not Reported,NA,Slightly confident,Published in article,NA,Not Reported,NA,Not Reported,NA,slioussar@gmail.com,,JG
Nykiel_2013_clefts_and_preposition,1,Joanna Nykiel,2013.0,Clefts and preposition omission under sluicing,Lingua,https://doi.org/10.1016/j.lingua.2012.10.011,acceptability judgement; acceptability judgment; acceptability rating; grammaticality judgement; grammaticality judgment; grammaticality rating; intuitive judgement; intuitive judgment; sentence judgement; sentence judgment; syntactic judgement ; syntactic judgment,40,Not Reported,Not Reported,Students (unspecified),University affiliation,University credit,Language background,Polish,4,1,4,No,12,Within-subjects,NA,Not Reported,Intermixed,Random,36,6,0,Not Reported,Fairly confident,48,12,24,No,Not Reported; Syntax,Fully Constructed,Not Reported,Not Reported,Not Reported,Fairly confident,"Participants rated the acceptability of each sentence on a seven-point scale, with 7 for ‘fully normal and understandable’, and 1 for ‘very odd, awkward or difficult to understand’. ",other,Ordinal (Likert),7,Isolation,Written,Not Reported,Not Reported,Not Reported,Not Reported,Not Reported,Not Reported,Not Reported,Not Reported,Not Reported,Fairly confident,Continuous,Z-score,R,Mixed-Effects Regression,No,Participant; Items,Not Reported,Not Reported,Not Reported,Not Reported,Not Reported,Not Reported,Not Reported,NA,Fairly confident,Published in article,NA,Not Reported,NA,Not Reported,NA,joanna.nykiel@us.edu.pl,Not sure if they z-scored ratings or not.,JG
Nykiel_2013_clefts_and_preposition,2,Joanna Nykiel,2013.0,Clefts and preposition omission under sluicing,Lingua,https://doi.org/10.1016/j.lingua.2012.10.011,acceptability judgement; acceptability judgment; acceptability rating; grammaticality judgement; grammaticality judgment; grammaticality rating; intuitive judgement; intuitive judgment; sentence judgement; sentence judgment; syntactic judgement ; syntactic judgment,80,Not Reported,Not Reported,Not Reported,Not Reported,Not Reported,Language background,Polish,4,2,8,No,12,Within-subjects,NA,Not Reported,Intermixed,Random,36,6,0,Not Reported,Fairly confident,96,12,24,No,Not Reported; Syntax,Fully Constructed,Not Reported,Not Reported,Not Reported,Fairly confident,"Participants rated the acceptability of each sentence on a seven-point scale, with 7 for ‘fully normal and understandable’, and 1 for ‘very odd, awkward or difficult to understand’. ",other,Ordinal (Likert),7,Isolation,Written,Not Reported,Not Reported,Not Reported,Not Reported,Not Reported,Not Reported,Not Reported,Not Reported,Not Reported,Fairly confident,Continuous,Z-score,R,Mixed-Effects Regression,No,Participant; Items,Not Reported,Not Reported,Not Reported,Not Reported,Not Reported,Not Reported,Not Reported,NA,Fairly confident,Published in article,NA,Not Reported,NA,Not Reported,NA,joanna.nykiel@us.edu.pl,Not sure if they z-scored ratings or not.,JG
Nykiel_2013_clefts_and_preposition,3,Joanna Nykiel,2013.0,Clefts and preposition omission under sluicing,Lingua,https://doi.org/10.1016/j.lingua.2012.10.011,acceptability judgement; acceptability judgment; acceptability rating; grammaticality judgement; grammaticality judgment; grammaticality rating; intuitive judgement; intuitive judgment; sentence judgement; sentence judgment; syntactic judgement ; syntactic judgment,60,Not Reported,Not Reported,Students (unspecified),University affiliation,University credit,Language background,Polish,4,3,6,No,12,Within-subjects,NA,Not Reported,Intermixed,Random,36,6,0,Not Reported,Fairly confident,72,12,24,No,Syntax,Fully Constructed,Not Reported,Not Reported,Not Reported,Fairly confident,"Participants rated the acceptability of each sentence on a seven-point scale, with 7 for ‘fully normal and understandable’, and 1 for ‘very odd, awkward or difficult to understand’. ",other,Ordinal (Likert),7,Isolation,Written,Not Reported,Not Reported,Not Reported,Not Reported,Not Reported,Not Reported,Not Reported,Not Reported,Not Reported,Fairly confident,Continuous,Z-score,R,Mixed-Effects Regression,No,Participant; Items,Not Reported,Not Reported,Not Reported,Not Reported,Not Reported,Not Reported,Not Reported,NA,Fairly confident,Published in article,NA,Not Reported,NA,Not Reported,NA,joanna.nykiel@us.edu.pl,Not sure if they z-scored ratings or not.,JG
Nykiel_2013_clefts_and_preposition,4,Joanna Nykiel,2013.0,Clefts and preposition omission under sluicing,Lingua,https://doi.org/10.1016/j.lingua.2012.10.011,acceptability judgement; acceptability judgment; acceptability rating; grammaticality judgement; grammaticality judgment; grammaticality rating; intuitive judgement; intuitive judgment; sentence judgement; sentence judgment; syntactic judgement ; syntactic judgment,80,Not Reported,Not Reported,Students (unspecified),University affiliation,University credit,Language background,Polish,4,4,4,No,12,Within-subjects,NA,Not Reported,Intermixed,Random,36,6,0,Not Reported,Fairly confident,48,12,24,No,Syntax,Fully Constructed,Not Reported,Not Reported,Not Reported,Fairly confident,"Participants rated the acceptability of each sentence on a seven-point scale, with 7 for ‘fully normal and understandable’, and 1 for ‘very odd, awkward or difficult to understand’. ",other,Ordinal (Likert),7,Isolation,Written,Not Reported,Not Reported,Not Reported,Not Reported,Not Reported,Not Reported,Not Reported,Not Reported,Not Reported,Fairly confident,Continuous,Z-score,R,Mixed-Effects Regression,No,Participant; Items,Not Reported,Not Reported,Not Reported,Not Reported,Not Reported,Not Reported,Not Reported,NA,Fairly confident,Published in article,NA,Not Reported,NA,Not Reported,NA,joanna.nykiel@us.edu.pl,Not sure if they z-scored ratings or not.,JG
"Jánosi, Craenenbroeck, Wyngaerd_2014_long_split_focalization",1,Adrienn Jánosi; Jeroen Van Craenenbroeck; Guido Vanden Wyngaerd,2014.0,Long split focalization in Hungarian and the typology of A′-dependencies,Lingua,https://doi.org/10.1016/j.lingua.2014.07.009,acceptability judgement; acceptability judgment; acceptability rating; grammaticality judgement; grammaticality judgment; grammaticality rating; sentence judgement; sentence judgment; syntactic judgement ; syntactic judgment,83,Not Reported,Not Reported,Mixed,Not Reported,Not Reported,Age; Education; Region; Language background,Hungarian,1,1,Unclear,No,Not Reported,Within-subjects,NA,Not Reported,Not Reported,Not Reported,123,0,0,Not Reported,Slightly confident,91,Not Reported,32,Yes,Syntax,Fully Constructed,Not Reported,Not Reported,Not Reported,Slightly confident,The informants were asked to judge each sentence on a scale of 1 (unacceptable) to 5 (perfectly acceptable),acceptability,Ordinal (Likert),5,Isolation,Written,Not Reported,Not Reported,Not Reported,Not Reported,Not Reported,Not Reported,Not Reported,Not Reported,Not Reported,Slightly confident,Continuous,Not Reported,Not Reported,t-test,No,Not Reported,Not Reported,.05,Not Reported,Not Reported,Not Reported,Not Reported,Not Reported,NA,Fairly confident,Public Repository,https://www.crissp.be/wp-content/uploads/2012/05/questionnaire_lsf.pdf,Not Reported,NA,Not Reported,NA,ad.janosi@gmail.com,Very little detail on questionnaire procedure or experimental design.,JG
"Méndez, Rothman, Slabakova_2015_discoursesensitive_cliticdoubled_dislocations",1,Tania Leal Méndez; Jason Rothman; Roumyana Slabakova,2015.0,Discourse-sensitive clitic-doubled dislocations in heritage Spanish,Lingua,https://doi.org/10.1016/j.lingua.2014.01.002,Likert scale; acceptability judgement; acceptability judgment; acceptability rating; grammaticality judgement; grammaticality judgment; grammaticality rating; sentence judgement; sentence judgment; syntactic judgement ; syntactic judgment,94,Not Reported,Not Reported,Students (unspecified),Not Reported,Mixed,Language background; Region; Gender / Sex; Age,Spanish,1,1,12,No,10,Mixed,Native vs. Heritage speaker; proficiency,Yes,Not Reported,Not Reported,80,0,0,Not Reported,Slightly confident,60,60,20,No,Syntax,Fully Constructed,Not Reported,Not Reported,Yes,Slightly confident,"Participants evaluated the felicity of each answer on a 4-point Likert scale, ranging from ‘‘Perfect’’ to ‘‘Very strange.’’ Participants were also provided with an ‘‘I don’t know’’ option.",other,Ordinal (Likert),4,Isolation,Audio,Not Reported,Self-paced,Computer-based,Not Reported,Yes,Not Reported,Not Reported,Not Reported,Not Reported,Slightly confident,Continuous,Not Reported,Not Reported,ANOVA,No,Participant; Items,Not Reported,Not Reported,Not Reported,Not Reported,Not Reported,Not Reported,Not Reported,NA,Slightly confident,Published in supplement,NA,Not Reported,NA,Not Reported,NA,roumyana-slabakova@uiowa.edu,Each 'item' consisted of a context followed by two sentences (clitic/no clitic),JG
"Francis, Lam, Matthews_2015_resumptive_pronouns_structural",1,Elaine J. Francis; Charles Lam; Stephen Matthews,2015.0,"Resumptive pronouns, structural complexity, and the elusive distinction between grammar and performance: Evidence from Cantonese",Lingua,https://doi.org/10.1016/j.lingua.2015.04.006,acceptability judgement; acceptability judgment; acceptability rating; grammaticality judgement; grammaticality judgment; grammaticality rating; linguistic intuition judgement; linguistic intuition judgment; linguistic intuition rating; sentence judgement; sentence judgment; syntactic judgement ; syntactic judgment,22,Not Reported,22,Mixed,Mixed,Paid directly,Gender / Sex; Language background; Age,Cantonese,2,1,12,Yes,5,Within-subjects,NA,Yes,Blocks,Random,120,0,0,Not Reported,Very confident,60,60,60,Yes,Syntax,Fully Constructed,Semantics; Other,Yes,Not Reported,Very confident,"Participants were asked to rate the sentence stimuli on a seven-point scale, with ‘‘1’’ being completely unacceptable and ‘‘7’’ being fully acceptable.",acceptability,Ordinal (Likert),7,Isolation,Audio,Not Reported,Not Reported,Computer-based,Yes,Yes,Yes,Not Reported,Not Reported,Not Reported,Very confident,Continuous,Not Reported,Not Reported,Mixed-Effects Regression,No,Participant,Not Reported,Not Reported,Not Reported,Not Reported,Not Reported,Not Reported,Not Reported,NA,Fairly confident,Published in article,NA,Not Reported,NA,Not Reported,NA,ejfranci@purdue.edu,Very clear description; Second experiment is elicited production,JG
Culbertson_2010_convergent_evidence_for,1,Jennifer Culbertson,2010.0,Convergent evidence for categorial change in French: From subject clitic to agreement marker,Language,https://doi.org/10.1353/lan.0.0183,acceptability judgment; grammaticality judgment; linguistic intuition judgment; sentence judgment; syntactic judgment,38,Not Reported,Not Reported,Not Reported,Not Reported,Not Reported,Age; Language background,French,1,1,12,No,Not Reported,Within-subjects,NA,Not Reported,Not Reported,Not Reported,Not Reported,0,0,Not Reported,Slightly confident,Not Reported,Not Reported,Not Reported,No,Syntax,Fully Constructed,Not Reported,Not Reported,Yes,Slightly confident,"Scale provided during the instruction phase:
1. Parfaite: La phrase vous paraît parfaite. 'Perfect: The sentence sounds perfect to you.'
2. Acceptable: La phrase n'est pas parfaite mais vous pourriez Γ utiliser comme réponse à la question qui
la précède. 'Acceptable: The sentence is not perfect, but you could use itas an answer to the preceding
question.'
3. Je ne sais pas: Vous ne savez pas si vous pourriez Γ utiliser comme réponse à la question qui la précède.
Ί don't know: You do not know if you could use itas an answer to the preceding question.'
4. Maladroite: La phrase est bizarre comme réponse à la question qui la précède. Il est peu probable que
vous pourriez Γ utiliser. 'Awkward: The sentence is bizarre as an answer to the preceding question. It is
not very likely that you could use it.'
5. Atroce: Jamais vous ne pourriez utiliser cette phrase comme réponse à la question qui la précède. 'Terrible: You could never use that sentence as an answer to the preceding question.'
Scale provided during testing:
1: Parfaite 2: Acceptable 3: Je ne sais pas 4: Maladroite 5: Atroce",acceptability; plausibility; appropriateness,Ordinal (Likert),5,Isolation,Written,Not Reported,Not Reported,Not Reported,Not Reported,Not Reported,Not Reported,Not Reported,Not Reported,Not Reported,Slightly confident,Continuous,Not Reported,Not Reported,ANOVA,No,Not Reported,Not Reported,Not Reported,Not Reported,Not Reported,Not Reported,Not Reported,Not Reported,NA,Slightly confident,Not Reported,NA,Not Reported,NA,Not Reported,NA,culbertson@cogsci.jhu.edu,Very sparse description on pp. 111-112. Uncertain how many items or how the items were presented.,JG
Overfelt_2015_extraposition_of_npis,1,Jason Overfelt,2015.0,Extraposition of NPIs from NP,Lingua,https://doi.org/10.1016/j.lingua.2015.06.006,Likert scale; acceptability judgement; acceptability judgment; acceptability rating; grammaticality judgement; grammaticality judgment; grammaticality rating; intuitive judgement; intuitive judgment; linguistic intuition judgement; linguistic intuition judgment; linguistic intuition rating; naturalness judgement; naturalness judgment; naturalness rating; sentence judgement; sentence judgment; syntactic judgement ; syntactic judgment,64,63,Not Reported,Mixed,Online platform,Paid directly,Language background; Gender / Sex; Age,English,1,1,8,No,16,Within-subjects,NA,Yes,Intermixed,Random,54,0,0,Not Reported,Slightly confident,128,16,38,No,Syntax,Fully Constructed,Other,Not Reported,Not Reported,Slightly confident,After providing informed consent they then received a short guided practice for using a 7-point Likert-scale where 1 corresponded to ‘‘Completely Unnatural’’ and 7 corresponded to ‘‘Completely Natural’’.,naturalness,Ordinal (Likert),7,Isolation,Written,Not Reported,Not Reported,Computer-based,Yes,No,Not Reported,Not Reported,Not Reported,Not Reported,Fairly confident,Continuous,Not Reported,Not Reported,Mixed-Effects Regression,No,Participant; Items,Yes,Not Reported,Not Reported,Not Reported,Not Reported,Not Reported,Not Reported,NA,Slightly confident,Published in article,NA,Not Reported,NA,Not Reported,NA,joverfel@linguist.umass.edu,,JG
"Specht, Stolterfoht_2023_processing_word_order",1,Larissa Specht; Britta Stolterfoht,2023.0,Processing word order variations with frame and sentence adjuncts in German: Syntactic and information-structural constraints,Glossa,https://doi.org/10.16995/glossa.8514,Likert scale; acceptability judg(e)ment; acceptability rating; naïve rating; sentence judg(e)ment; syntactic judg(e)ment,36,36,36,Students (unspecified),University affiliation,Paid directly,Age; Education; Language background,German,2,1,4,Yes,6,Within-subjects,NA,Not Reported,Not Reported,Not Reported,72,5,0,Not Reported,Slightly confident,24,24,48,Yes,Syntax,Fully Constructed,Not Reported,Not Reported,No,Slightly confident,"Sentences had to be rated on a 5-point Likert scale, 5 =
perfectly acceptable and 1 = completely unacceptable. The endpoints of the scales were labeled.",acceptability,Ordinal (Likert),5,Isolation,Written,Not Reported,Not Reported,Computer-based,Yes,Yes,Not Reported,Not Reported,Not Reported,Not Reported,Fairly confident,Ordinal,Not Reported,Not Reported,Mixed-Effects Regression,No,Participant; Items,Yes,Not Reported,Not Reported,Not Reported,Not Reported,Not Reported,Not Reported,NA,Fairly confident,Public Repository,https://osf.io/8mcjg/?view_only=2a47e34cf6cb4cf4ad37badfe73a3300,Public Repository,https://osf.io/8mcjg/?view_only=2a47e34cf6cb4cf4ad37badfe73a3300,Not Reported,NA,britta.stolterfoht@uni-tuebingen.de,,LR
"Specht, Stolterfoht_2023_processing_word_order",2,Larissa Specht; Britta Stolterfoht,2023.0,Processing word order variations with frame and sentence adjuncts in German: Syntactic and information-structural constraints,Glossa,https://doi.org/10.16995/glossa.8514,Likert scale; acceptability judg(e)ment; acceptability rating; naïve rating; sentence judg(e)ment; syntactic judg(e)ment,32,32,32,Other non-students,Online platform,Paid directly,Age; Language background,German,2,2,4,Yes,24,Within-subjects,NA,Not Reported,Not Reported,Not Reported,144,0,0,Not Reported,Not confident at all,96,96,48,No,Syntax,Fully Constructed,Not Reported,Not Reported,No,Not confident at all,"In the experiment, sentences had to be rated on a 5-point Likert scale, 5 = perfectly acceptable and 1 = completely unacceptable. The endpoints of the scale were labeled.",acceptability,Ordinal (Likert),5,Isolation,Written,Not Reported,Not Reported,Computer-based,Yes,No,Not Reported,Not Reported,Not Reported,Not Reported,Fairly confident,Ordinal,Not Reported,Not Reported,Mixed-Effects Regression,No,Participant; Items,Yes,Not Reported,Not Reported,Not Reported,Not Reported,Not Reported,Not Reported,NA,Fairly confident,Public Repository,https://osf.io/8mcjg/?view_only=2a47e34cf6cb4cf4ad37badfe73a3300,Public Repository,https://osf.io/8mcjg/?view_only=2a47e34cf6cb4cf4ad37badfe73a3300,Not Reported,NA,britta.stolterfoht@uni-tuebingen.de,Really uncertain about the number of items (and in hindsight that goes for experiment 1 too),LR
"Himmelreich, Hartmann_2023_agreement_with_disjoined",1,Anke Himmelreich; Katharina Hartmann,2023.0,Agreement with disjoined subjects in German,Glossa,https://doi.org/10.16995/glossa.8504,Likert scale; acceptability judg(e)ment; acceptability rating; grammaticality judg(e)ment; grammaticality rating; intuitive judg(e)ment; naïve rating; oridnal rating(s); sentence judg(e)ment; syntactic judg(e)ment,Not reported,67,Not reported,Mixed,Mixed,Other incentive,Age; Language background,German,2,1,16,Yes,Not reported,Mixed,Latin Square,Not Reported,Not Reported,Not Reported,80,0,0,Not Reported,Not confident at all,Not reported,32,48,No,Syntax; Morphology,Fully Constructed,Not Reported,Not Reported,No,Not confident at all,Participants were asked to judge German sentences with disjoined subjects using the Likert scale 1–4.,Not Reported,Ordinal (Likert),4,Isolation,Written,Not Reported,Not Reported,Computer-based,Not Reported,No,Yes,Not Reported,Not Reported,Not Reported,Fairly confident,Ordinal,Not Reported,R,Simple Regression,No,Not Reported,Not Reported,.05,Not Reported,Not Reported,Not Reported,Not Reported,Not Reported,NA,Fairly confident,Public Repository,https://osf.io/5xjfc/?view_only=ea2a29e7b 6fb4630a15ab4e12df7c4aa,Public Repository,https://osf.io/5xjfc/?view_only=ea2a29e7b 6fb4630a15ab4e12df7c4aa,Not Reported,NA,himmelreich@lingua.uni-frankfurt.de,,LR
"Himmelreich, Hartmann_2023_agreement_with_disjoined",2,Anke Himmelreich; Katharina Hartmann,2023.0,Agreement with disjoined subjects in German,Glossa,https://doi.org/10.16995/glossa.8504,Likert scale; acceptability judg(e)ment; acceptability rating; grammaticality judg(e)ment; grammaticality rating; intuitive judg(e)ment; naïve rating; oridnal rating(s); sentence judg(e)ment; syntactic judg(e)ment,Not reported,67,Not reported,Mixed,Mixed,Other incentive,Age; Language background,German,2,2,12,Yes,Not reported,Mixed,Latin Square,Not Reported,Not Reported,Not Reported,72,0,0,Not Reported,Not confident at all,Not reported,24,48,No,Syntax; Morphology,Fully Constructed,Not Reported,Not Reported,No,Not confident at all,Participants were asked to judge German sentences with disjoined subjects using the Likert scale 1–4.,Not Reported,Ordinal (Likert),4,Isolation,Written,Not Reported,Not Reported,Computer-based,Not Reported,No,Yes,Not Reported,Not Reported,Not Reported,Fairly confident,Ordinal,Not Reported,R,Simple Regression,No,Not Reported,Not Reported,.05,Not Reported,Not Reported,Not Reported,Not Reported,Not Reported,NA,Fairly confident,Public Repository,https://osf.io/5xjfc/?view_only=ea2a29e7b 6fb4630a15ab4e12df7c4aa,Public Repository,https://osf.io/5xjfc/?view_only=ea2a29e7b 6fb4630a15ab4e12df7c4aa,Not Reported,NA,himmelreich@lingua.uni-frankfurt.de,,LR
