author,year,journal,title,url,search_term,site
Elaine J. Francis; Stephen Matthews,2006,NL & LT,Categoriality and Object Extraction in Cantonese Serial Verb Constructions,http://www.jstor.org/stable/27642839,acceptability judgment; acceptability rating; grammaticality judgment; grammaticality rating; intuitive judgment; linguistic intuition judgment; linguistic intuition rating; naturalness judgment; naturalness rating; ordianl ratings; sentence judgment; syntactic judgment,JSTOR (1993-2020)
Cécile De Cat,2007,NL & LT,French Dislocation without Movement,http://www.jstor.org/stable/20532990,acceptability judgement; acceptability rating; naturalness judgement; naturalness rating; sentence judgement; syntactic judgement,JSTOR (1993-2020)
Philip Hofmeister,2010,NL & LT,A linearization account of either ... or constructions,http://www.jstor.org/stable/40856166,acceptability judgment; grammaticality judgment; linguistic intuition judgment; naturalness judgment; sentence judgment; syntactic judgment,JSTOR (1993-2020)
Kie Zuraw,2010,NL & LT,A model of lexical variation and the grammar with application to Tagalog nasal substitution,http://www.jstor.org/stable/40856170,acceptability judgment; acceptability rating; naturalness judgment; naturalness rating; sentence judgment,JSTOR (1993-2020)
Kay González-Vilbazo; Luis López,2012,NL & LT,Little v and parametric variation,http://www.jstor.org/stable/41406445,Likert scale; acceptability judgment; grammaticality judgment; naturalness judgment; sentence judgment; syntactic judgment,JSTOR (1993-2020)
Vera Gribanova,2013,NL & LT,Verb-stranding verb phrase ellipsis and the structure of the Russian verbal complex,http://www.jstor.org/stable/42629731,acceptability judgment; acceptability rating; grammaticality judgement; grammaticality judgment; grammaticality rating; naturalness judgment; naturalness rating; sentence judgment; syntactic judgment,JSTOR (1993-2020)
Andrew Radford; Eiichi Iwasaki,2015,NL & LT,On Swiping in English,http://www.jstor.org/stable/43697782,acceptability judgment; acceptability rating; grammaticality judgment; grammaticality rating; naturalness judgment; naturalness rating; sentence judgment; syntactic judgment,JSTOR (1993-2020)
Jon Sprouse; Ivano Caponigro; Ciro Greco; Carlo Cecchetto,2016,NL & LT,Experimental syntax and the variation of island effects in English and Italian,http://www.jstor.org/stable/43698474,Likert scale; acceptability judgment; acceptability rating; grammaticality judgment; grammaticality rating; magnitude estimation; naturalness judgment; naturalness rating; sentence judgment; syntactic judgment,JSTOR (1993-2020)
Stefan Keine; Rajesh Bhatt,2016,NL & LT,Interpreting verb clusters,http://www.jstor.org/stable/26179280,Likert scale; acceptability judgment; acceptability rating; grammaticality judgment; grammaticality rating; naturalness judgment; naturalness rating; sentence judgment; syntactic judgment,JSTOR (1993-2020)
Claudia Poschmann; Michael Wagner,2016,NL & LT,Relative clause extraposition and prosody in German,http://www.jstor.org/stable/24772133,Likert scale; acceptability rating; linguistic intuition rating; magnitude estimation; naturalness rating; ordianl ratings,JSTOR (1993-2020)
Seth Cable,2017,NL & LT,The implicatures of optional past tense in Tlingit and the implications for 'discontinuous past',http://www.jstor.org/stable/45095083,acceptability judgment; acceptability rating; linguistic intuition judgment; linguistic intuition rating; naturalness judgment; naturalness rating; sentence judgment; syntactic judgment,JSTOR (1993-2020)
Dave Kush; Terje Lohndal; Jon Sprouse,2018,NL & LT,Investigating variation in island effects: A case study of Norwegian wh-extraction,http://www.jstor.org/stable/45095230,acceptability judgment; acceptability rating; grammaticality judgment; grammaticality rating; intuitive judgment; linguistic intuition judgment; linguistic intuition rating; magnitude estimation; meta-linguistic judgment; meta-linguistic rating; naturalness judgment; naturalness rating; naïve rating; sentence judgment; syntactic judgment,JSTOR (1993-2020)
Maayan Keshev; Aya Meltzer-Asscher,2019,NL & LT,A processing-based account of subliminal wh-island effects,https://www.jstor.org/stable/45106754,acceptability judgment; acceptability rating; grammaticality judgment; naturalness judgment; naturalness rating; sentence judgment,JSTOR (1993-2020)
Masaya Yoshida; David Potter; Tim Hunter,2019,NL & LT,"Condition C reconstruction, clausal ellipsis and island repair",http://www.jstor.org/stable/45218688,acceptability judgment; acceptability rating; grammaticality judgment; grammaticality rating; intuitive judgment; naturalness judgment; naturalness rating; sentence judgment; syntactic judgment,JSTOR (1993-2020)
Ezra Keshet; David J. Medeiros,2019,NL & LT,Imperatives under coordination,http://www.jstor.org/stable/45199993,Likert scale; acceptability judgment; acceptability rating; intuitive judgment; naturalness judgment; naturalness rating; sentence judgment; syntactic judgment,JSTOR (1993-2020)
Bill Haddican; Anders Holmberg,2019,NL & LT,Object symmetry effects in Germanic: Evidence for the role of case,http://www.jstor.org/stable/45095136,acceptability judgment; acceptability rating; naturalness judgment; naturalness rating; sentence judgment; syntactic judgment,JSTOR (1993-2020)
Benjamin Bruening,2019,NL & LT,Passive do so,http://www.jstor.org/stable/45095134,acceptability judgment; acceptability rating; grammaticality judgment; grammaticality rating; naturalness judgment; naturalness rating; sentence judgment; syntactic judgment,JSTOR (1993-2020)
Peter Jurgec; Jessamyn Schertz,2020,NL & LT,Postalveolar co-occurrence restrictions in Slovenian,https://www.jstor.org/stable/48741727,Likert scale; acceptability judgment; acceptability rating; naturalness judgment; naturalness rating,JSTOR (1993-2020)
Akira Omaki; Shin Fukuda; Chizuru Nakao; Maria Polinsky,2020,NL & LT,"Subextraction in Japanese and subject-object symmetry

",https://www.jstor.org/stable/48741730,Likert scale; acceptability judgment; acceptability rating; linguistic intuition judgment; linguistic intuition rating; naturalness judgment; naturalness rating; sentence judgment; syntactic judgment,JSTOR (1993-2020)
Adrian Stegovec,2020,NL & LT,Taking case out of the Person-Case Constraint,https://www.jstor.org/stable/48741667,grammaticality judgment; linguistic intuition judgment; naturalness judgment; sentence judgment; syntactic judgment,JSTOR (1993-2020)
Eman Al Khalaf,2021,NL & LT,Furthest conjunct agreement in Jordanian Arabic,https://doi.org/10.1007/s11049-021-09515-0,Likert scale; acceptability judgment; acceptability rating; sentence judgment; syntactic judgment,Springer (2021-2023)
Urtzi Etxeberria; Susagna Tubau; ... M. Teresa Espinal,2021,NL & LT,Polarity Items in Basque,https://doi.org/10.1007/s11049-021-09513-2,Likert scale; acceptability judgement; grammaticality judgement; sentence judgement; syntactic judgement,Springer (2021-2023)
Aaron Doliana; Sandhya Sundaresan,2021,NL & LT,Proxy control,https://doi.org/10.1007/s11049-020-09501-y,acceptability judgment; acceptability rating; grammaticality judgment; grammaticality rating; naïve rating; sentence judgment; syntactic judgment,Springer (2021-2023)
Evripidis Tsiakmakis; Joan Borràs-Comes; M. Teresa Espinal,2022,NL & LT,"Greek non-negative min, epistemic modality, and positive bias",https://doi.org/10.1007/s11049-022-09565-y,acceptability judgement; acceptability rating; linguistic intuition judgement; linguistic intuition rating; naturalness judgement; naturalness rating; sentence judgement; syntactic judgement,Springer (2021-2023)
Jutta M. Hartmann; Caroline Heycock,2022,NL & LT,Person effects in agreement with Icelandic low nominatives: An experimental investigation,https://doi.org/10.1007/s11049-022-09564-z,acceptability judgment; acceptability rating; grammaticality judgment; grammaticality rating; magnitude estimation; naturalness judgment; naturalness rating; sentence judgment; syntactic judgment; thermometer rating(s),Springer (2021-2023)
Anne Mucha; Agata Renans; Jacopo Romoli,2022,NL & LT,Sequence of tense and cessation implicatures: evidence from Polish,https://doi.org/10.1007/s11049-022-09545-2,acceptability judgment; ordinal ratings; sentence judgment; syntactic judgment,Springer (2021-2023)
Marwan Jarrah,2023,NL & LT,Passive vs. unaccusative predicates: A phase-based account,https://doi.org/10.1007/s11049-023-09568-3,acceptability judgement; grammaticality judgement; sentence judgement; syntactic judgement,Springer (2021-2023)
Nicholas Sobin,1997,Linguistic Inquiry,"Agreement, Default Rules, and Grammatical Viruses",http://www.jstor.org/stable/4178979,acceptability rating; grammaticality rating; naturalness rating,JSTOR (1993-2018)
Ayumi Matsuo,1999,Linguistic Inquiry,Reciprocity and Binding in Early Child Grammar,http://www.jstor.org/stable/4179064,sentence judgment; syntactic judgment,JSTOR (1993-2018)
Judy B. Bernstein; Wayne Cowart; Dana Mcdaniel,1999,Linguistic Inquiry,Bare Singular Effects in Genitive Constructions,http://www.jstor.org/stable/4179075,acceptability rating; grammaticality rating; linguistic intuition rating,JSTOR (1993-2018)
William Snyder,2000,Linguistic Inquiry,An Experimental Investigation of Syntactic Satiation Effects,http://www.jstor.org/stable/4179121,acceptability judgment; acceptability rating; grammaticality judgment; grammaticality rating; sentence judgment; syntactic judgment,JSTOR (1993-2018)
Charles Clifton; Jr.; Gisbert Fanselow; Lyn Frazier,2006,Linguistic Inquiry,Amnestying Superiority Violations: Processing Multiple Questions,http://www.jstor.org/stable/4179350,acceptability judgment; acceptability rating; grammaticality judgment; grammaticality rating; intuitive judgment; linguistic intuition judgment; linguistic intuition rating; sentence judgment; syntactic judgment,JSTOR (1993-2018)
Chung-Hye Han; Jeffrey Lidz; Julien Musolino,2007,Linguistic Inquiry,V-Raising and Grammar Competition in Korean: Evidence from Negation and Quantifier Scope,http://www.jstor.org/stable/4179396,grammaticality judgment; sentence judgment; syntactic judgment,JSTOR (1993-2018)
Jon Sprouse,2009,Linguistic Inquiry,Revisiting Satiation: Evidence for an Equalization Response Strategy,http://www.jstor.org/stable/40284316,acceptability judgment; acceptability rating; grammaticality judgment; grammaticality rating; magnitude estimation; naturalness judgment; naturalness rating; naïve rating; sentence judgment; syntactic judgment,JSTOR (1993-2018)
Charles Clifton; Jr.; Lyn Frazier,2010,Linguistic Inquiry,When Are Downward-Entailing Contexts Identified? The Case of the Domain Widener Ever,http://www.jstor.org/stable/40926400,acceptability judgment; acceptability rating; sentence judgment; syntactic judgment,JSTOR (1993-2018)
Dominique Sportiche,2011,Linguistic Inquiry,French Relative Qui,http://www.jstor.org/stable/23011909,sentence judgment; syntactic judgment,JSTOR (1993-2018)
Dustin Heestand; Ming Xiang; Maria Polinsky,2011,Linguistic Inquiry,RESUMPTION STILL DOES NOT RESCUE ISLANDS,http://www.jstor.org/stable/23011912,acceptability judgment; acceptability rating; grammaticality judgment; grammaticality rating; linguistic intuition judgment; linguistic intuition rating; sentence judgment; syntactic judgment,JSTOR (1993-2018)
Roey J. Gafter,2014,Linguistic Inquiry,The Distribution of the Hebrew Possessive Dative Construction: Guided by Unaccusativity or Prominence?,http://www.jstor.org/stable/43695655,acceptability judgment; acceptability rating; grammaticality judgment; grammaticality rating; linguistic intuition judgment; linguistic intuition rating; sentence judgment; syntactic judgment,JSTOR (1993-2018)
Valentina Bianchi; Cristiano Chesi,2014,Linguistic Inquiry,"Subject Islands, Reconstruction, and the Flow of the Computation",http://www.jstor.org/stable/43695659,acceptability judgment; grammaticality judgment; naturalness judgment; sentence judgment; syntactic judgment,JSTOR (1993-2018)
Benjamin Bruening,2014,Linguistic Inquiry,Defects of Defective Intervention,http://www.jstor.org/stable/43695664,acceptability rating; grammaticality rating,JSTOR (1993-2018)
Kristen Syrett,2015,Linguistic Inquiry,Experimental Support for Inverse Scope Readings of Finite-Clause-Embedded Antecedent-Contained-Deletion Sentences,http://www.jstor.org/stable/43695693,sentence judgment; syntactic judgment,JSTOR (1993-2018)
Josef Bayer; Jana Häussler; Markus Bader,2016,Linguistic Inquiry,A New Diagnostic for Cyclic Wh-Movement: Discourse Particles in German Questions,http://www.jstor.org/stable/24916986,acceptability judgment; acceptability rating; grammaticality judgment; grammaticality rating; linguistic intuition judgment; linguistic intuition rating; naïve rating; sentence judgment; syntactic judgment; thermometer rating; thermometer ratings,JSTOR (1993-2018)
Luis López,2018,Linguistic Inquiry,Case and the Event Structure of Nominalizations,https://www.jstor.org/stable/26799897,acceptability judgment; linguistic intuition judgment; sentence judgment; syntactic judgment,JSTOR (1993-2018)
Keir Moulton; Queenie Chan; Tanie Cheng; Chung-Hye Han; Kyeong-Min Kim; Sophie Nickel-Thompson,2018,Linguistic Inquiry,Focus on Cataphora: Experiments in Context,https://www.jstor.org/stable/26799899,acceptability rating; linguistic intuition rating; naturalness rating,JSTOR (1993-2018)
Thomas Grano; Howard Lasnik,2018,Linguistic Inquiry,How to Neutralize a Finite Clause Boundary: Phase Theory and the Grammar of Bound Pronouns,https://www.jstor.org/stable/26799912,Likert scale; acceptability judgment; acceptability rating; grammaticality judgment; grammaticality rating; linguistic intuition judgment; linguistic intuition rating; ordinal ratings; sentence judgment; syntactic judgment,JSTOR (1993-2018)
Tania Ionin; Tatiana Luchkina,2018,Linguistic Inquiry,"Focus on Russian Scope: An Experimental Investigation of the Relationship between Quantifier Scope, Prosody, and Information Structure",https://www.jstor.org/stable/26858265,acceptability judgment; sentence judgment; syntactic judgment,JSTOR (1993-2018)
Lauren Ackerman; Michael Frazier; Masaya Yoshida,2018,Linguistic Inquiry,Resumptive Pronouns Can Ameliorate Illicit Island Extractions,https://www.jstor.org/stable/26858268,Likert scale; acceptability judgment; acceptability rating; grammaticality judgment; grammaticality rating; magnitude estimation; sentence judgment; syntactic judgment,JSTOR (1993-2018)
Adam Milton Morgan; Matthew W. Wagers,2018,Linguistic Inquiry,English Resumptive Pronouns Are More Common Where Gaps Are Less Acceptable,https://www.jstor.org/stable/26858269,Likert scale; acceptability judgment; acceptability rating; grammaticality judgment; grammaticality rating; linguistic intuition judgment; linguistic intuition rating; sentence judgment; syntactic judgment,JSTOR (1993-2018)
Anikó Lipták,2020,Linguistic Inquiry,Fragments with Correction,https://www.muse.jhu.edu/article/746390,linguistic intuition judgment; linguistic intuition rating; naturalness judgment; naturalness rating; syntactic judgment,Project Muse (2019-2023)
Chung-Hye Han; Kyeong-Min Kim; Keir Moulton; Jeffrey Lidz,2020,Linguistic Inquiry,Null Objects in Korean: Experimental Evidence for the Argument Ellipsis Analysis,https://www.muse.jhu.edu/article/752744,sentence judgment ; syntactic judgment,Project Muse (2019-2023)
Dganit Jenia Kim; Tal Siloni,2020,Linguistic Inquiry,The Dative Dispositional Construction in Russian,https://www.muse.jhu.edu/article/752751,acceptability rating; grammaticality rating,Project Muse (2019-2023)
Ad Neeleman; Amanda Payne,2020,Linguistic Inquiry,PP-Extraposition and the Order of Adverbials in English,https://www.muse.jhu.edu/article/760252,Likert scale; sentence judgment ; syntactic judgment,Project Muse (2019-2023)
Jiayi Lu; Cynthia K. Thompson; Masaya Yoshida,2020,Linguistic Inquiry,Chinese Wh-in-Situ and Islands: A Formal Judgment Study,https://www.muse.jhu.edu/article/760257.,acceptability judgment,Project Muse (2019-2023)
David J. Medeiros; Paul Mains; Kevin B. Mcgowan,2021,Linguistic Inquiry,Ceiling Effects on Weight in Heavy NP Shift,https://www.muse.jhu.edu/article/788376,Likert scale; acceptability judgment; sentence judgment ; syntactic judgment,Project Muse (2019-2023)
Hotze Rullman; Marianne Huijsmans; Lisa Matthewson; Neda Todorović,2023,Linguistic Inquiry,Why Plain Futurates Are Different,https://www.muse.jhu.edu/article/875909,Likert scale; acceptability judgment; acceptability rating; sentence judgment,Project Muse (2019-2023)
Philippe Schlenker,2023,Linguistic Inquiry,Supplements without Bidimensionalism,https://www.muse.jhu.edu/article/885493,acceptability judgment; sentence judgment ; syntactic judgment,Project Muse (2019-2023)
Stefan A. Frisch; Bushra Adnan Zawaydeh,2001,Language,The Psychological Reality of OCP-Place in Arabic,https://doi.org/10.1353/lan.2001.0014,acceptability rating; grammaticality rating,Project Muse (1993-2023)
Adam Albright,2002,Language,Islands of Reliability for Regular Morphology: Evidence from Italian,https://doi.org/10.1353/lan.2003.0002,acceptability rating; linguistic intuition rating,Project Muse (1993-2023)
Thorhallur Eythorsson; Johanna Baredal,2005,Language,Oblique Subjects: A Common Germanic Inheritance,https://doi.org/10.1353/lan.2005.0173,acceptability judgment; grammaticality judgment; sentence judgment; syntactic judgment,Project Muse (1993-2023)
Joan L. Bybee; David Eddington,2006,Language,A Usage-based Approach to Spanish Verbs of 'Becoming',https://doi.org/10.1353/lan.2006.0081,Likert scale; acceptability judgment; acceptability rating; grammaticality judgment; grammaticality rating; sentence judgment; syntactic judgment,Project Muse (1993-2023)
Colin Phillips,2006,Language,The Real-Time Status of Island Phenomena,https://doi.org/10.1353/lan.2006.0217,acceptability judgment; acceptability rating; grammaticality judgment; grammaticality rating; naïve rating; sentence judgment; syntactic judgment,Project Muse (1993-2023)
Theodora Alexopoulou; Frank Keller,2007,Language,"Locality, Cyclicity, and Resumption: At the Interface between the Grammar and the Human Sentence Processor",https://doi.org/10.1353/lan.2007.0001,acceptability judgment; grammaticality judgment; intuitive judgment; linguistic intuition judgment; linguistic intuition rating; magnitude estimation; sentence judgment; syntactic judgment,Project Muse (1993-2023)
Bruce Hayes; Kie Zuraw; Péter Siptár; Zsuzsa Londe,2009,Language,Natural and Unnatural Constraints in Hungarian Vowel Harmony,https://doi.org/10.1353/lan.0.0169,acceptability judgment; acceptability rating; intuitive judgment; linguistic intuition judgment; linguistic intuition rating; naturalness judgment; naturalness rating; sentence judgment,Project Muse (1993-2023)
Jennifer Culbertson,2010,Language,Convergent evidence for categorial change in French: From subject clitic to agreement marker,https://doi.org/10.1353/lan.0.0183,acceptability judgment; grammaticality judgment; linguistic intuition judgment; sentence judgment; syntactic judgment,Project Muse (1993-2023)
Joan Bresnan; Marilyn Ford,2010,Language,Predicting syntax: Processing dative constructions in American and Australian varieties of English,https://doi.org/10.1353/lan.0.0189,acceptability judgment; acceptability rating; intuitive judgment; linguistic intuition rating; magnitude estimation; naturalness judgment; naturalness rating; sentence judgment; syntactic judgment,Project Muse (1993-2023)
Gregory Scontras; Edward Gibson,2011,Language,A quantitative investigation of the imperative-and-declarative construction in English,https://doi.org/10.1353/lan.2011.0079,acceptability judgment; acceptability rating; grammaticality judgment; grammaticality rating; intuitive judgment; linguistic intuition rating; naturalness judgment; naturalness rating; naïve rating; sentence judgment; syntactic judgment,Project Muse (1993-2023)
Jon Sprouse,2011,Language,A Test of the Cognitive Assumptions of Magnitude Estimation: Commutativity does not Hold for Acceptability Judgments,https://doi.org/10.1353/lan.2011.0028,Likert scale; acceptability judgment; acceptability rating; grammaticality judgment; grammaticality rating; intuitive judgment; linguistic intuition rating; magnitude estimation; ordinal ratings; sentence judgment; syntactic judgment ; thermometer rating; thermometer ratings,Project Muse (1993-2023)
Thomas Weskott; Gisbert Fanselow,2011,Language,On the Informativity of Different Measures of Linguistic Acceptability,https://doi.org/10.1353/lan.2011.0041,acceptability judgment; acceptability rating; grammaticality judgment; grammaticality rating; intuitive judgment; linguistic intuition rating; magnitude estimation; naïve rating; ordinal ratings; sentence judgment; syntactic judgment,Project Muse (1993-2023)
Lyn Frazier; Charles Clifton Jr.,2011,Language,Quantifiers Undone: Reversing Predictable Speech Errors in Comprehension,https://doi.org/10.1353/lan.2011.0024,acceptability judgment; acceptability rating; grammaticality judgment; grammaticality rating; sentence judgment; syntactic judgment,Project Muse (1993-2023)
Jon Sprouse; Matt Wagers; Colin Phillips,2012,Language,A test of the relation between working-memory capacity and syntactic island effects,https://doi.org/10.1353/lan.2012.0004,Likert scale; acceptability judgment; acceptability rating; grammaticality judgment; grammaticality rating; intuitive judgment; linguistic intuition judgment; linguistic intuition rating; magnitude estimation; sentence judgment; syntactic judgment,Project Muse (1993-2023)
Caroline Heycock; Antonella Sorace; Zakaris Svabo Hansen; Frances Wilson; Sten Vikner,2012,Language,Detecting the Late Stages of Syntactic Change: The Loss of V-to-T in Faroese,https://doi.org/10.1353/lan.2012.0053,acceptability judgment; grammaticality judgment; magnitude estimation; sentence judgment; syntactic judgment,Project Muse (1993-2023)
Ben Ambridge; Julian M. Pine; Caroline F. Rowland; Franklin Chang,2012,Language,"The roles of verb semantics, entrenchment, and morphophonology in the retreat from dative argument-structure overgeneralization errors",https://doi.org/10.1353/lan.2012.0000,acceptability judgment; acceptability rating; grammaticality judgment; grammaticality rating; sentence judgment; syntactic judgment,Project Muse (1993-2023)
Laia Mayol; Elena Castroviejo,2013,Language,(Non)integrated evaluative adverbs in questions: A cross-Romance study,https://doi.org/10.1353/lan.2013.0030,acceptability rating; grammaticality rating; linguistic intuition rating; magnitude estimation; naïve rating,Project Muse (1993-2023)
Magdalena Kaufmann; Claudia Poschmann,2013,Language,Embedded imperatives: Empirical evidence from Colloquial German,https://doi.org/10.1353/lan.2013.0050,acceptability judgment; acceptability rating; sentence judgment; syntactic judgment,Project Muse (1993-2023)
Laura Kertz,2013,Language,Verb phrase ellipsis: The view from information structure,https://doi.org/10.1353/lan.2013.0051,acceptability rating; grammaticality rating; linguistic intuition rating; magnitude estimation,Project Muse (1993-2023)
Andries W. Coetzee,2014,Language,Grammatical change through lexical accumulation: Voicing cooccurrence restrictions in Afrikaans,https://doi.org/10.1353/lan.2014.0066,acceptability rating; naturalness rating,Project Muse (1993-2023)
Silvina Montrul; Rakesh Bhatt; Roxana Girju,2015,Language,"Differential object marking in Spanish, Hindi, and Romanian as heritage languages",https://doi.org/10.1353/lan.2015.0035,acceptability judgment; acceptability rating; grammaticality judgment; grammaticality rating; sentence judgment; syntactic judgment,Project Muse (1993-2023)
Nicholas Fleisher,2015,Language,Rare-class adjectives in the tough-construction,https://doi.org/10.1353/lan.2015.0012,acceptability judgment; acceptability rating; grammaticality judgment; grammaticality rating; magnitude estimation; ordinal ratings; sentence judgment; syntactic judgment,Project Muse (1993-2023)
Kyle Mahowald; Peter Graff; Jeremy Hartman; Edward Gibson,2016,Language,SNAP judgments: A small N acceptability paradigm (SNAP) for linguistic acceptability judgments,https://doi.org/10.1353/lan.2016.0052,Likert scale; acceptability judgment; acceptability rating; grammaticality judgment; grammaticality rating; linguistic intuition judgment; linguistic intuition rating; magnitude estimation; naturalness judgment; naturalness rating; naïve rating; sentence judgment; syntactic judgment,Project Muse (1993-2023)
Maayan Keshev; Aya Meltzer-Asscher,2017,Language,Active dependency formation in islands: How grammatical resumption affects sentence processing,https://doi.org/10.1353/lan.2017.0036,acceptability judgment; acceptability rating; grammaticality judgment; grammaticality rating; sentence judgment; syntactic judgment,Project Muse (1993-2023)
Radek Šimík; Marta Wierzba,2017,Language,Expression of information structure in West Slavic: Modeling the impact of prosodic and word-order factors,https://doi.org/10.1353/lan.2017.0040,acceptability judgment; acceptability rating; linguistic intuition judgment; linguistic intuition rating; sentence judgment; syntactic judgment,Project Muse (1993-2023)
Brian Dillon; Adrian Staub; Joshua Levy; Charles Clifton Jr.,2017,Language,Which noun phrases is the verb supposed to agree with?: Object agreement in American English,https://doi.org/10.1353/lan.2017.0003,Likert scale; acceptability judgment; acceptability rating; grammaticality judgment; grammaticality rating; intuitive judgment; linguistic intuition judgment; linguistic intuition rating; magnitude estimation; naïve rating; sentence judgment; syntactic judgment,Project Muse (1993-2023)
Kamil Ud Deen; Napasri Timyam,2018,Language,Condition C in adult and child Thai,https://doi.org/10.1353/lan.2018.0004,acceptability judgment; intuitive judgment; linguistic intuition rating; naturalness judgment; sentence judgment; syntactic judgment,Project Muse (1993-2023)
Chien-Jer Charles Lin,2018,Language,Subject prominence and processing dependencies in prenominal relative clauses: The comprehension of possessive relative clauses and adjunct relative clauses in Mandarin Chinese,https://doi.org/10.1353/lan.2018.0053,grammaticality rating; naturalness rating,Project Muse (1993-2023)
Dave Kush; Terje Lohndal; Jon Sprouse,2019,Language,On the island sensitivity of topicalization in Norwegian: An experimental investigation,https://doi.org/10.1353/lan.2019.0051,acceptability judgment; acceptability rating; grammaticality judgment; grammaticality rating; sentence judgment; syntactic judgment,Project Muse (1993-2023)
Gary Thoms; David Adger; Caroline Heycock; Jennifer Smith,2019,Language,Syntactic variation and auxiliary contraction: The surprising case of Scots,https://doi.org/10.1353/lan.2019.0052,Likert scale; acceptability judgment; grammaticality judgment; sentence judgment; syntactic judgment,Project Muse (1993-2023)
Evangelia Adamou; Yair Haendler,2020,Language,An experimental approach to nominal tense: Evidence from Pomak (Slavic),https://doi.org/10.1353/lan.2020.0040,acceptability judgment; acceptability rating; magnitude estimation; ordinal ratings; sentence judgment; syntactic judgment,Project Muse (1993-2023)
Amalia Skilton,2021,Language,Demonstratives and visibility: Data from Ticuna and implications for theories of deixis,https://doi.org/10.1353/lan.2021.0065,acceptability judgment; naturalness judgment; sentence judgment,Project Muse (1993-2023)
Russell Simonsen,2023,Language,Exploring similarities in 'seem' constructions with experiencers in English and Spanish,https://doi.org/10.1353/lan.2023.0002,Likert scale; acceptability judgment; acceptability rating; grammaticality judgment; grammaticality rating; naturalness judgment; naturalness rating; sentence judgment; syntactic judgment,Project Muse (1993-2023)
James Griffiths; Güliz Güneş; Anikó Lipták,2023,Language,Reprise fragments in English and Hungarian: Further support for an in-situ Q-equivalence approach to clausal ellipsis,https://doi.org/10.1353/lan.2023.0000,acceptability judgment; grammaticality judgment; intuitive judgment; linguistic intuition rating; sentence judgment; syntactic judgment,Project Muse (1993-2023)
Ming Xiang; Zhewei Dai; Suiping Wang,2023,Language,When parsing and interpretation misalign: A case of WH-scope ambiguity in Mandarin,https://doi.org/10.1353/lan.2023.0004,acceptability judgment; acceptability rating; sentence judgment; syntactic judgment,Project Muse (1993-2023)
Stefan T. Gries,1999,Cognitive Linguistics,Particle movement: A cognitive and functional approach,https://doi.org/10.1515/cogl.1999.005,acceptability judgement; grammaticality judgement; intuitive judgement; naturalness judgement; sentence judgement; syntactic judgement,De Gruyter (1993-2023)
Jóhanna Barðdal,2006,Cognitive Linguistics,Construction-specific properties of syntactic subjects in Icelandic and German,https://doi.org/10.1515/COG.2006.002,acceptability judgment; acceptability rating; grammaticality judgment; grammaticality rating ; intuitive judgment; ordinal ratings; sentence judgment; syntactic judgment,De Gruyter (1993-2023)
Ewa Dąbrowska,2008,Cognitive Linguistics,Questions with long-distance dependencies: A usage-based perspective,https://doi.org/10.1515/COGL.2008.015,acceptability judgment; acceptability rating; grammaticality judgment; grammaticality rating ; linguistic intuition judgment; linguistic intuition rating; sentence judgment; syntactic judgment,De Gruyter (1993-2023)
Ben Ambridge; Adele E. Goldberg,2008,Cognitive Linguistics,The island status of clausal complements: Evidence in favor of an information structure explanation,https://doi.org/10.1515/COGL.2008.014,acceptability judgment; acceptability rating; grammaticality judgment; grammaticality rating ; intuitive judgment; magnitude estimation; sentence judgment; syntactic judgment,De Gruyter (1993-2023)
Micah B. Goldwater; Arthur B. Markman,2009,Cognitive Linguistics,Constructional sources of implicit agents in sentence comprehension,https://doi.org/10.1515/COGL.2009.029,acceptability judgment; grammaticality judgment; intuitive judgment; sentence judgment; syntactic judgment,De Gruyter (1993-2023)
Elaine J. Francis,2010,Cognitive Linguistics,Grammatical weight and relative clause extraposition in English,https://doi.org/10.1515/cogl.2010.002,acceptability judgment; acceptability rating; grammaticality judgment; grammaticality rating ; linguistic intuition judgment; linguistic intuition rating; sentence judgment; syntactic judgment,De Gruyter (1993-2023)
Ewa Dąbrowska,2013,Cognitive Linguistics,"Functional constraints, usage, and mental grammars: A study of speakers' intuitions about questions with long-distance dependencies",https://doi.org/10.1515/cog-2013-0022,acceptability judgment; acceptability rating; grammaticality judgment; grammaticality rating ; linguistic intuition judgment; linguistic intuition rating; naïve rating; sentence judgment; syntactic judgment,De Gruyter (1993-2023)
Dilin Liu,2013,Cognitive Linguistics,Salience and construal in the use of synonymy: A study of two sets of near-synonymous nouns,https://doi.org/10.1515/cog-2013-0003,acceptability judgment; acceptability rating; grammaticality judgment; grammaticality rating ; intuitive judgment; naïve rating; sentence judgment; syntactic judgment,De Gruyter (1993-2023)
Konrad Szczesniak,2013,Cognitive Linguistics,You can't cry your way to candy: Motion events and paths in the x's way construction,https://doi.org/10.1515/cog-2013-0006,acceptability judgment; grammaticality judgment; linguistic intuition judgment; naturalness judgment; sentence judgment; syntactic judgment,De Gruyter (1993-2023)
Clarice Robenalt; Adele E. Goldberg,2015,Cognitive Linguistics,"Judgment evidence for statistical preemption: It is relatively better to vanish than to disappear a rabbit, but a lifeguard can equally well backstroke or swim children to shore",https://doi.org/10.1515/cog-2015-0004,Likert scale; acceptability judgment; acceptability rating; grammaticality judgment; grammaticality rating ; magnitude estimation; naïve rating; sentence judgment; syntactic judgment,De Gruyter (1993-2023)
Dagmar Divjak; Ewa Dąbrowska; Antti Arppe,2016,Cognitive Linguistics,Machine Meets Man: Evaluating the Psychological Reality of Corpus-based Probabilistic Models,https://doi.org/10.1515/cog-2015-0101,acceptability judgment; acceptability rating; grammaticality judgment; grammaticality rating ; linguistic intuition judgment; linguistic intuition rating; meta-linguistic judgment; meta-linguistic rating; naturalness judgment; naturalness rating; naïve rating; sentence judgment; syntactic judgment,De Gruyter (1993-2023)
Véronique Verhagen; Maria Mos,2016,Cognitive Linguistics,Stability of familiarity judgments: Individual variation and the invariant bigger picture,https://doi.org/10.1515/cog-2015-0063,Likert scale; acceptability judgement; acceptability judgment; acceptability rating; grammaticality judgement; grammaticality judgment; grammaticality rating ; linguistic intuition judgement; linguistic intuition judgment; linguistic intuition rating; magnitude estimation; meta-linguistic judgement; meta-linguistic judgment; meta-linguistic rating; sentence judgement; sentence judgment; syntactic judgement ; syntactic judgment,De Gruyter (1993-2023)
Rui P. Chaves; Adriana King,2019,Cognitive Linguistics,A usage-based account of subextraction effects,https://doi.org/10.1515/cog-2018-0135,Likert scale; acceptability judgement; acceptability judgment; acceptability rating; grammaticality judgement; grammaticality judgment; grammaticality rating ; intuitive judgement; intuitive judgment; linguistic intuition judgement; linguistic intuition judgment; linguistic intuition rating; magnitude estimation; naïve rating; ordinal ratings; sentence judgement; sentence judgment; syntactic judgement ; syntactic judgment,De Gruyter (1993-2023)
Laura A. Janda; Robert J. Reynolds,2019,Cognitive Linguistics,Construal vs. redundancy: Russian aspect in context,https://doi.org/10.1515/cog-2017-0084,acceptability rating; grammaticality rating ; linguistic intuition rating; ordinal ratings,De Gruyter (1993-2023)
Alon Fishman,2020,Cognitive Linguistics,English similarity predicates construe particular dimensions of similarity,https://doi.org/10.1515/cog-2018-0086,acceptability judgment; acceptability rating; linguistic intuition judgment; linguistic intuition rating; ordinal ratings; sentence judgment; syntactic judgment,De Gruyter (1993-2023)
Susanne Flach,2020,Cognitive Linguistics,Schemas and the frequency/acceptability mismatch: Corpus distribution predicts sentence judgments,https://doi.org/10.1515/cog-2020-2040,Likert scale; acceptability judgment; acceptability rating; grammaticality judgment; grammaticality rating ; intuitive judgment; magnitude estimation; naturalness judgment; naturalness rating; naïve rating; ordinal ratings; sentence judgment; syntactic judgment,De Gruyter (1993-2023)
Li Liu; Ben Ambridge,2021,Cognitive Linguistics,Balancing information-structure and semantic constraints on construction choice: building a computational model of passive and passive-like constructions in Mandarin Chinese,https://doi.org/10.1515/cog-2019-0100,acceptability judgment; acceptability rating; grammaticality judgment; grammaticality rating ; sentence judgment; syntactic judgment,De Gruyter (1993-2023)
Tobias Ungerer,2021,Cognitive Linguistics,Using structural priming to test links between constructions: English caused-motion and resultative sentences inhibit each other,https://doi.org/10.1515/cog-2020-0016,Likert scale; acceptability judgment; acceptability rating; grammaticality judgment; grammaticality rating ; magnitude estimation; meta-linguistic judgment; meta-linguistic rating; sentence judgment; syntactic judgment,De Gruyter (1993-2023)
Alexandra Engel; Jason Grafmiller; Laura Rosseel; Benedikt Szmrecsanyi,2022,Cognitive Linguistics,Assessing the complexity of lectal competence: the register-specificity of the dative alternation after give,https://doi.org/10.1515/cog-2021-0107,grammaticality judgment; grammaticality rating ; linguistic intuition judgment; linguistic intuition rating; naturalness judgment; naturalness rating; naïve rating; sentence judgment; syntactic judgment,De Gruyter (1993-2023)
Alexandre Nikolaev; Neil Bermel,2022,Cognitive Linguistics,Explaining uncertainty and defectivity of inflectional paradigms,https://doi.org/10.1515/cog-2021-0041,Likert scale; acceptability judgment; acceptability rating; grammaticality judgment; grammaticality rating ; intuitive judgment; linguistic intuition judgment; linguistic intuition rating; magnitude estimation; naïve rating; sentence judgment; syntactic judgment,De Gruyter (1993-2023)
Marie Barking; Ad Backus; Maria Mos,2022,Cognitive Linguistics,Individual corpus data predict variation in judgments: testing the usage-based nature of mental representations in a language transfer setting,https://doi.org/10.1515/cog-2021-0105,acceptability judgement; acceptability judgment; acceptability rating; grammaticality judgement; grammaticality judgment; grammaticality rating ; sentence judgement; sentence judgment; syntactic judgement ; syntactic judgment,De Gruyter (1993-2023)
Rakesh Mohan Bhatt,1997,Lingua,"Code-switching, constraints, and optimal grammars",https://doi.org/10.1016/S0024-3841(97)00007-7,acceptability judgement; acceptability judgment; grammaticality judgement; grammaticality judgment; linguistic intuition judgement; linguistic intuition judgment; meta-linguistic judgement; meta-linguistic judgment; sentence judgement; sentence judgment; syntactic judgement ; syntactic judgment,KB+JISC Collections Elsevier (1995-2023)
Sam Featherston,2005,Lingua,That-trace in German,https://doi.org/10.1016/j.lingua.2004.04.001,grammaticality judgement; grammaticality judgment; magnitude estimation; syntactic judgement ; syntactic judgment,KB+JISC Collections Elsevier (1995-2023)
Thomas Wasow; Jennifer Arnold,2005,Lingua,Intuitions in linguistic argumentation,https://doi.org/10.1016/j.lingua.2004.07.001,acceptability judgement; acceptability judgment; grammaticality judgement; grammaticality judgment; intuitive judgement; intuitive judgment; linguistic intuition judgement; linguistic intuition judgment; naturalness judgement; naturalness judgment; sentence judgement; sentence judgment; syntactic judgement ; syntactic judgment,KB+JISC Collections Elsevier (1995-2023)
Sam Featherston,2005,Lingua,Magnitude estimation and what it can do for your syntax: some wh-constraints in German,https://doi.org/10.1016/j.lingua.2004.07.003,acceptability judgement; acceptability judgment; acceptability rating; grammaticality judgement; grammaticality judgment; grammaticality rating; intuitive judgement; intuitive judgment; linguistic intuition judgement; linguistic intuition judgment; linguistic intuition rating; magnitude estimation; naturalness judgement; naturalness judgment; naturalness rating; sentence judgement; sentence judgment; syntactic judgement ; syntactic judgment,KB+JISC Collections Elsevier (1995-2023)
Paweł Rutkowski; Hanna Maliszewska,2007,Lingua,On Prepositional Phrases inside numeral expressions in Polish,https://doi.org/10.1016/j.lingua.2006.03.004,acceptability judgement; acceptability judgment; grammaticality judgement; grammaticality judgment; sentence judgement; sentence judgment; syntactic judgement ; syntactic judgment,KB+JISC Collections Elsevier (1995-2023)
Kalliopi Katsika,2009,Lingua,Exploring the minimal structure in prepositional phrase attachment ambiguities: Evidence from Greek,https://doi.org/10.1016/j.lingua.2008.04.006,acceptability judgement; acceptability judgment; acceptability rating; grammaticality judgement; grammaticality judgment; grammaticality rating; sentence judgement; sentence judgment; syntactic judgement ; syntactic judgment,KB+JISC Collections Elsevier (1995-2023)
Stavros Skopeteas; Caroline Féry; Rusudan Asatiani,2009,Lingua,Word order and intonation in Georgian,https://doi.org/10.1016/j.lingua.2008.09.001,acceptability judgement; acceptability judgment; acceptability rating; grammaticality judgement; grammaticality judgment; grammaticality rating; linguistic intuition judgement; linguistic intuition judgment; linguistic intuition rating; naturalness judgement; naturalness judgment; naturalness rating; sentence judgement; sentence judgment; syntactic judgement ; syntactic judgment,KB+JISC Collections Elsevier (1995-2023)
Ji-Hye Kim; James H. Yoon,2009,Lingua,Long-distance bound local anaphors in Korean—An empirical study of the Korean anaphor caki-casin,https://doi.org/10.1016/j.lingua.2008.10.002,Likert scale; acceptability judgement; acceptability judgment; acceptability rating; grammaticality judgement; grammaticality judgment; grammaticality rating; linguistic intuition judgement; linguistic intuition judgment; linguistic intuition rating; sentence judgement; sentence judgment; syntactic judgement ; syntactic judgment,KB+JISC Collections Elsevier (1995-2023)
Andreas Konietzko; Susanne Winkler,2010,Lingua,Contrastive ellipsis: Mapping between syntax and information structure,https://doi.org/10.1016/j.lingua.2008.08.009,acceptability judgement; acceptability judgment; acceptability rating; grammaticality judgement; grammaticality judgment; grammaticality rating; linguistic intuition judgement; linguistic intuition judgment; linguistic intuition rating; magnitude estimation; sentence judgement; sentence judgment; syntactic judgement ; syntactic judgment,KB+JISC Collections Elsevier (1995-2023)
Petra B. Schumacher; Maria M. Piñango; Sergey Avrutin,2010,Lingua,Reference assignment in Dutch: Evidence for the syntax–discourse divide,https://doi.org/10.1016/j.lingua.2009.12.003,acceptability judgement; acceptability judgment; acceptability rating; grammaticality judgement; grammaticality judgment; grammaticality rating; linguistic intuition judgement; linguistic intuition judgment; linguistic intuition rating; sentence judgement; sentence judgment; syntactic judgement ; syntactic judgment,KB+JISC Collections Elsevier (1995-2023)
Nuria Sagarra; Julia Herschensohn,2010,Lingua,The role of proficiency and working memory in gender and number agreement processing in L1 and L2 Spanish,https://doi.org/10.1016/j.lingua.2010.02.004,Likert scale; acceptability judgement; acceptability judgment; acceptability rating; grammaticality judgement; grammaticality judgment; grammaticality rating; sentence judgement; sentence judgment; syntactic judgement ; syntactic judgment,KB+JISC Collections Elsevier (1995-2023)
Hanjung Lee,2011,Lingua,Gradients in Korean case ellipsis: An experimental investigation,https://doi.org/10.1016/j.lingua.2010.07.002,acceptability judgement; acceptability judgment; acceptability rating; grammaticality judgement; grammaticality judgment; grammaticality rating; naturalness judgement; naturalness judgment; naturalness rating; sentence judgement; sentence judgment; syntactic judgement ; syntactic judgment,KB+JISC Collections Elsevier (1995-2023)
Ming Xiang; Boris Harizanov; Ekaterina Kravtchenko,2011,Lingua,Processing morphological ambiguity: An experimental investigation of Russian numerical phrases,https://doi.org/10.1016/j.lingua.2010.10.016,acceptability judgement; acceptability judgment; acceptability rating; grammaticality judgement; grammaticality judgment; grammaticality rating; linguistic intuition judgement; linguistic intuition judgment; linguistic intuition rating; sentence judgement; sentence judgment; syntactic judgement ; syntactic judgment,KB+JISC Collections Elsevier (1995-2023)
Kay González-Vilbazo; Luis López,2011,Lingua,Some properties of light verbs in code-switching,https://doi.org/10.1016/j.lingua.2010.11.011,Likert scale; acceptability judgement; acceptability judgment; grammaticality judgement; grammaticality judgment; linguistic intuition judgement; linguistic intuition judgment; sentence judgement; sentence judgment; syntactic judgement ; syntactic judgment,KB+JISC Collections Elsevier (1995-2023)
Suwon Yoon,2011,Lingua,A structural asymmetry in intervention effects,https://doi.org/10.1016/j.lingua.2010.12.006,acceptability judgement; acceptability judgment; grammaticality judgement; grammaticality judgment; linguistic intuition judgement; linguistic intuition judgment; magnitude estimation; sentence judgement; sentence judgment; syntactic judgement ; syntactic judgment,KB+JISC Collections Elsevier (1995-2023)
Tania Ionin; Silvina Montrul; Hélade Santos,2011,Lingua,"An experimental investigation of the expression of genericity in English, Spanish and Brazilian Portuguese",https://doi.org/10.1016/j.lingua.2010.12.008,acceptability judgement; acceptability judgment; acceptability rating; grammaticality judgement; grammaticality judgment; grammaticality rating; linguistic intuition judgement; linguistic intuition judgment; linguistic intuition rating; naïve rating; sentence judgement; sentence judgment; syntactic judgement ; syntactic judgment,KB+JISC Collections Elsevier (1995-2023)
Stavros Skopeteas; Gisbert Fanselow,2011,Lingua,Focus and the exclusion of alternatives: On the interaction of syntactic structure with pragmatic inference,https://doi.org/10.1016/j.lingua.2011.05.005,acceptability judgement; acceptability judgment; grammaticality judgement; grammaticality judgment; linguistic intuition judgement; linguistic intuition judgment; sentence judgement; sentence judgment; syntactic judgement ; syntactic judgment,KB+JISC Collections Elsevier (1995-2023)
Natalia Slioussar,2011,Lingua,Russian and the EPP requirement in the Tense domain,https://doi.org/10.1016/j.lingua.2011.07.009,acceptability judgement; acceptability judgment; acceptability rating; grammaticality judgement; grammaticality judgment; grammaticality rating; linguistic intuition judgement; linguistic intuition judgment; linguistic intuition rating; sentence judgement; sentence judgment; syntactic judgement ; syntactic judgment,KB+JISC Collections Elsevier (1995-2023)
Shigeto Kawahara,2012,Lingua,Lyman's Law is active in loanwords and nonce words: Evidence from naturalness judgment studies,https://doi.org/10.1016/j.lingua.2012.05.008,grammaticality judgement; grammaticality judgment; grammaticality rating; linguistic intuition judgement; linguistic intuition judgment; linguistic intuition rating; naturalness judgement; naturalness judgment; naturalness rating,KB+JISC Collections Elsevier (1995-2023)
Joanna Nykiel,2013,Lingua,Clefts and preposition omission under sluicing,https://doi.org/10.1016/j.lingua.2012.10.011,acceptability judgement; acceptability judgment; acceptability rating; grammaticality judgement; grammaticality judgment; grammaticality rating; intuitive judgement; intuitive judgment; sentence judgement; sentence judgment; syntactic judgement ; syntactic judgment,KB+JISC Collections Elsevier (1995-2023)
Jon Sprouse; Carson T. Schütze; Diogo Almeida,2013,Lingua,A comparison of informal and formal acceptability judgments using a random sample from Linguistic Inquiry 2001–2010,https://doi.org/10.1016/j.lingua.2013.07.002,Likert scale; acceptability judgement; acceptability judgment; acceptability rating; grammaticality judgement; grammaticality judgment; grammaticality rating; intuitive judgement; intuitive judgment; magnitude estimation; naïve rating; sentence judgement; sentence judgment; syntactic judgement ; syntactic judgment,KB+JISC Collections Elsevier (1995-2023)
Elif Bamyacı; Jana Häussler; Barış Kabak,2014,Lingua,The interaction of animacy and number agreement: An experimental investigation,https://doi.org/10.1016/j.lingua.2014.06.005,acceptability judgement; acceptability judgment; acceptability rating; grammaticality judgement; grammaticality judgment; grammaticality rating; linguistic intuition judgement; linguistic intuition judgment; linguistic intuition rating; magnitude estimation; ordinal ratings; sentence judgement; sentence judgment; syntactic judgement ; syntactic judgment,KB+JISC Collections Elsevier (1995-2023)
Adrienn Jánosi; Jeroen Van Craenenbroeck; Guido Vanden Wyngaerd,2014,Lingua,Long split focalization in Hungarian and the typology of A′-dependencies,https://doi.org/10.1016/j.lingua.2014.07.009,acceptability judgement; acceptability judgment; acceptability rating; grammaticality judgement; grammaticality judgment; grammaticality rating; sentence judgement; sentence judgment; syntactic judgement ; syntactic judgment,KB+JISC Collections Elsevier (1995-2023)
Tania Leal Méndez; Jason Rothman; Roumyana Slabakova,2015,Lingua,Discourse-sensitive clitic-doubled dislocations in heritage Spanish,https://doi.org/10.1016/j.lingua.2014.01.002,Likert scale; acceptability judgement; acceptability judgment; acceptability rating; grammaticality judgement; grammaticality judgment; grammaticality rating; sentence judgement; sentence judgment; syntactic judgement ; syntactic judgment,KB+JISC Collections Elsevier (1995-2023)
Jason Overfelt,2015,Lingua,Unbounded successive-cyclic rightward DP-movement,https://doi.org/10.1016/j.lingua.2015.04.002,Likert scale; acceptability judgement; acceptability judgment; acceptability rating; grammaticality judgement; grammaticality judgment; grammaticality rating; intuitive judgement; intuitive judgment; naturalness judgement; naturalness judgment; naturalness rating; sentence judgement; sentence judgment; syntactic judgement ; syntactic judgment,KB+JISC Collections Elsevier (1995-2023)
Elaine J. Francis; Charles Lam; Stephen Matthews,2015,Lingua,"Resumptive pronouns, structural complexity, and the elusive distinction between grammar and performance: Evidence from Cantonese",https://doi.org/10.1016/j.lingua.2015.04.006,acceptability judgement; acceptability judgment; acceptability rating; grammaticality judgement; grammaticality judgment; grammaticality rating; linguistic intuition judgement; linguistic intuition judgment; linguistic intuition rating; sentence judgement; sentence judgment; syntactic judgement ; syntactic judgment,KB+JISC Collections Elsevier (1995-2023)
Jason Overfelt,2015,Lingua,Extraposition of NPIs from NP,https://doi.org/10.1016/j.lingua.2015.06.006,Likert scale; acceptability judgement; acceptability judgment; acceptability rating; grammaticality judgement; grammaticality judgment; grammaticality rating; intuitive judgement; intuitive judgment; linguistic intuition judgement; linguistic intuition judgment; linguistic intuition rating; naturalness judgement; naturalness judgment; naturalness rating; sentence judgement; sentence judgment; syntactic judgement ; syntactic judgment,KB+JISC Collections Elsevier (1995-2023)
Meghan I. Jeffrey; Chung-Hye Han; Panayiotis A. Pappas,2015,Lingua,Experimental evidence of variation and gradience in the syntax and semantics of transitive subject control,https://doi.org/10.1016/j.lingua.2015.06.011,acceptability judgement; acceptability judgment; acceptability rating; grammaticality judgement; grammaticality judgment; grammaticality rating; linguistic intuition judgement; linguistic intuition judgment; linguistic intuition rating; naturalness judgement; naturalness judgment; naturalness rating; sentence judgement; sentence judgment; syntactic judgement ; syntactic judgment,KB+JISC Collections Elsevier (1995-2023)
Aya Meltzer-Asscher; Julie Fadlon; Ariel Holan,2015,Lingua,Direct object resumption in Hebrew: How modality of presentation and relative clause position affect acceptability,https://doi.org/10.1016/j.lingua.2015.08.011,acceptability judgement; acceptability judgment; acceptability rating; grammaticality judgement; grammaticality judgment; grammaticality rating; linguistic intuition judgement; linguistic intuition judgment; linguistic intuition rating; naturalness judgement; naturalness judgment; naturalness rating; sentence judgement; sentence judgment; syntactic judgement ; syntactic judgment,KB+JISC Collections Elsevier (1995-2023)
Ager Gondra,2016,Lingua,"Head external analysis, head raising analysis or matching analysis? Let's ask experimental syntax",https://doi.org/10.1016/j.lingua.2016.03.003,grammaticality judgement; grammaticality judgment; sentence judgement; sentence judgment; syntactic judgement ; syntactic judgment,KB+JISC Collections Elsevier (1995-2023)
Sandra Villata; Luigi Rizzi; Julie Franck,2016,Lingua,Intervention effects and Relativized Minimality: New experimental evidence from graded judgments,https://doi.org/10.1016/j.lingua.2016.03.004,Likert scale; acceptability judgement; acceptability judgment; acceptability rating; grammaticality judgement; grammaticality judgment; grammaticality rating; naturalness judgement; naturalness judgment; naturalness rating; naïve rating; sentence judgement; sentence judgment; syntactic judgement ; syntactic judgment,KB+JISC Collections Elsevier (1995-2023)
Zuxuan Qin; San Duanmu,2017,Lingua,A judgment study of word-length preferences in Chinese NN compounds,https://doi.org/10.1016/j.lingua.2017.06.012,acceptability judgement; acceptability judgment; acceptability rating; intuitive judgement; intuitive judgment; linguistic intuition judgement; linguistic intuition judgment; linguistic intuition rating; naturalness judgement; naturalness judgment; naturalness rating; sentence judgement; sentence judgment; syntactic judgement ; syntactic judgment,KB+JISC Collections Elsevier (1995-2023)
Tim Graf; Markus Philipp; Beatrice Primus,2017,Lingua,The interaction between telicity and agentivity: Experimental evidence from intransitive verbs in German and Chinese,https://doi.org/10.1016/j.lingua.2017.08.006,acceptability judgement; acceptability judgment; acceptability rating; grammaticality judgement; grammaticality judgment; grammaticality rating; meta-linguistic judgement; meta-linguistic judgment; meta-linguistic rating; ordinal ratings; sentence judgement; sentence judgment; syntactic judgement ; syntactic judgment,KB+JISC Collections Elsevier (1995-2023)
David J. Townsend,2018,Lingua,Stage salience and situational likelihood in the formation of situation models during sentence comprehension,https://doi.org/10.1016/j.lingua.2018.01.002,acceptability judgement; acceptability judgment; acceptability rating; naïve rating; sentence judgement; sentence judgment; syntactic judgement ; syntactic judgment,KB+JISC Collections Elsevier (1995-2023)
Michael Richter; Roeland Van Hout,2018,Lingua,Aspectual coercion of telic verbs and atelic adverbials in German: Acceptability judgments on sentences with conflicting aspectual information by native speakers,https://doi.org/10.1016/j.lingua.2018.08.004,acceptability judgement; acceptability judgment; acceptability rating; grammaticality judgement; grammaticality judgment; grammaticality rating; intuitive judgement; intuitive judgment; sentence judgement; sentence judgment,KB+JISC Collections Elsevier (1995-2023)
Zuxuan Qin; San Duanmu,2019,Lingua,An acceptability judgment study of 1+1 NN compounds in Chinese,https://doi.org/10.1016/j.lingua.2019.02.004,acceptability judgement; acceptability judgment; acceptability rating; grammaticality judgement; grammaticality judgment; grammaticality rating; naturalness judgement; naturalness judgment; naturalness rating; syntactic judgement ; syntactic judgment,KB+JISC Collections Elsevier (1995-2023)
Ekab Al-Shawashreh; Marwan Jarrah; Mutasim Al-Deaibes,2019,Lingua,A prosodic account of wh-formation in Jordanian Arabic,https://doi.org/10.1016/j.lingua.2019.102741,acceptability judgement; acceptability judgment; grammaticality judgement; grammaticality judgment; sentence judgement; sentence judgment; syntactic judgement ; syntactic judgment,KB+JISC Collections Elsevier (1995-2023)
Abdelkader Hermas,2020,Lingua,Lexical semantics in advanced second language French: The acquisition of genericity,https://doi.org/10.1016/j.lingua.2019.102761,acceptability judgement; acceptability judgment; acceptability rating; grammaticality judgement; grammaticality judgment; grammaticality rating; ordinal ratings; sentence judgement; sentence judgment; syntactic judgement ; syntactic judgment,KB+JISC Collections Elsevier (1995-2023)
Heng Li,2020,Lingua,Will it really happen? Disambiguating of the hypothetical and real “Next Wednesday's meeting” question in Mandarin speakers,https://doi.org/10.1016/j.lingua.2020.102806,Likert scale; acceptability judgement; acceptability judgment; sentence judgement; sentence judgment,KB+JISC Collections Elsevier (1995-2023)
Héctor Ramírez-Cruz,2020,Lingua,Expressing uncontrolledness in narratives of accidental events: A comparison between native and non-native speakers of Spanish,https://doi.org/10.1016/j.lingua.2020.102848,Likert scale; acceptability judgement; acceptability judgment; grammaticality judgement; grammaticality judgment; sentence judgement; sentence judgment; syntactic judgement ; syntactic judgment,KB+JISC Collections Elsevier (1995-2023)
Aslı Gürer,2020,Lingua,Karachay–Balkar relative clauses: Implications for a special type of genitive/nominative alternation,https://doi.org/10.1016/j.lingua.2020.102875,acceptability judgement; acceptability judgment; grammaticality judgement; grammaticality judgment; sentence judgement; sentence judgment; syntactic judgement ; syntactic judgment,KB+JISC Collections Elsevier (1995-2023)
Matteo Greco; Paolo Lorusso; Andrea Moro,2020,Lingua,Asymmetries in nominal copular sentences: Psycholinguistic evidence in favor of the raising analysis,https://doi.org/10.1016/j.lingua.2020.102926,Likert scale; acceptability judgement; acceptability judgment; grammaticality judgement; grammaticality judgment; linguistic intuition judgement; linguistic intuition judgment; sentence judgement; sentence judgment; syntactic judgement ; syntactic judgment,KB+JISC Collections Elsevier (1995-2023)
Arayik Hayriyan,2020,Lingua,Deverbal nominals possess no internal VP structure,https://doi.org/10.1016/j.lingua.2020.102927,acceptability judgement; acceptability judgment; grammaticality judgement; grammaticality judgment; sentence judgement; sentence judgment; syntactic judgement ; syntactic judgment,KB+JISC Collections Elsevier (1995-2023)
Wojciech Lewandowski; Jaume Mateu,2020,Lingua,Motion events again: Delimiting constructional patterns,https://doi.org/10.1016/j.lingua.2020.102956,Likert scale; acceptability judgement; acceptability judgment; acceptability rating; grammaticality judgement; grammaticality judgment; grammaticality rating; intuitive judgement; intuitive judgment; linguistic intuition judgement; linguistic intuition judgment; linguistic intuition rating; sentence judgement; sentence judgment; syntactic judgement ; syntactic judgment,KB+JISC Collections Elsevier (1995-2023)
Ying Liu; Wenlei Shi,2021,Lingua,"Verum shi, sentence-final de and the emphatic effects in Mandarin",https://doi.org/10.1016/j.lingua.2021.103186,acceptability judgement; acceptability judgment; acceptability rating; grammaticality judgement; grammaticality judgment; grammaticality rating; intuitive judgement; intuitive judgment; linguistic intuition judgement; linguistic intuition judgment; linguistic intuition rating; meta-linguistic judgement; meta-linguistic judgment; meta-linguistic rating; sentence judgement; sentence judgment; syntactic judgement ; syntactic judgment,KB+JISC Collections Elsevier (1995-2023)
Eman Al Khalaf; Bassil Mashaqba,2022,Lingua,Semantic scope in Q-float constructions: An experimental investigation,https://doi.org/10.1016/j.lingua.2022.103457,acceptability judgement; acceptability judgment; grammaticality judgement; grammaticality judgment; sentence judgement; sentence judgment; syntactic judgement ; syntactic judgment,KB+JISC Collections Elsevier (1995-2023)
Aysun Kunduracı,2023,Lingua,Bound productivity in stem-formation and categorial separation,https://doi.org/10.1016/j.lingua.2023.103597,acceptability judgement; acceptability judgment; grammaticality judgement; grammaticality judgment; syntactic judgement ; syntactic judgment,KB+JISC Collections Elsevier (1995-2023)
Nicholas Sobin,2002,JoLinguistics,"The Comp-Trace Effect, the Adverb Effect and Minimal CP",http://www.jstor.org/stable/4176763,acceptability judgment; intuitive judgment; naturalness judgment; sentence judgment; syntactic judgment,JSTOR (1993-2018)
Joseph Shimron; Iris Berent,2003,JoLinguistics,Co-Occurrence Restrictions on Identical Consonants in the Hebrew Lexicon: Are They Due to Similarity?,http://www.jstor.org/stable/4176788,acceptability judgment; acceptability rating,JSTOR (1993-2018)
Antonella Sorace Frank Keller,2003,JoLinguistics,Gradient Auxiliary Selection and Impersonal Passivization in German: An Experimental Investigation,http://www.jstor.org/stable/4176789,acceptability judgment; grammaticality judgment; intuitive judgment; linguistic intuition judgment; magnitude estimation; sentence judgment; syntactic judgment,JSTOR (1993-2018)
Jana Häussler; Markus Bader,2010,JoLinguistics,Toward a model of grammaticality judgments,http://www.jstor.org/stable/40731815,acceptability judgment; acceptability rating; grammaticality judgment; grammaticality rating ; magnitude estimation; naïve rating; sentence judgment; syntactic judgment,JSTOR (1993-2018)
Diogo Almeida; Jon Sprouse,2012,JoLinguistics,"Assessing the reliability of textbook data in syntax: Adger's ""Core Syntax""",http://www.jstor.org/stable/23351953,acceptability judgment; acceptability rating; grammaticality judgment; grammaticality rating ; intuitive judgment; magnitude estimation; naïve rating; sentence judgment; syntactic judgment; thermometer rating; thermometer ratings,JSTOR (1993-2018)
Hanjung Lee,2016,JoLinguistics,Usage probability and subject—object asymmetries in Korean case ellipsis: Experiments with subject case ellipsis,http://www.jstor.org/stable/44076638,acceptability judgment; acceptability rating; grammaticality judgment; grammaticality rating ; linguistic intuition judgment; linguistic intuition rating; ordinal ratings; sentence judgment; syntactic judgment,JSTOR (1993-2018)
Caroline Heycock; Jutta M. Hartmann,2018,JoLinguistics,A remark on Béjar & Kahnemuyipour 2017: Specificational subjects do have phi-features,https://www.jstor.org/stable/26570812,acceptability judgement; acceptability judgment; acceptability rating; magnitude estimation; sentence judgement; sentence judgment; syntactic judgement; syntactic judgment; thermometer rating; thermometer ratings,JSTOR (1993-2018)
Rui P Chaves; Jeruen E Dery,2019,JoLinguistics,Frequency effects in Subject Islands,https://doi.org/10.1017/S0022226718000294,Likert scale; acceptability judgement; acceptability judgment; grammaticality judgement; grammaticality judgment; grammaticality rating; linguistic intuition judgement; linguistic intuition judgment; linguistic intuition rating; naïve rating; sentence judgement; sentence judgment; syntactic judgement; syntactic judgment,ProQuest (2019-2023)
Benjamin Bruening; Eman Al Khalaf,2019,JoLinguistics,No argument–adjunct asymmetry in reconstruction for Binding Condition C,https://doi.org/10.1017/S0022226718000324,grammaticality judgement; grammaticality judgment; sentence judgement; sentence judgment; syntactic judgement; syntactic judgment,ProQuest (2019-2023)
Aysun Kunduraci,2019,JoLinguistics,The paradigmatic aspect of compounding and derivation,https://doi.org/10.1017/S0022226718000518,acceptability judgement; acceptability judgment; linguistic intuition judgement; linguistic intuition judgment; sentence judgement; sentence judgment; syntactic judgement; syntactic judgment,ProQuest (2019-2023)
Shin Fukuda,2020,JoLinguistics,The syntax of variable behavior verbs: Experimental evidence from the accusative–oblique alternations in Japanese,https://doi.org/10.1017/S0022226719000136,acceptability judgement; acceptability judgment; naturalness judgement; naturalness judgment; sentence judgement; sentence judgment; syntactic judgement; syntactic judgment,ProQuest (2019-2023)
Güli̇z Güneş; Anikó Lipták,2021,JoLinguistics,Nuclear prominence in ellipsis: Evidence from aggressively non-D-linked phrases,https://doi.org/10.1017/S0022226720000134,Likert scale; acceptability judgement; acceptability judgment; acceptability rating; intuitive judgement; intuitive judgment; sentence judgement; sentence judgment; syntactic judgement; syntactic judgment,ProQuest (2019-2023)
Jon Sprouse; Troy Messick; Jonathan David Bobaljik,2022,JoLinguistics,Gender asymmetries in ellipsis: An experimental comparison of markedness and frequency accounts in English,https://doi.org/10.1017/S0022226721000323,Likert scale; acceptability judgement; acceptability judgment; linguistic intuition judgement; linguistic intuition judgment; linguistic intuition rating; sentence judgement; sentence judgment; syntactic judgement; syntactic judgment,ProQuest (2019-2023)
Metin Bagriacik; Lieven Danckaert,2022,JoLinguistics,Raising and matching in Pharasiot Greek relative clauses: A diachronic reconstruction,https://doi.org/10.1017/S0022226721000335,acceptability judgement; acceptability judgment; syntactic judgement; syntactic judgment,ProQuest (2019-2023)
Aili Zhangi; Nayoung Kwon,2022,JoLinguistics,The interpretational preferences of null and overt pronouns in Chinese,https://doi.org/10.1017/S0022226721000402,Likert scale; grammaticality rating; naturalness rating,ProQuest (2019-2023)
Benjamin Bruening,2022,JoLinguistics,"Locative Inversion, PP Topicalization, and Weak Crossover in English",https://doi.org/10.1017/S0022226721000414,acceptability judgement; acceptability judgment; grammaticality judgement; grammaticality judgment; grammaticality rating; naïve rating; sentence judgement; sentence judgment; syntactic judgement; syntactic judgment,ProQuest (2019-2023)
Despina Oikonomou; FelixGolcher; Artemis Alexiadou,2022,JoLinguistics,Clitic left dislocation and inverse scope: Plain indefinites versus numerals,https://doi.org/10.1017/S0022226722000135,acceptability judgement; acceptability judgment; sentence judgement; sentence judgment; syntactic judgement; syntactic judgment,ProQuest (2019-2023)
Joanna Nykiel; Jong-Bok Kim; Rok Sim,2023,JoLinguistics,Case-matching effects under clausal ellipsis and the cue-based theory of sentence processing,https://doi.org/10.1017/S0022226722000068,acceptability judgement; acceptability judgment; linguistic intuition judgement; linguistic intuition judgment; linguistic intuition rating; ordinal ratings; sentence judgement; sentence judgment; syntactic judgement; syntactic judgment,ProQuest (2019-2023)
Martin Salzmann; Marta Wierzba; Doreen Georgi,2023,JoLinguistics,Condition C in German A′-movement: Tackling challenges in experimental research on reconstruction,https://doi.org/10.1017/S0022226722000214,acceptability judgement; acceptability judgment; sentence judgement; sentence judgment; syntactic judgement; syntactic judgment,ProQuest (2019-2023)
Till Poppels; Philip Miller,2023,JoLinguistics,Remnant connectivity in pseudogapping: Experimental evidence for a direct generation approach,https://doi.org/10.1017/S0022226722000354,Likert scale; acceptability judgement; acceptability judgment; grammaticality judgement; grammaticality judgment; grammaticality rating; sentence judgement; sentence judgment; syntactic judgement; syntactic judgment,ProQuest (2019-2023)
Duk-Ho Jung; Grant Goodall,2023,JoLinguistics,Filler–gap dependencies and the remnant–correlate dependency in backward sprouting: Sensitivity to distance and islands,https://doi.org/10.1017/S0022226722000366,Likert scale,ProQuest (2019-2023)
Gabriela Bîlbîie; Israel De La Fuente; Anne Abeillé,2023,JoLinguistics,Factivity and complementizer omission in English embedded gapping,https://doi.org/10.1017/S0022226722000445,Likert scale; acceptability judgement; acceptability judgment; grammaticality judgement; grammaticality judgment; grammaticality rating; intuitive judgement; intuitive judgment; linguistic intuition judgement; linguistic intuition judgment; linguistic intuition rating; naïve rating; sentence judgement; sentence judgment; syntactic judgement; syntactic judgment,ProQuest (2019-2023)
Anne Abeillé; Aoi Shiraishi; Barbara Hemforth,2023,JoLinguistics,Voice mismatch and contrast in French Right-Node Raising,https://doi.org/10.1017/S002222672200055X,acceptability judgement; acceptability judgment; grammaticality judgement; grammaticality judgment; grammaticality rating; intuitive judgement; intuitive judgment; ordinal ratings; sentence judgement; sentence judgment; syntactic judgement; syntactic judgment,ProQuest (2019-2023)
Mitsuaki Shimojo,1997,Linguistics,The role of the general category in the maintenance of numeral-classifier systems: the case of tsu and ko in Japanese,https://doi.org/10.1515/ling.1997.35.4.705,acceptability judgment; acceptability rating; grammaticality judgment; grammaticality rating; naturalness judgment; naturalness rating; sentence judgment; syntactic judgment,Walter De Gruyter (1993-2023)
Ewa Dąbrowska,1997,Linguistics,The LAD goes to school: a cautionary tale for nativists,https://doi.org/10.1515/ling.1997.35.4.735,acceptability judgement; acceptability judgment; acceptability rating; grammaticality judgement; grammaticality judgment; grammaticality rating; linguistic intuition judgement; linguistic intuition judgment; linguistic intuition rating; magnitude estimation; sentence judgement; sentence judgment; syntactic judgement; syntactic judgment,Walter De Gruyter (1993-2023)
Markus Bader; Lyn Frazier,2005,Linguistics,Interpretation of Leftward-Moved Constituents: Processing Topicalizations in German,https://doi.org/10.1515/ling.2005.43.1.49,acceptability judgment; acceptability rating; grammaticality judgment; grammaticality rating; intuitive judgment; linguistic intuition judgment; linguistic intuition rating; naturalness judgment; naturalness rating; naïve rating; sentence judgment; syntactic judgment,Walter De Gruyter (1993-2023)
Daniel Dor,2005,Linguistics,Toward a Semantic Account of that-Deletion in English,https://doi.org/10.1515/ling.2005.43.2.345,acceptability judgment; grammaticality judgment; linguistic intuition judgment; sentence judgment; syntactic judgment,Walter De Gruyter (1993-2023)
Sam Featherston,2005,Linguistics,Universals and grammaticality: wh-constraints in German and English,https://doi.org/10.1515/ling.2005.43.4.667,acceptability judgement; acceptability rating; grammaticality judgement; grammaticality rating; linguistic intuition judgement; linguistic intuition rating; magnitude estimation; naturalness judgement; naturalness rating; sentence judgement; syntactic judgement,Walter De Gruyter (1993-2023)
Shu-Ing Shyu,2010,Linguistics,Focus interpretation of zhi ‘only’ associated arguments in Mandarin triadic constructions,https://doi.org/10.1515/ling.2010.021,acceptability judgment; grammaticality judgment; sentence judgment; syntactic judgment,Walter De Gruyter (1993-2023)
Monique Flecken,2011,Linguistics,What native speaker judgments tell us about the grammaticalization of a progressive aspectual marker in Dutch,https://doi.org/10.1515/ling.2011.015,acceptability judgment; grammaticality judgment; linguistic intuition judgment; sentence judgment; syntactic judgment,Walter De Gruyter (1993-2023)
Anna Siewierska; Maria Papastathi,2011,Linguistics,Towards a typology of third person plural impersonals,https://doi.org/10.1515/ling.2011.018,acceptability judgment; acceptability rating; grammaticality judgment; grammaticality rating; magnitude estimation; naturalness judgment; naturalness rating; sentence judgment; syntactic judgment,Walter De Gruyter (1993-2023)
Gisbert Fanselow; Matthias Schlesewsky; Ralf Vogel; Thomas Weskott,2011,Linguistics,Animacy effects on crossing wh-movement in German,https://doi.org/10.1515/ling.2011.021,acceptability judgment; acceptability rating; grammaticality judgment; grammaticality rating; magnitude estimation; naïve rating; sentence judgment; syntactic judgment,Walter De Gruyter (1993-2023)
Hans C. Boas,2011,Linguistics,Coercion and leaking argument structures in Construction Grammar,https://doi.org/10.1515/ling.2011.036,acceptability judgment; acceptability rating; grammaticality judgment; grammaticality rating; meta-linguistic judgment; meta-linguistic rating; sentence judgment; syntactic judgment,Walter De Gruyter (1993-2023)
Francisco Gonzálvez-García,2011,Linguistics,Metaphor and metonymy do not render coercion superfluous: Evidence from the subjective-transitive construction,https://doi.org/10.1515/ling.2011.037,acceptability judgement; acceptability rating; grammaticality judgement; grammaticality rating; sentence judgement; syntactic judgement,Walter De Gruyter (1993-2023)
Enkeleida Kapia,2012,Linguistics,Clitic doubling and information structure in Albanian,https://doi.org/10.1515/ling-2012-0028,grammaticality judgment; sentence judgment; syntactic judgment,Walter De Gruyter (1993-2023)
Aria Adli,2013,Linguistics,Syntactic variation in French Wh-questions: A quantitative study from the angle of Bourdieu's sociocultural theory,https://doi.org/10.1515/ling-2013-0018,acceptability judgement; acceptability judgment; acceptability rating; grammaticality judgement; grammaticality judgment; grammaticality rating; intuitive judgement; intuitive judgment; linguistic intuition judgement; linguistic intuition judgment; linguistic intuition rating; magnitude estimation; naïve rating; sentence judgement; sentence judgment; syntactic judgement; syntactic judgment,Walter De Gruyter (1993-2023)
Shigeto Kawahara,2013,Linguistics,Testing Japanese loanword devoicing: Addressing task effects,https://doi.org/10.1515/ling-2013-0050,acceptability judgment; acceptability rating; grammaticality judgment; grammaticality rating; linguistic intuition judgment; linguistic intuition rating; naturalness judgment; naturalness rating; naïve rating; syntactic judgment,Walter De Gruyter (1993-2023)
John Hitz; Elaine J. Francis,2016,Linguistics,"On the usefulness of formal judgment tasks in syntax and in second-language research: The case of resumptive pronouns in English, Turkish, and Mandarin Chinese",https://doi.org/10.1515/ling-2016-0033,acceptability judgment; acceptability rating; grammaticality judgment; grammaticality rating; linguistic intuition judgment; linguistic intuition rating; sentence judgment; syntactic judgment,Walter De Gruyter (1993-2023)
Benjamin Munson; Kayleigh Ryherd; Sara Kemper,2017,Linguistics,Implicit and explicit gender priming in English lingual sibilant fricative perception,https://doi.org/10.1515/ling-2017-0021,Likert scale; acceptability judgment; acceptability rating; grammaticality judgment; grammaticality rating; naïve rating; ordinal rating(s); sentence judgment; syntactic judgment,Walter De Gruyter (1993-2023)
Anna Czypionka; Katharina Spalek; Isabell Wartenburger; Manfred Krifka,2017,Linguistics,On the interplay of object animacy and verb type during sentence comprehension in German: ERP evidence from the processing of transitive dative and accusative constructions,https://doi.org/10.1515/ling-2017-0031,acceptability judgment; acceptability rating; grammaticality judgment; grammaticality rating; linguistic intuition judgment; linguistic intuition rating; sentence judgment; syntactic judgment,Walter De Gruyter (1993-2023)
Alexander Letuchiy,2017,Linguistics,On tense and irrealis marking in triclausal constructions (and what distinguishes them from biclausal constructions),https://doi.org/10.1515/ling-2017-0034,acceptability judgment; grammaticality judgment; linguistic intuition judgment; sentence judgment; syntactic judgment,Walter De Gruyter (1993-2023)
Arthur Stepanov; Manca Mušič; Penka Stateva,2018,Linguistics,Two (non-) islands in Slovenian: A study in Experimental Syntax,https://doi.org/10.1515/ling-2018-0002,acceptability judgment; acceptability rating; grammaticality judgment; grammaticality rating; linguistic intuition judgment; linguistic intuition rating; magnitude estimation; naïve rating; sentence judgment; syntactic judgment,Walter De Gruyter (1993-2023)
Véronique Verhagen; Maria Mos; Joost Schilperoord; Ad Backus,2019,Linguistics,"Variation is information: Analyses of variation across items, participants, time, and methods in metalinguistic judgment data",https://doi.org/10.1515/ling-2018-0036,Likert scale; acceptability judgement; acceptability judgment; acceptability rating; grammaticality judgement; grammaticality judgment; grammaticality rating; magnitude estimation; meta-linguistic judgement; meta-linguistic judgment; meta-linguistic rating; ordinal rating(s); sentence judgement; sentence judgment; syntactic judgement; syntactic judgment,Walter De Gruyter (1993-2023)
Ermenegildo Bidese; Andrea Padovan; Claudia Turolla,2019,Linguistics,Adjective orders in Cimbrian DPs,https://doi.org/10.1515/ling-2019-0004,grammaticality judgment; sentence judgment; syntactic judgment,Walter De Gruyter (1993-2023)
Tuomas Huumo,2019,Linguistics,Why Monday is not in front of Tuesday: On the uses of English and Finnish front adpositions in sequence metaphors of time,https://doi.org/10.1515/ling-2019-0010,Likert scale; acceptability rating; grammaticality rating; linguistic intuition rating,Walter De Gruyter (1993-2023)
Jim Wood,2019,Linguistics,Quantifying geographical variation in acceptability judgments in regional American English dialect syntax,https://doi.org/10.1515/ling-2019-0031,Likert scale; acceptability judgment; acceptability rating; grammaticality judgment; grammaticality rating; sentence judgment; syntactic judgment,Walter De Gruyter (1993-2023)
Petra Sleeman; Tabea Ihsane,2020,Linguistics,"Convergence and divergence in the expression of partitivity in French, Dutch, and German",https://doi.org/10.1515/ling-2020-0090,acceptability judgment; grammaticality judgment; linguistic intuition judgment; sentence judgment; syntactic judgment,Walter De Gruyter (1993-2023)
Beatrice Primus; Franziska Kretzschmar; Klaus Von Heusinger; Nikolaus P. Himmelmann,2020,Linguistics,Relating agent prominence to discourse prominence: DO-clefts in German,https://doi.org/10.1515/ling-2020-0276,acceptability judgment; acceptability rating; intuitive judgment; naïve rating; ordinal rating(s); sentence judgment; syntactic judgment,Walter De Gruyter (1993-2023)
Claudia Pañeda; Dave Kush,2021,Linguistics,Spanish embedded question island effects revisited: an experimental study,https://doi.org/10.1515/ling-2020-0110,Likert scale; acceptability judgment; acceptability rating; grammaticality judgment; grammaticality rating; sentence judgment; syntactic judgment,Walter De Gruyter (1993-2023)
Joanna Nykiel; Jong-Bok Kim,2021,Linguistics,On the grammaticality of morphosyntactically reduced remnants in Polish sluicing,https://doi.org/10.1515/ling-2021-0071,acceptability judgment; acceptability rating; grammaticality judgment; grammaticality rating; sentence judgment; syntactic judgment,Walter De Gruyter (1993-2023)
Gert-Jan Schoenmakers,2021,Linguistics,"Linguistic judgments in 3D: the aesthetic quality, linguistic acceptability, and surface probability of stigmatized and non-stigmatized variation",https://doi.org/10.1515/ling-2021-0179,acceptability judgment; acceptability rating; grammaticality judgment; grammaticality rating; intuitive judgment; linguistic intuition judgment; linguistic intuition rating; naturalness judgment; naturalness rating; naïve rating; sentence judgment; syntactic judgment,Walter De Gruyter (1993-2023)
Elisa Mattiello; Wolfgang U. Dressler,2022,Linguistics,Dualism and superposition in the analysis of English synthetic compounds ending in -er,https://doi.org/10.1515/ling-2021-0235,acceptability rating,Walter De Gruyter (1993-2023)
Raffaella Zanuttini; Jim Wood; Jason Zentz; Laurence Horn,2018,Linguistics Vanguard,The Yale Grammatical Diversity Project: Morphosyntactic variation in North American English,https://doi.org/10.1515/lingvan-2016-0070,Likert scale; acceptability judgment; acceptability rating; grammaticality judgment; grammaticality rating; sentence judgment; syntactic judgment,Walter De Gruyter (20/06/2015-2023)
Dunia Catalina Mendez Vallejo,2019,Linguistics Vanguard,TP-internal focus and dialectal variation: the case of the Focalizing Ser,https://doi.org/10.1515/lingvan-2018-0001,Likert scale; acceptability judgment; acceptability rating; grammaticality judgment; grammaticality rating; sentence judgment; syntactic judgment,Walter De Gruyter (20/06/2015-2023)
Franziska Kretzschmar; Ingmar Brilmayer,2020,Linguistics Vanguard,Zooming in on agentivity: Experimental studies of DO-clefts in German,https://doi.org/10.1515/lingvan-2019-0069,Likert scale; acceptability judgement; acceptability rating; linguistic intuition judgement; linguistic intuition rating; naturalness judgement; naturalness rating; ordinal ratings; sentence judgement; syntactic judgement,Walter De Gruyter (20/06/2015-2023)
Nicole Holliday; Marie Tano,2021,Linguistics Vanguard,“It’s a Whole Vibe”: testing evaluations of grammatical and ungrammatical AAE on Twitter,https://doi.org/10.1515/lingvan-2020-0095,Likert scale; acceptability judgement; acceptability judgment; acceptability rating; grammaticality judgement; grammaticality judgment; grammaticality rating; naïve rating,Walter De Gruyter (20/06/2015-2023)
Boban Arsenijevic; Martina Gracanin-Yuksek,2016,Glossa,Agreement and the structure of relative clauses,https://doi.org/10.5334/gjgl.12,Likert scale; grammaticality judg(e)ment; sentence judg(e)ment; syntactic judg(e)ment,ProQuest (2016-2023)
Andrea Beltrama; Ming Xiang,2016,Glossa,Unacceptable but comprehensible: the facilitation effect of resumptive pronouns,https://doi.org/10.5334/gjgl.24,Likert scale; acceptability judg(e)ment; acceptability rating; grammaticality judg(e)ment; grammaticality rating; linguistic intuition judg(e)ment; linguistic intuition rating; magnitude estimation; naturalness judg(e)ment; naturalness rating; sentence judg(e)ment; syntactic judg(e)ment,ProQuest (2016-2023)
Katya Pertsova,2016,Glossa,Transderivational relations and paradigm gaps in Russian verbs,https://doi.org/10.5334/gjgl.59,Likert scale; acceptability judg(e)ment; acceptability rating; grammaticality judg(e)ment; grammaticality rating; linguistic intuition judg(e)ment; linguistic intuition rating; sentence judg(e)ment,ProQuest (2016-2023)
Klaus Von Heusinger; Jaklin Kornfilt,2017,Glossa,Partitivity and case marking in Turkish and related languages,https://doi.org/10.5334/gjgl.112,acceptability judg(e)ment; linguistic intuition judg(e)ment; sentence judg(e)ment; syntactic judg(e)ment,ProQuest (2016-2023)
Sasha Calhoun,2017,Glossa,"Exclusives, equatives and prosodic phrases in Samoan",https://doi.org/10.5334/gjgl.196,acceptability judg(e)ment; acceptability rating; grammaticality judg(e)ment; grammaticality rating; linguistic intuition judg(e)ment; linguistic intuition rating; magnitude estimation; naturalness judg(e)ment; naturalness rating; naïve rating; oridnal rating(s); sentence judg(e)ment; syntactic judg(e)ment,ProQuest (2016-2023)
Molly Diesing; Draga Zec,2017,Glossa,Getting in the first word: Prosody and predicate initial sentences in Serbian,https://doi.org/10.5334/gjgl.204,acceptability judg(e)ment; sentence judg(e)ment; syntactic judg(e)ment,ProQuest (2016-2023)
Gregory Scontras; Maria Polinsky; Zuzanna Fuchs,2018,Glossa,In support of representational economy: Agreement in heritage Spanish,https://doi.org/10.5334/gjgl.164,acceptability judg(e)ment; acceptability rating; grammaticality judg(e)ment; grammaticality rating; sentence judg(e)ment; syntactic judg(e)ment,ProQuest (2016-2023)
Emilia Ellsiepen; Markus Bader,2018,Glossa,Constraints on Argument Linearization in German,https://doi.org/10.5334/gjgl.258,Likert scale; acceptability judg(e)ment; acceptability rating; grammaticality judg(e)ment; grammaticality rating; linguistic intuition judg(e)ment; linguistic intuition rating; magnitude estimation; oridnal rating(s); sentence judg(e)ment; syntactic judg(e)ment,ProQuest (2016-2023)
Hitomi Hirayama,2018,Glossa,Revisiting a null pronominal account for parasitic gaps in Japanese,https://doi.org/10.5334/gjgl.522,acceptability judg(e)ment; acceptability rating; grammaticality judg(e)ment; grammaticality rating; linguistic intuition judg(e)ment; linguistic intuition rating; sentence judg(e)ment; syntactic judg(e)ment,ProQuest (2016-2023)
Dan Parker,2018,Glossa,A memory-based explanation of antecedent-ellipsis mismatches: New insights from computational modeling,https://doi.org/10.5334/gjgl.621,Likert scale; acceptability judg(e)ment; acceptability rating; grammaticality judg(e)ment; grammaticality rating; magnitude estimation; sentence judg(e)ment; syntactic judg(e)ment,ProQuest (2016-2023)
Tal Linzen; Yohei Oseki,2018,Glossa,The reliability of acceptability judgments across languages,https://doi.org/10.5334/gjgl.528,Likert scale; acceptability judg(e)ment; acceptability rating; grammaticality judg(e)ment; grammaticality rating; syntactic judg(e)ment,ProQuest (2016-2023)
Pilar Barbosa; Cécile De Cat,2019,Glossa,Intervention effects in wh-chains: the combined effect of syntax and processing,https://doi.org/10.5334/gjgl.1005,acceptability judg(e)ment; acceptability rating; grammaticality judg(e)ment; grammaticality rating; intuitive judg(e)ment; linguistic intuition judg(e)ment; linguistic intuition rating; oridnal rating(s); sentence judg(e)ment; syntactic judg(e)ment,ProQuest (2016-2023)
Luisa Martí; Tania Ionin,2019,Glossa,Wide scope indefinites in Russian: an experimental investigation,https://doi.org/10.5334/gjgl.612,Likert scale; acceptability judg(e)ment; acceptability rating; linguistic intuition judg(e)ment; linguistic intuition rating; oridnal rating(s); sentence judg(e)ment; syntactic judg(e)ment,ProQuest (2016-2023)
Ira Eberhardt; Sam Featherston,2019,Glossa,Focus particles and negative scope: Both evidence for syntactic integration?,https://doi.org/10.5334/gjgl.613,acceptability judg(e)ment; acceptability rating; grammaticality judg(e)ment; grammaticality rating; linguistic intuition judg(e)ment; linguistic intuition rating; naturalness judg(e)ment; naturalness rating; sentence judg(e)ment; syntactic judg(e)ment; thermometer rating(s),ProQuest (2016-2023)
Marie-Luise Popp; Sören Eggert Tebay,2019,Glossa,No possessor inversion in German PPs,https://doi.org/10.5334/gjgl.697,acceptability judg(e)ment; grammaticality judg(e)ment; sentence judg(e)ment; syntactic judg(e)ment,ProQuest (2016-2023)
Øystein Alexander Vangsnes; Janne Bondi Johannessen,2019,Glossa,"The Nordic research infrastructure for syntactic variation: Possibilities, limitations and achievements",https://doi.org/10.5334/gjgl.708,Likert scale; acceptability judg(e)ment; linguistic intuition judg(e)ment; sentence judg(e)ment; syntactic judg(e)ment,ProQuest (2016-2023)
Christos Vlachos; Nikoletta Christou; Kleanthes K Grohmann,2019,Glossa,On reconstruction effects in English wh-slifting: Theoretical and experimental considerations,https://doi.org/10.5334/gjgl.717,Likert scale; acceptability judg(e)ment; grammaticality judg(e)ment; intuitive judg(e)ment; naturalness judg(e)ment; sentence judg(e)ment; syntactic judg(e)ment,ProQuest (2016-2023)
Lyn Frazier; John Duff,2019,Glossa,Repair or accommodation? Split antecedent ellipsis and the limits of repair,https://doi.org/10.5334/gjgl.728,acceptability judg(e)ment; acceptability rating; linguistic intuition judg(e)ment; linguistic intuition rating; naturalness judg(e)ment; naturalness rating; oridnal rating(s); sentence judg(e)ment; syntactic judg(e)ment,ProQuest (2016-2023)
Stephanie Solt; Brandon Waldon,2019,Glossa,Numerals under negation: Empirical findings,https://doi.org/10.5334/gjgl.736,acceptability judg(e)ment; acceptability rating; linguistic intuition judg(e)ment; linguistic intuition rating; oridnal rating(s); sentence judg(e)ment; syntactic judg(e)ment,ProQuest (2016-2023)
David Y Oshima; Kimi Akita; Shin-Ichiro Sano,2019,Glossa,"Gradability, scale structure, and the division of labor between nouns and adjectives: The case of Japanese",https://doi.org/10.5334/gjgl.737,acceptability judg(e)ment; intuitive judg(e)ment; linguistic intuition judg(e)ment; syntactic judg(e)ment,ProQuest (2016-2023)
Till Poppels; Andrew Kehler,2019,Glossa,Reconsidering asymmetries in voice-mismatched VP-ellipsis,https://doi.org/10.5334/gjgl.738,Likert scale; acceptability judg(e)ment; acceptability rating; grammaticality judg(e)ment; grammaticality rating; sentence judg(e)ment; syntactic judg(e)ment,ProQuest (2016-2023)
Gustavo Guajardo; Grant Goodall,2019,Glossa,On the status of Concordantia Temporum in Spanish: An experimental approach,https://doi.org/10.5334/gjgl.749,acceptability judg(e)ment; acceptability rating; grammaticality judg(e)ment; grammaticality rating; magnitude estimation; sentence judg(e)ment,ProQuest (2016-2023)
Gabriela Bîlbîie; Israel De La Fuente,2019,Glossa,Can gapping be embedded? Experimental evidence from Spanish,https://doi.org/10.5334/gjgl.782,Likert scale; acceptability judg(e)ment; acceptability rating; grammaticality judg(e)ment; grammaticality rating; linguistic intuition judg(e)ment; linguistic intuition rating; sentence judg(e)ment; syntactic judg(e)ment,ProQuest (2016-2023)
Aoi Shiraïshi; Anne Abeillé; Barbara Hemforth; Philip Miller,2019,Glossa,Verbal mismatch in Right-Node Raising,https://doi.org/10.5334/gjgl.843,acceptability judg(e)ment; grammaticality judg(e)ment; sentence judg(e)ment; syntactic judg(e)ment,ProQuest (2016-2023)
Aaron Steven White; Kyle Rawlins,2020,Glossa,"Frequency, acceptability, and selection: A case study of clause-embedding",https://doi.org/10.5334/gjgl.1001,Likert scale; acceptability judg(e)ment; acceptability rating; grammaticality judg(e)ment; grammaticality rating; magnitude estimation; naturalness judg(e)ment; naturalness rating; naïve rating; oridnal rating(s); sentence judg(e)ment; syntactic judg(e)ment; thermometer rating(s),ProQuest (2016-2023)
Keir Moulton; Chung-Hye Han; Trevor Block; Holly Gendron; Sander Nederveen,2020,Glossa,Singular <em>they </em>in context,https://doi.org/10.5334/gjgl.1012,acceptability judg(e)ment; acceptability rating; linguistic intuition judg(e)ment; linguistic intuition rating; naturalness judg(e)ment; naturalness rating; sentence judg(e)ment; syntactic judg(e)ment,ProQuest (2016-2023)
Catherine Pham; Lauren Covey; Alison Gabriele; Saad Aldosari; Robert Fiorentino,2020,Glossa,Investigating the relationship between individual differences and island sensitivity,https://doi.org/10.5334/gjgl.1199,acceptability judg(e)ment; acceptability rating; grammaticality judg(e)ment; grammaticality rating; magnitude estimation; sentence judg(e)ment; syntactic judg(e)ment,ProQuest (2016-2023)
Brian W Smith; Joe Pater,2020,Glossa,French schwa and gradient cumulativity,https://doi.org/10.5334/gjgl.583,acceptability judg(e)ment; acceptability rating; linguistic intuition judg(e)ment; linguistic intuition rating; oridnal rating(s),ProQuest (2016-2023)
Judith Tonhauser; Marie-Catherine De Marneffe; Judith Degen,2020,Glossa,Evaluative adjective sentences: A question-based analysis of projection,https://doi.org/10.5334/gjgl.701,Likert scale; acceptability judg(e)ment; acceptability rating; linguistic intuition judg(e)ment; linguistic intuition rating; oridnal rating(s); sentence judg(e)ment,ProQuest (2016-2023)
Yara Alshaalan; Klaus Abels,2020,Glossa,Resumption as a sluicing source in Saudi Arabic: Evidence from sluicing with prepositional phrases,https://doi.org/10.5334/gjgl.841,acceptability judg(e)ment; acceptability rating; grammaticality judg(e)ment; grammaticality rating; linguistic intuition judg(e)ment; linguistic intuition rating; sentence judg(e)ment; syntactic judg(e)ment,ProQuest (2016-2023)
Paola Fritz-Huechante; Elisabeth Verhoeven; Julian A Rott,2020,Glossa,Agentivity and non-culminating causation in the psych domain: Cross-linguistic evidence from Spanish and Korean,https://doi.org/10.5334/gjgl.896,Likert scale; acceptability judg(e)ment; acceptability rating; linguistic intuition judg(e)ment; linguistic intuition rating; sentence judg(e)ment; syntactic judg(e)ment,ProQuest (2016-2023)
E Jamieson,2020,Glossa,Viewing dialect change through acceptability judgments: A case study in Shetland dialect,https://doi.org/10.5334/gjgl.979,Likert scale; acceptability judg(e)ment; acceptability rating; grammaticality judg(e)ment; grammaticality rating; magnitude estimation; meta-linguistic judg(e)ment; meta-linguistic rating; oridnal rating(s); sentence judg(e)ment; syntactic judg(e)ment,ProQuest (2016-2023)
Paul Marty; Emmanuel Chemla; Jon Sprouse,2020,Glossa,The effect of three basic task features on the sensitivity of acceptability judgment tasks,https://doi.org/10.5334/gjgl.980,acceptability judg(e)ment;,ProQuest (2016-2023)
Aviya Hacohen; Olga Kagan; Dana Plaut,2021,Glossa,Differential Object Marking in Modern Hebrew: Definiteness and Partitivity,https://doi.org/10.16995/glossa.5729,Likert scale; acceptability judg(e)ment; acceptability rating; intuitive judg(e)ment; linguistic intuition judg(e)ment; linguistic intuition rating; sentence judg(e)ment; syntactic judg(e)ment,ProQuest (2016-2023)
Gouming Martens,2021,Glossa,Frozen by context: Pragmatic factors of syntactic freezing,https://doi.org/10.16995/glossa.5870,acceptability judg(e)ment; acceptability rating; grammaticality judg(e)ment; grammaticality rating; linguistic intuition judg(e)ment; linguistic intuition rating; naïve rating; sentence judg(e)ment; syntactic judg(e)ment,ProQuest (2016-2023)
Fereshteh Modarresi; Manfred Krifka,2021,Glossa,Pseudo Incorporation and Anaphoricity: Evidence from Persian,https://doi.org/10.16995/glossa.5875,Likert scale; acceptability judg(e)ment; acceptability rating; grammaticality judg(e)ment; grammaticality rating; linguistic intuition judg(e)ment; linguistic intuition rating; sentence judg(e)ment; syntactic judg(e)ment,ProQuest (2016-2023)
Jakub Dotlačil; Adrian Brasoveanu,2021,Glossa,The representation and processing of distributivity and collectivity: ambiguity vs. underspecification,https://doi.org/10.5334/gjgl.1131,Likert scale; acceptability judg(e)ment; sentence judg(e)ment; syntactic judg(e)ment,ProQuest (2016-2023)
Philipp Rauth; Augustin Speyer,2021,Glossa,Adverbial reinforcement of demonstratives in dialectal German,https://doi.org/10.5334/gjgl.1166,acceptability judg(e)ment; acceptability rating; sentence judg(e)ment; syntactic judg(e)ment,ProQuest (2016-2023)
Anna Czypionka; Maribel Romero; Josef Bayer,2021,Glossa,"Question-sensitive discourse particles at the interfaces of syntax, semantics and pragmatics – an experimental approach",https://doi.org/10.5334/gjgl.1203,acceptability rating; grammaticality rating; linguistic intuition rating; magnitude estimation,ProQuest (2016-2023)
Ingo Feldhausen; Sebastian Buchczyk,2021,Glossa,Revisiting subjunctive obviation in French: a formal acceptability judgment study,https://doi.org/10.5334/gjgl.1219,Likert scale; acceptability judg(e)ment; acceptability rating; grammaticality judg(e)ment; grammaticality rating; intuitive judg(e)ment; linguistic intuition judg(e)ment; linguistic intuition rating; naïve rating; sentence judg(e)ment; syntactic judg(e)ment,ProQuest (2016-2023)
David Giancaspro; Liliana Sánchez,2021,Glossa,"<em>Me, mi, my</em>: Innovation and variability in heritage speakers’ knowledge of inalienable possession",https://doi.org/10.5334/gjgl.1240,acceptability judg(e)ment; acceptability rating; grammaticality judg(e)ment; grammaticality rating; linguistic intuition judg(e)ment; linguistic intuition rating; naturalness judg(e)ment; naturalness rating; oridnal rating(s); sentence judg(e)ment; syntactic judg(e)ment,ProQuest (2016-2023)
Nick Huang; Colin Phillips,2021,Glossa,When missing NPs make double center-embedding sentences acceptable,https://doi.org/10.5334/gjgl.1292,Likert scale; acceptability judg(e)ment; acceptability rating; grammaticality judg(e)ment; grammaticality rating; linguistic intuition judg(e)ment; linguistic intuition rating; oridnal rating(s); sentence judg(e)ment; syntactic judg(e)ment,ProQuest (2016-2023)
Jorge González Alonso; Ian Cunnings; Hiroki Fujita; David Miller; Jason Rothman,2021,Glossa,Gender attraction in sentence comprehension,https://doi.org/10.5334/gjgl.1300,Likert scale; acceptability judg(e)ment; acceptability rating; grammaticality judg(e)ment; grammaticality rating; naturalness judg(e)ment; naturalness rating; sentence judg(e)ment; syntactic judg(e)ment,ProQuest (2016-2023)
Bradley Hoot; Shane Ebert,2021,Glossa,On the position of subjects in Spanish: Evidence from code-switching,https://doi.org/10.5334/gjgl.1449,acceptability judg(e)ment; acceptability rating; grammaticality judg(e)ment; grammaticality rating; naturalness judg(e)ment; naturalness rating; sentence judg(e)ment; syntactic judg(e)ment,ProQuest (2016-2023)
Franziska Kretzschmar; Maria Katarzyna Prenner; Beatrice Primus; Daniel Bunčić,2022,Glossa,Semantic-role prominence is contingent on referent prominence in discourse: Experimental evidence from impersonals and passives in Polish,https://doi.org/10.16995/glossa.5697,Likert scale; acceptability judg(e)ment; acceptability rating; grammaticality judg(e)ment; grammaticality rating; naturalness judg(e)ment; naturalness rating; oridnal rating(s); sentence judg(e)ment; syntactic judg(e)ment,ProQuest (2016-2023)
Stefan Hinterwimmer; Umesh Patil,2022,Glossa,The interpretative options of anaphoric complex demonstratives,https://doi.org/10.16995/glossa.5700,Likert scale; acceptability judg(e)ment; acceptability rating; linguistic intuition judg(e)ment; linguistic intuition rating; oridnal rating(s); sentence judg(e)ment; syntactic judg(e)ment,ProQuest (2016-2023)
Halima Husić; Agata Renans,2022,Glossa,The accusative/genitive alternation in Bosnian/Croatian/Serbian,https://doi.org/10.16995/glossa.5701,acceptability judg(e)ment; acceptability rating; intuitive judg(e)ment; sentence judg(e)ment,ProQuest (2016-2023)
Shin Fukuda; Nozomi Tanaka; Hajime Ono; Jon Sprouse,2022,Glossa,An experimental reassessment of complex NP islands with NP-scrambling in Japanese,https://doi.org/10.16995/glossa.5737,acceptability judg(e)ment; acceptability rating; grammaticality judg(e)ment; grammaticality rating; linguistic intuition judg(e)ment; linguistic intuition rating; sentence judg(e)ment; syntactic judg(e)ment,ProQuest (2016-2023)
Elsi Kaiser,2022,Glossa,Do perspective-sensitive anaphors and subjective adjectives exhibit perspectival uniformity? An experimental investigation,https://doi.org/10.16995/glossa.5768,acceptability judg(e)ment; acceptability rating; linguistic intuition judg(e)ment; linguistic intuition rating; naïve rating; sentence judg(e)ment; syntactic judg(e)ment,ProQuest (2016-2023)
Dorothy Ahn; Heejeong Ko,2022,Glossa,On non-conservativity of Korean floating quantifiers,https://doi.org/10.16995/glossa.5776,Likert scale; acceptability judg(e)ment; acceptability rating; grammaticality judg(e)ment; grammaticality rating; naturalness judg(e)ment; naturalness rating; sentence judg(e)ment; syntactic judg(e)ment,ProQuest (2016-2023)
Kurt Erbach; Aviv Schoenfeld,2022,Glossa,Object mass nouns and subkind countability,https://doi.org/10.16995/glossa.5788,Likert scale; acceptability judg(e)ment; acceptability rating; grammaticality judg(e)ment; grammaticality rating; naturalness judg(e)ment; naturalness rating; sentence judg(e)ment,ProQuest (2016-2023)
Daniel Duncan,2022,Glossa,High aspect in the English be going to construction: Syntactic evidence,https://doi.org/10.16995/glossa.5850,acceptability judg(e)ment; acceptability rating; grammaticality judg(e)ment; grammaticality rating; sentence judg(e)ment; syntactic judg(e)ment,ProQuest (2016-2023)
Boyoung Kim; Grant Goodall,2022,Glossa,The island/non-island distinction in long-distance extraction: Evidence from L2 acceptability,https://doi.org/10.16995/glossa.5857,acceptability judg(e)ment; acceptability rating; grammaticality judg(e)ment; grammaticality rating; sentence judg(e)ment; syntactic judg(e)ment,ProQuest (2016-2023)
Chris Collins,2022,Glossa,Scalar Modifiers of Quantifier Phrases,https://doi.org/10.16995/glossa.6162,acceptability judg(e)ment; acceptability rating; sentence judg(e)ment; syntactic judg(e)ment,ProQuest (2016-2023)
Danfeng Wu,2022,Glossa,Island violations in stripping constructions,https://doi.org/10.16995/glossa.7895,sentence judg(e)ment; syntactic judg(e)ment,ProQuest (2016-2023)
Saveria Colonna; Brenda Laca; Leticia López; Eduardo Correa Soares,2022,Glossa,When the present lies in the past: [Present under Past] in subjunctive clauses in Uruguayan Spanish,https://doi.org/10.16995/glossa.7904,Likert scale; acceptability judg(e)ment; acceptability rating; sentence judg(e)ment; syntactic judg(e)ment,ProQuest (2016-2023)
Giuseppe Magistro,2022,Glossa,Mica preposing as focus fronting,https://doi.org/10.16995/glossa.8494,Likert scale; acceptability judg(e)ment; acceptability rating; linguistic intuition judg(e)ment; linguistic intuition rating; oridnal rating(s); sentence judg(e)ment; syntactic judg(e)ment,ProQuest (2016-2023)
Yosiane White; Gareth Roberts,2022,Glossa,Variability in speaker expectations of morphosyntactic mutation in Welsh,https://doi.org/10.16995/glossa.8730,Likert scale; acceptability judg(e)ment; acceptability rating; meta-linguistic judg(e)ment; meta-linguistic rating; naturalness judg(e)ment; naturalness rating; sentence judg(e)ment; syntactic judg(e)ment,ProQuest (2016-2023)
Berit Gehrke; Marcin Wagiel,2023,Glossa,On word order and non-conservative percentage quantification in Slavic and German,https://doi.org/10.16995/glossa.5803,acceptability judg(e)ment; intuitive judg(e)ment; linguistic intuition judg(e)ment; sentence judg(e)ment; syntactic judg(e)ment,ProQuest (2016-2023)
Zheng Shen,2023,Glossa,Conjunction Agreement and the Coordinate Structure Constraint,https://doi.org/10.16995/glossa.6382,acceptability judg(e)ment; acceptability rating; sentence judg(e)ment; syntactic judg(e)ment,ProQuest (2016-2023)
Deniz Satık,2023,Glossa,The source of the de re blocking effect,https://doi.org/10.16995/glossa.6549,Likert scale; acceptability judg(e)ment ; naturalness judg(e)ment; sentence judg(e)ment; syntactic judg(e)ment,ProQuest (2016-2023)
Valentina Colasanti,2023,Glossa,Functional gestures as morphemes: Some evidence from the languages of Southern Italy,https://doi.org/10.16995/glossa.743,Likert scale; acceptability judg(e)ment; acceptability rating; grammaticality judg(e)ment; grammaticality rating; linguistic intuition judg(e)ment; linguistic intuition rating; naturalness judg(e)ment; naturalness rating; oridnal rating(s); sentence judg(e)ment; syntactic judg(e)ment,ProQuest (2016-2023)
Marta Wierzba; J M M Brown; Gisbert Fanselow,2023,Glossa,Sources of variability in the syntactic flexibility of idioms,https://doi.org/10.16995/glossa.8502,acceptability judg(e)ment; acceptability rating; intuitive judg(e)ment; oridnal rating(s); sentence judg(e)ment; syntactic judg(e)ment,ProQuest (2016-2023)
Anke Himmelreich; Katharina Hartmann,2023,Glossa,Agreement with disjoined subjects in German,https://doi.org/10.16995/glossa.8504,Likert scale; acceptability judg(e)ment; acceptability rating; grammaticality judg(e)ment; grammaticality rating; intuitive judg(e)ment; naïve rating; oridnal rating(s); sentence judg(e)ment; syntactic judg(e)ment,ProQuest (2016-2023)
Larissa Specht; Britta Stolterfoht,2023,Glossa,Processing word order variations with frame and sentence adjuncts in German: Syntactic and information-structural constraints,https://doi.org/10.16995/glossa.8514,Likert scale; acceptability judg(e)ment; acceptability rating; naïve rating; sentence judg(e)ment; syntactic judg(e)ment,ProQuest (2016-2023)
Luis Alonso-Ovalle; Elizabeth Heredia Murillo,2023,Glossa,Concessive scalar particles: Symmetric vs. nonsymmetric alternatives. The case of Spanish siquiera,https://doi.org/10.16995/glossa.8574,acceptability judg(e)ment; grammaticality judg(e)ment; linguistic intuition judg(e)ment; sentence judg(e)ment; syntactic judg(e)ment,ProQuest (2016-2023)
Yvonne Portele; Markus Bader,2023,Glossa,Strong semantic biases make demonstrative pronouns act like personal pronouns,https://doi.org/10.16995/glossa.8832,acceptability judg(e)ment; acceptability rating; naïve rating; oridnal rating(s); sentence judg(e)ment; syntactic judg(e)ment,ProQuest (2016-2023)
Ingrid Bondevik; Terje Lohndal,2023,Glossa,Extraction from finite adjunct clauses: an investigation of relative clause dependencies in Norwegian,https://doi.org/10.16995/glossa.9033,Likert scale; acceptability judg(e)ment; acceptability rating; grammaticality judg(e)ment; grammaticality rating; oridnal rating(s); sentence judg(e)ment; syntactic judg(e)ment,ProQuest (2016-2023)
Satoshi Nambu; Kentaro Nakatani,2023,Glossa,An experimental study of the adjacency constraint on the genitive subject in Japanese,https://doi.org/10.16995/glossa.9509,Likert scale; acceptability judg(e)ment; acceptability rating; grammaticality judg(e)ment; grammaticality rating; naturalness judg(e)ment; naturalness rating; sentence judg(e)ment; syntactic judg(e)ment,ProQuest (2016-2023)
Umesh Patil; Stefan Hinterwimmer; Petra B Schumacher,2023,Glossa,Effect of evaluative expressions on two types of demonstrative pronouns in German,https://doi.org/10.16995/glossa.9577,Likert scale; acceptability judg(e)ment; acceptability rating; linguistic intuition judg(e)ment; linguistic intuition rating; oridnal rating(s); sentence judg(e)ment,ProQuest (2016-2023)
Natasha Kasher; Aviya Hacohen,2023,Glossa,A star is drawn: Testing the culmination inferences of Russian perfective accomplishments,https://doi.org/10.16995/glossa.9680,Likert scale; acceptability judg(e)ment; acceptability rating; grammaticality judg(e)ment; grammaticality rating; sentence judg(e)ment,ProQuest (2016-2023)
Emilie Destruel,2017,JoPragmatics,The pragmatics of French (non-)prototypical clefts: Influence of the type of question on naturalness and interpretation,https://doi.org/10.1016/j.pragma.2017.08.014,JoPragmatics-likert scale1-ScienceDirect.bib; grammaticality judgment; naturalness rating,ScienceDirect
Frances Blanchette; Marianna Nadeu,2018,JoPragmatics,Prosody and the meanings of English negative indefinites,https://doi.org/10.1016/j.pragma.2018.03.020,JoPragmatics-likert scale1-ScienceDirect.bib; acceptability judgment; grammaticality judgment; naturalness rating,ScienceDirect
Mathis Wetzel; Ekaterina Tskhovrebova; Pascal M. Gygax; Sandrine Zufferey,2023,JoPragmatics,Pragmatic and syntactic constraints on French causal connectives: An evaluation of native and non-native speakers’ sensitivity,https://doi.org/10.1016/j.pragma.2023.03.001,grammaticality judgment,ScienceDirect
Naomi Kamoen; Bregje Holleman; Rick Nouwen; Ted Sanders; Huub {Van Den Bergh},2011,JoPragmatics,Absolutely relative or relatively absolute? The linguistic behavior of gradable adjectives and degree modifiers,https://doi.org/10.1016/j.pragma.2011.05.017,acceptability judgment; acceptability rating; grammaticality judgment,ScienceDirect
Lyn Frazier; Charles Clifton Jr.,2005,Syntax,The syntax-discourse divide: processing ellipsis,https://doi.org/10.1111/j.1467-9612.2005.00077.x,acceptability judgment; acceptability rating; grammaticality judgment; grammaticality rating; intuitive judgment; linguistic intuition judgment; linguistic intuition rating; naturalness judgment; naturalness rating; sentence judgment; syntactic judgment,Wiley
Sachiko Aoshima; Masaya Yoshida; Colin Phillips,2009,Syntax,Incremental Processing of Coreference and Binding in Japanese,https://doi.org/10.1111/j.1467-9612.2009.00123.x,acceptability judgment; acceptability rating; grammaticality judgment; grammaticality rating; intuitive judgment; linguistic intuition judgment; linguistic intuition rating; naturalness judgment; naturalness rating; sentence judgment; syntactic judgment,Wiley
Evelina Fedorenko; Edward Gibson,2010,Syntax,Adding a Third Wh-phrase Does Not Increase the Acceptability of Object-initial Multiple-wh-questions,https://doi.org/10.1111/j.1467-9612.2010.00138.x,acceptability judgment; acceptability rating; grammaticality judgment; grammaticality rating; intuitive judgment; linguistic intuition judgment; linguistic intuition rating; naive rating; naturalness judgment; naturalness rating; sentence judgment; syntactic judgment,Wiley
Charles E. Clifton. Jr.; Lyn Frazier,2010,Syntax,Imperfect Ellipsis: Antecedents beyond Syntax?,https://doi.org/10.1111/j.1467-9612.2010.00142.x,acceptability judgment; acceptability rating; grammaticality judgment; grammaticality rating; intuitive judgment; linguistic intuition judgment; linguistic intuition rating; naturalness judgment; naturalness rating; sentence judgment; syntactic judgment,Wiley
Line Mikkelsen,2011,Syntax,On Prosody and Focus in Object Shift,https://doi.org/10.1111/j.1467-9612.2011.00152.x,grammaticality judgment; grammaticality rating; intuitive judgment; linguistic intuition judgment; linguistic intuition rating; naive rating; sentence judgment; syntactic judgment,Wiley(1)
Jon Sprouse; Shin Fukuda; Hajime Ono; Robert Kluender,2011,Syntax,Reverse Island Effects and the Backward Search for a Licensor in Multiple Wh-Questions,https://doi.org/10.1111/j.1467-9612.2011.00153.x,acceptability judgment; acceptability rating; grammaticality judgment; grammaticality rating; magnitude estimation; naturalness judgment; naturalness rating; sentence judgment; syntactic judgment,Wiley
Grant Goodall,2011,Syntax,Syntactic Satiation and the Inversion Effect in English and Spanish Wh-Questions,https://doi.org/10.1111/j.1467-9612.2010.00148.x,acceptability judgment; grammaticality judgment; intuitive judgment; sentence judgment; syntactic judgment,Wiley
Philip Hofmeister; Peter Culicover; Susanne Winkler,2015,Syntax,Effects of Processing on the Acceptability of “Frozen” Extraposed Constituents,https://doi.org/10.1111/synt.12036,acceptability judgment; acceptability rating; grammaticality judgment; grammaticality rating; intuitive judgment; linguistic intuition judgment; linguistic intuition rating; magnitude estimation; naturalness judgment; naturalness rating; sentence judgment; syntactic judgment,Wiley
Jana Häussler; Margaret Grant; Gisbert Fanselow; Lyn Frazier,2015,Syntax,Superiority in English and German: Cross-Language Grammatical Differences?,https://doi.org/10.1111/synt.12030,acceptability judgment; acceptability rating; grammaticality judgment; grammaticality rating; linguistic intuition judgment; linguistic intuition rating; naturalness judgment; naturalness rating; sentence judgment; syntactic judgment,Wiley
Tania Ionin; Elaine Grolla; Hélade Santos,2018,Syntax,Another Look at the Acceptability of Bare Singular NPs in Episodic Sentences in Brazilian Portuguese,https://doi.org/10.1111/synt.12163,acceptability judgment; acceptability rating; grammaticality judgment; grammaticality rating; intuitive judgment; likert scale; linguistic intuition rating; sentence judgment; syntactic judgment,Wiley
Lyn Frazier; Charles Clifton Jr.; Stephanie Rich; John Duff,2018,Syntax,Anticipating Negation: The Dos and Don'ts of Neg Raising,https://doi.org/10.1111/synt.12151,acceptability judgment; acceptability rating; grammaticality judgment; grammaticality rating; intuitive judgment; linguistic intuition judgment; linguistic intuition rating; naive rating; naturalness judgment; naturalness rating; sentence judgment; syntactic judgment,Wiley
Mara Frascarelli; Ángel L. Jiménez-Fernández,2019,Syntax,Understanding Partiality in pro-Drop Languages: An Information-Structure Approach,https://doi.org/10.1111/synt.12184,acceptability judgment; acceptability rating; grammaticality judgment; grammaticality rating; sentence judgment; syntactic judgment,Wiley
Ur Shlonsky; Sandra Villata; Julie Franck,2020,Syntax,Covert Movement in Multiple-Wh Questions: Experimental and Theoretical Investigations,https://doi.org/10.1111/synt.12192,acceptability judgment; acceptability rating; grammaticality judgment; grammaticality rating; likert scale; naive rating; ordinal rating; sentence judgment; syntactic judgment,Wiley
Ingrid Konrad; Massimo Burattin; Carlo Cecchetto; Francesca Foppolo; Adrian Staub; Caterina Donati,2021,Syntax,Avoiding Gaps in Romance: Evidence from Italian and French for a Structural Parsing Principle,https://doi.org/10.1111/synt.12209,acceptability judgment; acceptability rating; grammaticality judgment; grammaticality rating; likert scale; linguistic intuition judgment; linguistic intuition rating; naturalness judgment; naturalness rating; ordinal rating; sentence judgment; syntactic judgment,Wiley
Rania Al-Aqarbeh; Jon Sprouse,2023,Syntax,Island effects and amelioration by resumption in Jordanian Arabic: An auditory acceptability-judgment study,https://doi.org/10.1111/synt.12262,acceptability judgment; acceptability rating; grammaticality judgment; grammaticality rating; magnitude estimation; naturalness judgment; naturalness rating; sentence judgment; syntactic judgment,Wiley
Jérémy Pasquereau; Brian Dillon; Lyn Frazier,2023,Syntax,Quantification at a distance and grammatical illusions in French,https://doi.org/10.1111/synt.12260,acceptability judgment; acceptability rating; grammaticality judgment; grammaticality rating; likert scale; magnitude estimation; naturalness judgment; naturalness rating; ordinal rating; sentence judgment; syntactic judgment,Wiley
Shannon A. Dubenion-Smith,2013,Folia Linguistica,A Questionnaire Study Of Two-verb Clusters In West Central German,https://doi.org/10.1515/flin.2013.002,acceptability judgment; grammaticality judgment; meta-linguistic judgment; sentence judgment; syntactic judgment,De Gruyter
Jane Klavan; Dagmar Divjak,2016,Folia Linguistica,The Cognitive Plausibility Of Statistical Classification Models: Comparing Textual And Behavioral Evidence,https://doi.org/10.1515/flin-2016-0014,acceptability judgment; acceptability rating; meta-linguistic judgment; meta-linguistic rating; naturalness judgment; naturalness rating; sentence judgment; syntactic judgment,De Gruyter
Holden Härtl; Tatjana Bürger,2021,Folia Linguistica,"‘well, That’s Just Great!’: An Empirically Based Analysis Of Non-literal And Attitudinal Content Of Ironic Utterances",https://doi.org/10.1515/flin-2021-2020,acceptability rating; likert scale; meta-linguistic rating,De Gruyter
Núria De Rocafiguera; Aurora Bel,2021,Folia Linguistica,On The Impact Of Clause Order On Pronoun Resolution: Evidence From Spanish,https://doi.org/10.1515/flin-2021-2002,acceptability judgment; acceptability rating; grammaticality judgment; grammaticality rating; intuitive judgment; likert scale; naturalness judgment; naturalness rating; sentence judgment; syntactic judgment; naïve rating; ordinal rating,De Gruyter
